-- phpMyAdmin SQL Dump
-- version 2.9.1.1
-- http://www.phpmyadmin.net
-- 
-- Host: db.berlios.de
-- Erstellungszeit: 15. Dezember 2006 um 21:22
-- Server Version: 4.1.21
-- PHP-Version: 4.4.4
-- 
-- Datenbank: `argonautsvn`
-- 

-- --------------------------------------------------------

-- 
-- Tabellenstruktur f端r Tabelle `access`
-- 

CREATE TABLE `access` (
  `aid` tinyint(10) NOT NULL auto_increment,
  `mask` varchar(255) NOT NULL default '',
  `type` varchar(255) NOT NULL default '',
  `status` tinyint(2) NOT NULL default '0',
  PRIMARY KEY  (`aid`)
) ENGINE=InnoDB DEFAULT CHARSET=utf8 AUTO_INCREMENT=1 ;

-- 
-- Daten f端r Tabelle `access`
-- 


-- --------------------------------------------------------

-- 
-- Tabellenstruktur f端r Tabelle `accesslog`
-- 

CREATE TABLE `accesslog` (
  `aid` int(10) NOT NULL auto_increment,
  `sid` varchar(32) NOT NULL default '',
  `title` varchar(255) default NULL,
  `path` varchar(255) default NULL,
  `url` varchar(255) default NULL,
  `hostname` varchar(128) default NULL,
  `uid` int(10) unsigned default '0',
  `timer` int(10) unsigned NOT NULL default '0',
  `timestamp` int(11) unsigned NOT NULL default '0',
  PRIMARY KEY  (`aid`),
  KEY `accesslog_timestamp` (`timestamp`)
) ENGINE=InnoDB DEFAULT CHARSET=utf8 AUTO_INCREMENT=577 ;

-- 
-- Daten f端r Tabelle `accesslog`
-- 

INSERT INTO `accesslog` (`aid`, `sid`, `title`, `path`, `url`, `hostname`, `uid`, `timer`, `timestamp`) VALUES 
(1, '4efdbc84eccf57bf78228416e9316c41', 'statistics', 'admin/settings/statistics', 'http://argonautsvn.berlios.de/admin/settings/statistics', '62.214.235.105', 1, 1826, 1164664884),
(2, '4efdbc84eccf57bf78228416e9316c41', 'statistics', 'admin/settings/statistics', 'http://argonautsvn.berlios.de/admin/settings/statistics', '62.214.235.105', 1, 796, 1164664885),
(3, '4efdbc84eccf57bf78228416e9316c41', 'statistics', 'admin/settings/statistics', 'http://argonautsvn.berlios.de/admin/settings/statistics', '62.214.235.105', 1, 950, 1164664901),
(4, '4efdbc84eccf57bf78228416e9316c41', 'statistics', 'admin/settings/statistics', 'http://argonautsvn.berlios.de/admin/settings/statistics', '62.214.235.105', 1, 558, 1164664901),
(5, '4efdbc84eccf57bf78228416e9316c41', 'statistics', 'admin/settings/statistics', 'http://argonautsvn.berlios.de/admin/settings/statistics', '62.214.235.105', 1, 685, 1164664995),
(6, '4efdbc84eccf57bf78228416e9316c41', 'statistics', 'admin/settings/statistics', 'http://argonautsvn.berlios.de/admin/settings/statistics', '62.214.235.105', 1, 513, 1164664995),
(7, '4efdbc84eccf57bf78228416e9316c41', 'posts', 'admin/settings/node', 'http://argonautsvn.berlios.de/admin/settings/statistics', '62.214.235.105', 1, 493, 1164664999),
(8, '4efdbc84eccf57bf78228416e9316c41', 'menus', 'admin/settings/menu', 'http://argonautsvn.berlios.de/admin/settings/node', '62.214.235.105', 1, 669, 1164665012),
(9, '4efdbc84eccf57bf78228416e9316c41', 'users', 'admin/settings/user', 'http://argonautsvn.berlios.de/admin/settings/menu', '62.214.235.105', 1, 1058, 1164665019),
(10, '4efdbc84eccf57bf78228416e9316c41', 'content types', 'admin/settings/content-types', 'http://argonautsvn.berlios.de/admin/settings/user', '62.214.235.105', 1, 1009, 1164665060),
(11, '4efdbc84eccf57bf78228416e9316c41', 'logs', 'admin/logs', 'http://argonautsvn.berlios.de/admin/settings/content-types', '62.214.235.105', 1, 2301, 1164665071),
(12, '4efdbc84eccf57bf78228416e9316c41', 'Top referrers in the past 4 weeks', 'admin/logs/referrers', 'http://argonautsvn.berlios.de/admin/logs', '62.214.235.105', 1, 1000, 1164665077),
(13, '4efdbc84eccf57bf78228416e9316c41', 'Top pages in the past 4 weeks', 'admin/logs/pages', 'http://argonautsvn.berlios.de/admin/logs/referrers', '62.214.235.105', 1, 411, 1164665079),
(14, '4efdbc84eccf57bf78228416e9316c41', 'Top visitors in the past 4 weeks', 'admin/logs/visitors', 'http://argonautsvn.berlios.de/admin/logs/pages', '62.214.235.105', 1, 384, 1164665090),
(15, '4efdbc84eccf57bf78228416e9316c41', 'recent hits', 'admin/logs/hits', 'http://argonautsvn.berlios.de/admin/logs/visitors', '62.214.235.105', 1, 1352, 1164665096),
(16, '4efdbc84eccf57bf78228416e9316c41', 'logs', 'admin/logs', 'http://argonautsvn.berlios.de/admin/logs/hits', '62.214.235.105', 1, 1492, 1164665102),
(17, '4efdbc84eccf57bf78228416e9316c41', 'categories', 'admin/taxonomy', 'http://argonautsvn.berlios.de/admin/logs', '62.214.235.105', 1, 1539, 1164665111),
(18, '4efdbc84eccf57bf78228416e9316c41', 'categories', 'admin/taxonomy/add/vocabulary', 'http://argonautsvn.berlios.de/admin/taxonomy', '62.214.235.105', 1, 1298, 1164665140),
(19, '4efdbc84eccf57bf78228416e9316c41', 'taxonomy', 'admin/help/taxonomy', 'http://argonautsvn.berlios.de/admin/taxonomy/add/vocabulary', '62.214.235.105', 1, 1154, 1164665214),
(20, '4efdbc84eccf57bf78228416e9316c41', 'settings', 'admin/settings', 'http://argonautsvn.berlios.de/admin/taxonomy/add/vocabulary', '62.214.235.105', 1, 3010, 1164665257),
(21, '4efdbc84eccf57bf78228416e9316c41', 'content types', 'admin/settings/content-types', 'http://argonautsvn.berlios.de/admin/settings', '62.214.235.105', 1, 1653, 1164665299),
(22, '4efdbc84eccf57bf78228416e9316c41', 'settings', 'admin/settings', 'http://argonautsvn.berlios.de/admin/settings/content-types', '62.214.235.105', 1, 1778, 1164665668),
(23, '4efdbc84eccf57bf78228416e9316c41', 'posts', 'admin/settings/node', 'http://argonautsvn.berlios.de/admin/settings', '62.214.235.105', 1, 535, 1164665709),
(24, '4efdbc84eccf57bf78228416e9316c41', 'content', 'admin/node', 'http://argonautsvn.berlios.de/admin/settings/node', '62.214.235.105', 1, 481, 1164665720),
(25, '4efdbc84eccf57bf78228416e9316c41', 'categories', 'admin/taxonomy', 'http://argonautsvn.berlios.de/admin/node', '62.214.235.105', 1, 389, 1164665731),
(26, '4efdbc84eccf57bf78228416e9316c41', 'settings', 'admin/settings', 'http://argonautsvn.berlios.de/admin/taxonomy', '62.214.235.105', 1, 539, 1164665736),
(27, '4efdbc84eccf57bf78228416e9316c41', 'content types', 'admin/settings/content-types', 'http://argonautsvn.berlios.de/admin/settings', '62.214.235.105', 1, 398, 1164665738),
(28, '4efdbc84eccf57bf78228416e9316c41', '&#039;page&#039; content type', 'admin/settings/content-types/page', 'http://argonautsvn.berlios.de/admin/settings/content-types', '62.214.235.105', 1, 400, 1164665742),
(29, '4efdbc84eccf57bf78228416e9316c41', 'posts', 'admin/settings/node', 'http://argonautsvn.berlios.de/admin/settings/content-types/page', '62.214.235.105', 1, 573, 1164665757),
(30, '4efdbc84eccf57bf78228416e9316c41', 'content types', 'admin/settings/content-types', 'http://argonautsvn.berlios.de/admin/settings/node', '62.214.235.105', 1, 1835, 1164665766),
(31, '4efdbc84eccf57bf78228416e9316c41', '&#039;blog entry&#039; content type', 'admin/settings/content-types/blog', 'http://argonautsvn.berlios.de/admin/settings/content-types', '62.214.235.105', 1, 676, 1164665770),
(32, '4efdbc84eccf57bf78228416e9316c41', 'statistics', 'admin/settings/statistics', 'http://argonautsvn.berlios.de/admin/settings/content-types/blog', '62.214.235.105', 1, 374, 1164665776),
(33, '4efdbc84eccf57bf78228416e9316c41', 'search', 'admin/settings/search', 'http://argonautsvn.berlios.de/admin/settings/statistics', '62.214.235.105', 1, 389, 1164665781),
(34, '4efdbc84eccf57bf78228416e9316c41', 'statistics', 'admin/settings/statistics', 'http://argonautsvn.berlios.de/admin/settings/search', '62.214.235.105', 1, 385, 1164665807),
(35, '4efdbc84eccf57bf78228416e9316c41', 'posts', 'admin/settings/node', 'http://argonautsvn.berlios.de/admin/settings/statistics', '62.214.235.105', 1, 1666, 1164665812),
(36, '4efdbc84eccf57bf78228416e9316c41', 'menus', 'admin/settings/menu', 'http://argonautsvn.berlios.de/admin/settings/node', '62.214.235.105', 1, 670, 1164665815),
(37, '4efdbc84eccf57bf78228416e9316c41', 'administer', 'admin', 'http://argonautsvn.berlios.de/admin/settings/menu', '62.214.235.105', 1, 440, 1164665824),
(38, '4efdbc84eccf57bf78228416e9316c41', 'blocks', 'admin/block', 'http://argonautsvn.berlios.de/admin', '62.214.235.105', 1, 917, 1164665839),
(39, '4efdbc84eccf57bf78228416e9316c41', 'users', 'admin/user', 'http://argonautsvn.berlios.de/admin/block', '62.214.235.105', 1, 377, 1164665867),
(40, '4efdbc84eccf57bf78228416e9316c41', 'access control', 'admin/access', 'http://argonautsvn.berlios.de/admin/user', '62.214.235.105', 1, 1589, 1164665913),
(41, '4efdbc84eccf57bf78228416e9316c41', 'access control', 'admin/access/rules', 'http://argonautsvn.berlios.de/admin/access', '62.214.235.105', 1, 560, 1164665918),
(42, '4efdbc84eccf57bf78228416e9316c41', 'access control', 'admin/access/rules/add', 'http://argonautsvn.berlios.de/admin/access/rules', '62.214.235.105', 1, 969, 1164665923),
(43, '4efdbc84eccf57bf78228416e9316c41', 'blocks', 'admin/block', 'http://argonautsvn.berlios.de/admin/access/rules/add', '62.214.235.105', 1, 1048, 1164665936),
(44, '4efdbc84eccf57bf78228416e9316c41', 'categories', 'admin/taxonomy', 'http://argonautsvn.berlios.de/admin/block', '62.214.235.105', 1, 1189, 1164665940),
(45, '4efdbc84eccf57bf78228416e9316c41', 'comments', 'admin/comment', 'http://argonautsvn.berlios.de/admin/taxonomy', '62.214.235.105', 1, 516, 1164665943),
(46, '4efdbc84eccf57bf78228416e9316c41', 'comments', 'admin/comment/configure', 'http://argonautsvn.berlios.de/admin/comment', '62.214.235.105', 1, 1064, 1164665948),
(47, '4efdbc84eccf57bf78228416e9316c41', 'comments', 'admin/comment/configure', 'http://argonautsvn.berlios.de/admin/comment/configure', '62.214.235.105', 1, 1016, 1164666014),
(48, '4efdbc84eccf57bf78228416e9316c41', 'comments', 'admin/comment/configure', 'http://argonautsvn.berlios.de/admin/comment/configure', '62.214.235.105', 1, 998, 1164666015),
(49, '4efdbc84eccf57bf78228416e9316c41', 'content', 'admin/node', 'http://argonautsvn.berlios.de/admin/comment/configure', '62.214.235.105', 1, 532, 1164666018),
(50, '4efdbc84eccf57bf78228416e9316c41', 'content', 'admin/node/search', 'http://argonautsvn.berlios.de/admin/node', '62.214.235.105', 1, 1041, 1164666033),
(51, '4efdbc84eccf57bf78228416e9316c41', 'input formats', 'admin/filters', 'http://argonautsvn.berlios.de/admin/node/search', '62.214.235.105', 1, 756, 1164666042),
(52, '4efdbc84eccf57bf78228416e9316c41', '&#039;Filtered HTML&#039; input format', 'admin/filters/1', 'http://argonautsvn.berlios.de/admin/filters', '62.214.235.105', 1, 413, 1164666048),
(53, '4efdbc84eccf57bf78228416e9316c41', 'menus', 'admin/menu', 'http://argonautsvn.berlios.de/admin/filters/1', '62.214.235.105', 1, 2399, 1164666060),
(54, '4efdbc84eccf57bf78228416e9316c41', 'menus', 'admin/menu/item/add/2', 'http://argonautsvn.berlios.de/admin/menu', '62.214.235.105', 1, 687, 1164666066),
(55, '4efdbc84eccf57bf78228416e9316c41', 'modules', 'admin/modules', 'http://argonautsvn.berlios.de/admin/menu/item/add/2', '62.214.235.105', 1, 8496, 1164666081),
(56, '4efdbc84eccf57bf78228416e9316c41', 'modules', 'admin/modules', 'http://argonautsvn.berlios.de/admin/modules', '62.214.235.105', 1, 6447, 1164666119),
(57, '4efdbc84eccf57bf78228416e9316c41', 'modules', 'admin/modules', 'http://argonautsvn.berlios.de/admin/modules', '62.214.235.105', 1, 4663, 1164666124),
(58, '4efdbc84eccf57bf78228416e9316c41', 'settings', 'admin/settings', 'http://argonautsvn.berlios.de/admin/modules', '62.214.235.105', 1, 557, 1164666128),
(59, '4efdbc84eccf57bf78228416e9316c41', 'modules', 'admin/modules', 'http://argonautsvn.berlios.de/admin/settings', '62.214.235.105', 1, 2227, 1164666137),
(60, '4efdbc84eccf57bf78228416e9316c41', 'url aliases', 'admin/path', 'http://argonautsvn.berlios.de/admin/modules', '62.214.235.105', 1, 380, 1164666147),
(61, '4efdbc84eccf57bf78228416e9316c41', 'url aliases', 'admin/path/add', 'http://argonautsvn.berlios.de/admin/path', '62.214.235.105', 1, 452, 1164666152),
(62, '4efdbc84eccf57bf78228416e9316c41', 'url aliases', 'admin/path/add', 'http://argonautsvn.berlios.de/admin/path/add', '62.214.235.105', 1, 364, 1164666186),
(63, '4efdbc84eccf57bf78228416e9316c41', 'url aliases', 'admin/path', 'http://argonautsvn.berlios.de/admin/path/add', '62.214.235.105', 1, 427, 1164666186),
(64, '4efdbc84eccf57bf78228416e9316c41', '', 'node', 'http://argonautsvn.berlios.de/admin/path', '62.214.235.105', 1, 394, 1164666193),
(65, '4efdbc84eccf57bf78228416e9316c41', 'phw''s blog', 'blog/2', 'http://argonautsvn.berlios.de/', '62.214.235.105', 1, 541, 1164666197),
(66, '4efdbc84eccf57bf78228416e9316c41', '', 'node', 'http://argonautsvn.berlios.de/admin/path', '62.214.235.105', 1, 488, 1164666200),
(67, '4efdbc84eccf57bf78228416e9316c41', 'url aliases', 'admin/path/add', 'http://argonautsvn.berlios.de/admin/path', '62.214.235.105', 1, 396, 1164666222),
(68, '4efdbc84eccf57bf78228416e9316c41', 'url aliases', 'admin/path/add', 'http://argonautsvn.berlios.de/admin/path/add', '62.214.235.105', 1, 341, 1164666236),
(69, '4efdbc84eccf57bf78228416e9316c41', 'url aliases', 'admin/path', 'http://argonautsvn.berlios.de/admin/path/add', '62.214.235.105', 1, 420, 1164666237),
(70, '4efdbc84eccf57bf78228416e9316c41', '', 'node', 'http://argonautsvn.berlios.de/', '62.214.235.105', 1, 461, 1164666243),
(71, '4efdbc84eccf57bf78228416e9316c41', 'About', 'node/3', 'http://argonautsvn.berlios.de/', '62.214.235.105', 1, 465, 1164666248),
(72, '4efdbc84eccf57bf78228416e9316c41', '', 'node', 'http://argonautsvn.berlios.de/about', '62.214.235.105', 1, 449, 1164666250),
(73, '4efdbc84eccf57bf78228416e9316c41', 'About', 'node/3', 'http://argonautsvn.berlios.de/', '62.214.235.105', 1, 421, 1164666254),
(74, '4efdbc84eccf57bf78228416e9316c41', 'Page not found', '', '', '62.214.235.105', 1, 393, 1164666263),
(75, '4efdbc84eccf57bf78228416e9316c41', 'access control', 'admin/access', 'http://argonautsvn.berlios.de/admin/path', '62.214.235.105', 1, 814, 1164666277),
(76, '4efdbc84eccf57bf78228416e9316c41', 'access control', 'admin/access', 'http://argonautsvn.berlios.de/admin/access', '62.214.235.105', 1, 765, 1164666297),
(77, '4efdbc84eccf57bf78228416e9316c41', 'access control', 'admin/access', 'http://argonautsvn.berlios.de/admin/access', '62.214.235.105', 1, 1035, 1164666299),
(78, '', 'log out', 'logout', 'http://argonautsvn.berlios.de/admin/access', '62.214.235.105', 0, 389, 1164666302),
(79, '4efdbc84eccf57bf78228416e9316c41', '', 'node', 'http://argonautsvn.berlios.de/admin/access', '62.214.235.105', 0, 559, 1164666302),
(80, '6daa15448292e09e38c38580cccfb94a', '', 'node', 'http://argonautsvn.berlios.de/', '62.214.235.105', 2, 666, 1164666306),
(81, '6daa15448292e09e38c38580cccfb94a', '', 'node', 'http://argonautsvn.berlios.de/', '62.214.235.105', 2, 647, 1164666307),
(82, '6daa15448292e09e38c38580cccfb94a', 'Top pages in the past 4 weeks', 'admin/logs/pages', 'http://argonautsvn.berlios.de/', '62.214.235.105', 2, 528, 1164666313),
(83, '6daa15448292e09e38c38580cccfb94a', 'url aliases', 'admin/path', 'http://argonautsvn.berlios.de/admin/logs/pages', '62.214.235.105', 2, 422, 1164666333),
(84, '6daa15448292e09e38c38580cccfb94a', 'content', 'admin/node', 'http://argonautsvn.berlios.de/admin/path', '62.214.235.105', 2, 503, 1164666364),
(85, '6daa15448292e09e38c38580cccfb94a', 'Status', 'node/5/edit', 'http://argonautsvn.berlios.de/admin/node', '62.214.235.105', 2, 782, 1164666368),
(86, '6daa15448292e09e38c38580cccfb94a', 'Preview', 'node/5/edit', 'http://argonautsvn.berlios.de/node/5/edit?destination=admin%2Fnode', '62.214.235.105', 2, 611, 1164666403),
(87, '6daa15448292e09e38c38580cccfb94a', 'Status', 'node/5/edit', 'http://argonautsvn.berlios.de/node/5/edit?destination=admin%2Fnode', '62.214.235.105', 2, 1177, 1164666409),
(88, '6daa15448292e09e38c38580cccfb94a', 'content', 'admin/node', 'http://argonautsvn.berlios.de/node/5/edit?destination=admin%2Fnode', '62.214.235.105', 2, 1479, 1164666411),
(89, '6daa15448292e09e38c38580cccfb94a', 'Top referrers in the past 4 weeks', 'admin/logs/referrers', 'http://argonautsvn.berlios.de/admin/node', '62.214.235.105', 2, 434, 1164666429),
(90, '6daa15448292e09e38c38580cccfb94a', 'TinyMCE settings', 'admin/settings/tinymce', 'http://argonautsvn.berlios.de/admin/logs/referrers', '62.214.235.105', 2, 429, 1164666439),
(91, '6daa15448292e09e38c38580cccfb94a', '', 'node', 'http://developer.berlios.de/projects/argonautsvn', '62.214.235.105', 2, 452, 1164666446),
(92, '6daa15448292e09e38c38580cccfb94a', 'Top referrers in the past 4 weeks', 'admin/logs/referrers', 'http://argonautsvn.berlios.de/', '62.214.235.105', 2, 800, 1164666449),
(93, '6daa15448292e09e38c38580cccfb94a', 'About', 'node/3', 'http://argonautsvn.berlios.de/admin/settings/tinymce', '62.214.235.105', 2, 543, 1164666463),
(94, '', 'log out', 'logout', 'http://argonautsvn.berlios.de/about', '62.214.235.105', 0, 570, 1164666470),
(95, '6daa15448292e09e38c38580cccfb94a', '', 'node', 'http://argonautsvn.berlios.de/about', '62.214.235.105', 0, 703, 1164666471),
(96, '883bfd80b00bf3eda24b9b40694530cf', '', 'node', 'http://argonautsvn.berlios.de/', '62.214.235.105', 1, 1362, 1164666476),
(97, '883bfd80b00bf3eda24b9b40694530cf', '', 'node', 'http://argonautsvn.berlios.de/', '62.214.235.105', 1, 462, 1164666476),
(98, '883bfd80b00bf3eda24b9b40694530cf', 'administer', 'admin', 'http://argonautsvn.berlios.de/', '62.214.235.105', 1, 816, 1164666479),
(99, '883bfd80b00bf3eda24b9b40694530cf', 'settings', 'admin/settings', 'http://argonautsvn.berlios.de/admin', '62.214.235.105', 1, 610, 1164666497),
(100, '883bfd80b00bf3eda24b9b40694530cf', 'search', 'admin/settings/search', 'http://argonautsvn.berlios.de/admin/settings', '62.214.235.105', 1, 472, 1164666499),
(101, '883bfd80b00bf3eda24b9b40694530cf', 'access control', 'admin/access', 'http://argonautsvn.berlios.de/admin/settings/search', '62.214.235.105', 1, 1087, 1164666503),
(102, '883bfd80b00bf3eda24b9b40694530cf', 'access control', 'admin/access', 'http://argonautsvn.berlios.de/admin/access', '62.214.235.105', 1, 720, 1164666531),
(103, '883bfd80b00bf3eda24b9b40694530cf', 'access control', 'admin/access', 'http://argonautsvn.berlios.de/admin/access', '62.214.235.105', 1, 1430, 1164666533),
(104, '883bfd80b00bf3eda24b9b40694530cf', 'settings', 'admin/settings', 'http://argonautsvn.berlios.de/admin/access', '62.214.235.105', 1, 1598, 1164666554),
(105, '883bfd80b00bf3eda24b9b40694530cf', 'settings', 'admin/settings', 'http://argonautsvn.berlios.de/admin/settings', '62.214.235.105', 1, 1592, 1164666566),
(106, '883bfd80b00bf3eda24b9b40694530cf', 'modules', 'admin/modules', 'http://argonautsvn.berlios.de/admin/settings', '62.214.235.105', 1, 3315, 1164666576),
(107, '883bfd80b00bf3eda24b9b40694530cf', 'url aliases', 'admin/path', 'http://argonautsvn.berlios.de/admin/modules', '62.214.235.105', 1, 739, 1164666671),
(108, '883bfd80b00bf3eda24b9b40694530cf', 'About', 'node/3', 'http://argonautsvn.berlios.de/admin/path', '62.214.235.105', 1, 420, 1164666691),
(109, '883bfd80b00bf3eda24b9b40694530cf', 'phw', 'user/2', '', '62.214.235.105', 1, 453, 1164667067),
(110, '883bfd80b00bf3eda24b9b40694530cf', 'phw''s blog', 'blog/2', 'http://argonautsvn.berlios.de/user/2', '62.214.235.105', 1, 468, 1164667078),
(111, '883bfd80b00bf3eda24b9b40694530cf', 'phw', 'user/2', 'http://argonautsvn.berlios.de/blog/phw', '62.214.235.105', 1, 422, 1164667082),
(112, '883bfd80b00bf3eda24b9b40694530cf', 'phw', 'user/2/track/navigation', 'http://argonautsvn.berlios.de/user/2', '62.214.235.105', 1, 470, 1164667089),
(113, '883bfd80b00bf3eda24b9b40694530cf', '', 'node', 'http://argonautsvn.berlios.de/user/2/track/navigation', '62.214.235.105', 1, 1069, 1164667097),
(114, '883bfd80b00bf3eda24b9b40694530cf', 'administer', 'admin', 'http://argonautsvn.berlios.de/', '62.214.235.105', 1, 664, 1164667104),
(115, '883bfd80b00bf3eda24b9b40694530cf', 'access control', 'admin/access', 'http://argonautsvn.berlios.de/admin', '62.214.235.105', 1, 812, 1164667110),
(116, '883bfd80b00bf3eda24b9b40694530cf', 'help', 'admin/help', 'http://argonautsvn.berlios.de/admin/access', '62.214.235.105', 1, 1400, 1164667191),
(117, '883bfd80b00bf3eda24b9b40694530cf', 'menus', 'admin/menu', 'http://argonautsvn.berlios.de/admin/help', '62.214.235.105', 1, 830, 1164667198),
(118, '883bfd80b00bf3eda24b9b40694530cf', 'menus', 'admin/menu/item/add/2', 'http://argonautsvn.berlios.de/admin/menu', '62.214.235.105', 1, 695, 1164667206),
(119, '883bfd80b00bf3eda24b9b40694530cf', 'menus', 'admin/menu', 'http://argonautsvn.berlios.de/admin/menu/item/add/2', '62.214.235.105', 1, 778, 1164667222),
(120, '883bfd80b00bf3eda24b9b40694530cf', 'menus', 'admin/menu/item/add/1', 'http://argonautsvn.berlios.de/admin/menu', '62.214.235.105', 1, 1023, 1164667237),
(121, '883bfd80b00bf3eda24b9b40694530cf', 'menus', 'admin/menu/item/add/1', 'http://argonautsvn.berlios.de/admin/menu/item/add/1', '62.214.235.105', 1, 462, 1164667271),
(122, '883bfd80b00bf3eda24b9b40694530cf', 'menus', 'admin/menu', 'http://argonautsvn.berlios.de/admin/menu/item/add/1', '62.214.235.105', 1, 1252, 1164667273),
(123, '883bfd80b00bf3eda24b9b40694530cf', 'logs', 'admin/logs', 'http://argonautsvn.berlios.de/admin/menu', '62.214.235.105', 1, 763, 1164667276),
(124, '883bfd80b00bf3eda24b9b40694530cf', 'menus', 'admin/menu', 'http://argonautsvn.berlios.de/admin/logs', '62.214.235.105', 1, 1955, 1164667292),
(125, '883bfd80b00bf3eda24b9b40694530cf', 'edit menu item', 'admin/menu/item/edit/41', 'http://argonautsvn.berlios.de/admin/menu', '62.214.235.105', 1, 761, 1164667299),
(126, '883bfd80b00bf3eda24b9b40694530cf', 'edit menu item', 'admin/menu/item/edit/41', 'http://argonautsvn.berlios.de/admin/menu/item/edit/41', '62.214.235.105', 1, 399, 1164667305),
(127, '883bfd80b00bf3eda24b9b40694530cf', 'menus', 'admin/menu', 'http://argonautsvn.berlios.de/admin/menu/item/edit/41', '62.214.235.105', 1, 772, 1164667306),
(128, '883bfd80b00bf3eda24b9b40694530cf', 'logs', 'admin/logs', 'http://argonautsvn.berlios.de/admin/menu', '62.214.235.105', 1, 656, 1164667312),
(129, '883bfd80b00bf3eda24b9b40694530cf', 'logs', 'admin/logs', 'http://argonautsvn.berlios.de/admin/menu', '62.214.235.105', 1, 701, 1164667348),
(130, '883bfd80b00bf3eda24b9b40694530cf', 'recent hits', 'admin/logs/hits', 'http://argonautsvn.berlios.de/admin/logs', '62.214.235.105', 1, 484, 1164667357),
(131, '883bfd80b00bf3eda24b9b40694530cf', 'Top referrers in the past 4 weeks', 'admin/logs/referrers', 'http://argonautsvn.berlios.de/admin/logs/hits', '62.214.235.105', 1, 414, 1164667371),
(132, '883bfd80b00bf3eda24b9b40694530cf', 'Top pages in the past 4 weeks', 'admin/logs/pages', 'http://argonautsvn.berlios.de/admin/logs/referrers', '62.214.235.105', 1, 697, 1164667375),
(133, '883bfd80b00bf3eda24b9b40694530cf', 'Top pages in the past 4 weeks', 'admin/logs/pages', 'http://argonautsvn.berlios.de/admin/logs/referrers', '62.214.235.105', 1, 702, 1164667509),
(134, '883bfd80b00bf3eda24b9b40694530cf', '', 'node', 'http://argonautsvn.berlios.de/admin/logs/pages', '62.214.235.105', 1, 391, 1164667522),
(135, '883bfd80b00bf3eda24b9b40694530cf', 'About', 'node/3', 'http://argonautsvn.berlios.de/', '62.214.235.105', 1, 488, 1164667555),
(136, '883bfd80b00bf3eda24b9b40694530cf', 'About', 'node/3/edit', 'http://argonautsvn.berlios.de/about', '62.214.235.105', 1, 1203, 1164667579),
(137, '883bfd80b00bf3eda24b9b40694530cf', 'Preview', 'node/3/edit', 'http://argonautsvn.berlios.de/node/3/edit', '62.214.235.105', 1, 633, 1164667760),
(138, '883bfd80b00bf3eda24b9b40694530cf', 'About', 'node/3/edit', 'http://argonautsvn.berlios.de/node/3/edit', '62.214.235.105', 1, 1023, 1164667780),
(139, '883bfd80b00bf3eda24b9b40694530cf', 'About', 'node/3', 'http://argonautsvn.berlios.de/node/3/edit', '62.214.235.105', 1, 719, 1164667781),
(140, '', 'log out', 'logout', 'http://argonautsvn.berlios.de/about', '62.214.235.105', 0, 345, 1164667794),
(141, '883bfd80b00bf3eda24b9b40694530cf', '', 'node', 'http://argonautsvn.berlios.de/about', '62.214.235.105', 0, 529, 1164667795),
(142, '38b24f7babd3cbac0a3df0a231ac14fe', '', 'node', 'http://argonautsvn.berlios.de/', '62.214.235.105', 2, 485, 1164667804),
(143, '38b24f7babd3cbac0a3df0a231ac14fe', '', 'node', 'http://argonautsvn.berlios.de/', '62.214.235.105', 2, 915, 1164667805),
(144, '38b24f7babd3cbac0a3df0a231ac14fe', 'menus', 'admin/menu', 'http://argonautsvn.berlios.de/', '62.214.235.105', 2, 1370, 1164667810),
(145, '38b24f7babd3cbac0a3df0a231ac14fe', 'content', 'admin/node', 'http://argonautsvn.berlios.de/admin/menu', '62.214.235.105', 2, 1845, 1164667830),
(146, '38b24f7babd3cbac0a3df0a231ac14fe', 'Status', 'node/5/edit', 'http://argonautsvn.berlios.de/admin/node', '62.214.235.105', 2, 929, 1164667834),
(147, '38b24f7babd3cbac0a3df0a231ac14fe', 'rss feed', 'rss.xml', '', '62.214.235.105', 2, 457, 1164667986),
(148, '38b24f7babd3cbac0a3df0a231ac14fe', 'Preview', 'node/5/edit', 'http://argonautsvn.berlios.de/node/5/edit?destination=admin%2Fnode', '62.214.235.105', 2, 2422, 1164668142),
(149, '38b24f7babd3cbac0a3df0a231ac14fe', 'Status', 'node/5/edit', 'http://argonautsvn.berlios.de/node/5/edit?destination=admin%2Fnode', '62.214.235.105', 2, 1989, 1164668163),
(150, '38b24f7babd3cbac0a3df0a231ac14fe', 'content', 'admin/node', 'http://argonautsvn.berlios.de/node/5/edit?destination=admin%2Fnode', '62.214.235.105', 2, 1080, 1164668165),
(151, '38b24f7babd3cbac0a3df0a231ac14fe', 'Status', 'node/5', 'http://argonautsvn.berlios.de/admin/node', '62.214.235.105', 2, 2349, 1164668172),
(152, '38b24f7babd3cbac0a3df0a231ac14fe', 'Status', 'node/5', 'http://argonautsvn.berlios.de/admin/node', '62.214.235.105', 2, 2947, 1164668196),
(153, '38b24f7babd3cbac0a3df0a231ac14fe', 'Status', 'node/5/edit', 'http://argonautsvn.berlios.de/status', '62.214.235.105', 2, 2528, 1164668208),
(154, '38b24f7babd3cbac0a3df0a231ac14fe', 'Preview', 'node/5/edit', 'http://argonautsvn.berlios.de/node/5/edit', '62.214.235.105', 2, 4752, 1164668262),
(155, '38b24f7babd3cbac0a3df0a231ac14fe', 'Status', 'node/5/edit', 'http://argonautsvn.berlios.de/node/5/edit', '62.214.235.105', 2, 4726, 1164668276),
(156, '38b24f7babd3cbac0a3df0a231ac14fe', 'Status', 'node/5', 'http://argonautsvn.berlios.de/node/5/edit', '62.214.235.105', 2, 2180, 1164668280),
(157, '38b24f7babd3cbac0a3df0a231ac14fe', 'Status', 'node/5/edit', 'http://argonautsvn.berlios.de/status', '62.214.235.105', 2, 2636, 1164668285),
(158, '38b24f7babd3cbac0a3df0a231ac14fe', 'Preview', 'node/5/edit', 'http://argonautsvn.berlios.de/node/5/edit', '62.214.235.105', 2, 2269, 1164668298),
(159, '38b24f7babd3cbac0a3df0a231ac14fe', '', 'node', 'http://argonautsvn.berlios.de/node/5/edit', '62.214.235.105', 2, 2647, 1164668309),
(160, '38b24f7babd3cbac0a3df0a231ac14fe', 'Preview', 'node/5/edit', 'http://argonautsvn.berlios.de/node/5/edit', '62.214.235.105', 2, 5422, 1164668320),
(161, '38b24f7babd3cbac0a3df0a231ac14fe', 'Status', 'node/5/edit', 'http://argonautsvn.berlios.de/status', '62.214.235.105', 2, 3754, 1164668321),
(162, '38b24f7babd3cbac0a3df0a231ac14fe', 'edit menu item', 'admin/menu/item/edit/42', 'http://argonautsvn.berlios.de/node/5/edit', '62.214.235.105', 2, 2680, 1164668335),
(163, '38b24f7babd3cbac0a3df0a231ac14fe', 'edit menu item', 'admin/menu/item/edit/42', 'http://argonautsvn.berlios.de/admin/menu/item/edit/42', '62.214.235.105', 2, 971, 1164668348),
(164, '38b24f7babd3cbac0a3df0a231ac14fe', 'menus', 'admin/menu', 'http://argonautsvn.berlios.de/admin/menu/item/edit/42', '62.214.235.105', 2, 3006, 1164668351),
(165, '38b24f7babd3cbac0a3df0a231ac14fe', 'edit menu item', 'admin/menu/item/edit/42', 'http://argonautsvn.berlios.de/admin/menu', '62.214.235.105', 2, 1712, 1164668369),
(166, '38b24f7babd3cbac0a3df0a231ac14fe', 'edit menu item', 'admin/menu/item/edit/42', 'http://argonautsvn.berlios.de/admin/menu/item/edit/42', '62.214.235.105', 2, 1787, 1164668380),
(167, '38b24f7babd3cbac0a3df0a231ac14fe', 'menus', 'admin/menu', 'http://argonautsvn.berlios.de/admin/menu/item/edit/42', '62.214.235.105', 2, 2275, 1164668383),
(168, '38b24f7babd3cbac0a3df0a231ac14fe', 'edit menu item', 'admin/menu/item/edit/42', 'http://argonautsvn.berlios.de/admin/menu', '62.214.235.105', 2, 2664, 1164668406),
(169, '38b24f7babd3cbac0a3df0a231ac14fe', 'edit menu item', 'admin/menu/item/edit/42', 'http://argonautsvn.berlios.de/admin/menu/item/edit/42', '62.214.235.105', 2, 2584, 1164668428),
(170, '38b24f7babd3cbac0a3df0a231ac14fe', 'menus', 'admin/menu', 'http://argonautsvn.berlios.de/admin/menu/item/edit/42', '62.214.235.105', 2, 2198, 1164668431),
(171, '38b24f7babd3cbac0a3df0a231ac14fe', 'content', 'admin/node', 'http://argonautsvn.berlios.de/admin/menu', '62.214.235.105', 2, 1709, 1164668436),
(172, '38b24f7babd3cbac0a3df0a231ac14fe', 'Status', 'node/5/edit', 'http://argonautsvn.berlios.de/admin/node', '62.214.235.105', 2, 4267, 1164668445),
(173, '38b24f7babd3cbac0a3df0a231ac14fe', 'Preview', 'node/5/edit', 'http://argonautsvn.berlios.de/node/5/edit?destination=admin%2Fnode', '62.214.235.105', 2, 3675, 1164668457),
(174, '38b24f7babd3cbac0a3df0a231ac14fe', 'Status', 'node/5/edit', 'http://argonautsvn.berlios.de/node/5/edit?destination=admin%2Fnode', '62.214.235.105', 2, 3005, 1164668464),
(175, '38b24f7babd3cbac0a3df0a231ac14fe', 'content', 'admin/node', 'http://argonautsvn.berlios.de/node/5/edit?destination=admin%2Fnode', '62.214.235.105', 2, 2203, 1164668466),
(176, '38b24f7babd3cbac0a3df0a231ac14fe', 'About', 'node/3', 'http://argonautsvn.berlios.de/admin/node', '62.214.235.105', 2, 2938, 1164668479),
(177, '38b24f7babd3cbac0a3df0a231ac14fe', 'Status', 'node/5', 'http://argonautsvn.berlios.de/node/3', '62.214.235.105', 2, 2891, 1164668487),
(178, '', 'log out', 'logout', 'http://argonautsvn.berlios.de/status', '62.214.235.105', 0, 1956, 1164668497),
(179, '38b24f7babd3cbac0a3df0a231ac14fe', '', 'node', 'http://argonautsvn.berlios.de/status', '62.214.235.105', 0, 2100, 1164668499),
(180, '38b24f7babd3cbac0a3df0a231ac14fe', 'About', 'node/3', 'http://argonautsvn.berlios.de/', '62.214.235.105', 0, 3159, 1164668506),
(181, '38b24f7babd3cbac0a3df0a231ac14fe', 'Status', 'node/5', 'http://argonautsvn.berlios.de/node/3', '62.214.235.105', 0, 2360, 1164668512),
(182, '3c1cf95402508fe0054274119b079dc3', 'Status', 'node/5', 'http://argonautsvn.berlios.de/status', '62.214.235.105', 1, 2459, 1164668528),
(183, '3c1cf95402508fe0054274119b079dc3', 'Status', 'node/5', 'http://argonautsvn.berlios.de/status', '62.214.235.105', 1, 2777, 1164668531),
(184, '3c1cf95402508fe0054274119b079dc3', 'administer', 'admin', 'http://argonautsvn.berlios.de/status', '62.214.235.105', 1, 4051, 1164668539),
(185, '3c1cf95402508fe0054274119b079dc3', 'access control', 'admin/access', 'http://argonautsvn.berlios.de/admin', '62.214.235.105', 1, 4151, 1164668565),
(186, '3c1cf95402508fe0054274119b079dc3', 'menus', 'admin/menu', 'http://argonautsvn.berlios.de/admin/access', '62.214.235.105', 1, 3767, 1164668582),
(187, '3c1cf95402508fe0054274119b079dc3', 'edit menu item', 'admin/menu/item/edit/41', 'http://argonautsvn.berlios.de/admin/menu', '62.214.235.105', 1, 2162, 1164668594),
(188, '3c1cf95402508fe0054274119b079dc3', 'logs', 'admin/logs', 'http://argonautsvn.berlios.de/admin/menu/item/edit/41', '62.214.235.105', 1, 4808, 1164668613),
(189, '3c1cf95402508fe0054274119b079dc3', 'settings', 'admin/settings', 'http://argonautsvn.berlios.de/admin/menu/item/edit/41', '62.214.235.105', 1, 5575, 1164668617),
(190, '3c1cf95402508fe0054274119b079dc3', 'search', 'admin/settings/search', 'http://argonautsvn.berlios.de/admin/settings', '62.214.235.105', 1, 1395, 1164668631),
(191, '3c1cf95402508fe0054274119b079dc3', 'menus', 'admin/menu', 'http://argonautsvn.berlios.de/admin/settings/search', '62.214.235.105', 1, 2427, 1164668652),
(192, '3c1cf95402508fe0054274119b079dc3', 'Are you sure you want to delete the custom menu item usage?', 'admin/menu/item/delete/41', 'http://argonautsvn.berlios.de/admin/menu', '62.214.235.105', 1, 2384, 1164668661),
(193, '3c1cf95402508fe0054274119b079dc3', 'Are you sure you want to delete the custom menu item usage?', 'admin/menu/item/delete/41', 'http://argonautsvn.berlios.de/admin/menu/item/delete/41', '62.214.235.105', 1, 2202, 1164668665),
(194, '3c1cf95402508fe0054274119b079dc3', 'menus', 'admin/menu', 'http://argonautsvn.berlios.de/admin/menu/item/delete/41', '62.214.235.105', 1, 3893, 1164668670),
(195, '3c1cf95402508fe0054274119b079dc3', 'menus', 'admin/menu/menu/add', 'http://argonautsvn.berlios.de/admin/menu', '62.214.235.105', 1, 3639, 1164668686),
(196, '3c1cf95402508fe0054274119b079dc3', 'settings', 'admin/settings', 'http://argonautsvn.berlios.de/admin/menu/menu/add', '62.214.235.105', 1, 6367, 1164668707),
(197, '3c1cf95402508fe0054274119b079dc3', 'menus', 'admin/settings/menu', 'http://argonautsvn.berlios.de/admin/settings', '62.214.235.105', 1, 3370, 1164668714),
(198, '3c1cf95402508fe0054274119b079dc3', 'menus', 'admin/settings/menu', 'http://argonautsvn.berlios.de/admin/settings/menu', '62.214.235.105', 1, 3464, 1164668788),
(199, '3c1cf95402508fe0054274119b079dc3', 'menus', 'admin/settings/menu', 'http://argonautsvn.berlios.de/admin/settings/menu', '62.214.235.105', 1, 2868, 1164668793),
(200, '3c1cf95402508fe0054274119b079dc3', 'create content', 'node/add', 'http://argonautsvn.berlios.de/admin/settings/menu', '62.214.235.105', 1, 2334, 1164668811),
(201, '3c1cf95402508fe0054274119b079dc3', 'Submit page', 'node/add/page', 'http://argonautsvn.berlios.de/node/add', '62.214.235.105', 1, 3575, 1164668820),
(202, '3c1cf95402508fe0054274119b079dc3', 'About', 'node/3', 'http://argonautsvn.berlios.de/node/add/page', '62.214.235.105', 1, 2273, 1164668835),
(203, '3c1cf95402508fe0054274119b079dc3', 'Status', 'node/5', 'http://argonautsvn.berlios.de/about', '62.214.235.105', 1, 2292, 1164668844),
(204, '3c1cf95402508fe0054274119b079dc3', 'Status', 'node/5/edit', 'http://argonautsvn.berlios.de/status', '62.214.235.105', 1, 4887, 1164668852),
(205, '3c1cf95402508fe0054274119b079dc3', 'Preview', 'node/5/edit', 'http://argonautsvn.berlios.de/node/5/edit', '62.214.235.105', 1, 3148, 1164668873),
(206, '3c1cf95402508fe0054274119b079dc3', 'Status', 'node/5/edit', 'http://argonautsvn.berlios.de/node/5/edit', '62.214.235.105', 1, 3669, 1164668883),
(207, '3c1cf95402508fe0054274119b079dc3', 'Status', 'node/5', 'http://argonautsvn.berlios.de/node/5/edit', '62.214.235.105', 1, 4428, 1164668888),
(208, '3c1cf95402508fe0054274119b079dc3', 'Status', 'node/5', 'http://argonautsvn.berlios.de/planned-features', '62.214.235.105', 1, 1546, 1164668892),
(209, '3c1cf95402508fe0054274119b079dc3', 'administer', 'admin', 'http://argonautsvn.berlios.de/planned-features', '62.214.235.105', 1, 1477, 1164668898),
(210, '3c1cf95402508fe0054274119b079dc3', 'url aliases', 'admin/path', 'http://argonautsvn.berlios.de/admin', '62.214.235.105', 1, 1928, 1164668903),
(211, '3c1cf95402508fe0054274119b079dc3', 'About', 'node/3', 'http://argonautsvn.berlios.de/admin/path', '62.214.235.105', 1, 2049, 1164668916),
(212, '3c1cf95402508fe0054274119b079dc3', 'About', 'node/3/track', 'http://argonautsvn.berlios.de/about', '62.214.235.105', 1, 1064, 1164668933),
(213, '3c1cf95402508fe0054274119b079dc3', 'search', 'search/node', 'http://argonautsvn.berlios.de/node/3/track', '62.214.235.105', 1, 1157, 1164668945),
(214, '3c1cf95402508fe0054274119b079dc3', 'search', 'search/node/hard disk', 'http://argonautsvn.berlios.de/node/3/track', '62.214.235.105', 1, 1290, 1164668947),
(215, '3c1cf95402508fe0054274119b079dc3', 'search', 'search/user/hard disk', 'http://argonautsvn.berlios.de/search/node/hard+disk', '62.214.235.105', 1, 1120, 1164668957),
(216, '', 'log out', 'logout', 'http://argonautsvn.berlios.de/search/user/hard+disk', '62.214.235.105', 0, 1343, 1164668978),
(217, '3c1cf95402508fe0054274119b079dc3', '', 'node', 'http://argonautsvn.berlios.de/search/user/hard+disk', '62.214.235.105', 0, 1508, 1164668979),
(218, '3c1cf95402508fe0054274119b079dc3', 'First available code and HD crash', 'node/6', 'http://argonautsvn.berlios.de/', '62.214.235.105', 0, 2066, 1164668988),
(219, '3c1cf95402508fe0054274119b079dc3', 'phw''s blog', 'blog/2', 'http://argonautsvn.berlios.de/node/6', '62.214.235.105', 0, 2877, 1164669016),
(220, '7504c9e28edb66a968ff5b8ca297d7fe', '', 'node', '', '128.30.52.13', 0, 905, 1164669174),
(221, '616efad7562ca5db9e15a7dea7130153', 'phw''s blog', 'blog/2', 'http://argonautsvn.berlios.de/blog/phw', '62.214.235.105', 1, 3638, 1164669196),
(222, '616efad7562ca5db9e15a7dea7130153', 'phw''s blog', 'blog/2', 'http://argonautsvn.berlios.de/blog/phw', '62.214.235.105', 1, 2524, 1164669199),
(223, '616efad7562ca5db9e15a7dea7130153', 'administer', 'admin', 'http://argonautsvn.berlios.de/blog/phw', '62.214.235.105', 1, 1882, 1164669204),
(224, '616efad7562ca5db9e15a7dea7130153', 'blocks', 'admin/block', 'http://argonautsvn.berlios.de/admin', '62.214.235.105', 1, 1939, 1164669215),
(225, '616efad7562ca5db9e15a7dea7130153', '''BerliOS Logo'' block', 'admin/block/configure/block/1', 'http://argonautsvn.berlios.de/admin/block', '62.214.235.105', 1, 2348, 1164669224),
(226, '616efad7562ca5db9e15a7dea7130153', '''BerliOS Logo'' block', 'admin/block/configure/block/1', 'http://argonautsvn.berlios.de/admin/block/configure/block/1', '62.214.235.105', 1, 1277, 1164669246),
(227, '616efad7562ca5db9e15a7dea7130153', 'blocks', 'admin/block', 'http://argonautsvn.berlios.de/admin/block/configure/block/1', '62.214.235.105', 1, 1867, 1164669248),
(228, 'c78c18e43da9bc8b64e1ec39c8a02a52', '', 'node', '', '128.30.52.13', 0, 1538, 1164669258),
(229, '616efad7562ca5db9e15a7dea7130153', 'About', 'node/3', 'http://argonautsvn.berlios.de/admin/block', '62.214.235.105', 1, 1571, 1164669274),
(230, '9fa289dbf97210e7d7977b1815dcb27a', 'About', 'node/3', '', '128.30.52.13', 0, 1286, 1164669287),
(231, '616efad7562ca5db9e15a7dea7130153', 'Status', 'node/5', 'http://argonautsvn.berlios.de/about', '62.214.235.105', 1, 2577, 1164669294),
(232, 'd18f120228f0b4dbb507b2629db98117', 'Status', 'node/5', '', '128.30.52.13', 0, 2015, 1164669303),
(233, 'b0a06fb80681a25a573a6d57561e7df3', '', 'node/3', '', '128.30.52.34', 0, 381, 1164669376),
(234, '56028a000417013e0e4af15637f85e8a', '', 'node/3', '', '128.30.52.34', 0, 599, 1164669377),
(235, '616efad7562ca5db9e15a7dea7130153', 'administer', 'admin', 'http://argonautsvn.berlios.de/planned-features', '62.214.235.105', 1, 3336, 1164669458),
(236, '616efad7562ca5db9e15a7dea7130153', 'logs', 'admin/logs', 'http://argonautsvn.berlios.de/admin', '62.214.235.105', 1, 2972, 1164669476),
(237, '616efad7562ca5db9e15a7dea7130153', 'Top referrers in the past 4 weeks', 'admin/logs/referrers', 'http://argonautsvn.berlios.de/admin/logs', '62.214.235.105', 1, 1475, 1164669481),
(238, '616efad7562ca5db9e15a7dea7130153', 'Top pages in the past 4 weeks', 'admin/logs/pages', 'http://argonautsvn.berlios.de/admin/logs/referrers', '62.214.235.105', 1, 2370, 1164669490),
(239, '616efad7562ca5db9e15a7dea7130153', 'Top visitors in the past 4 weeks', 'admin/logs/visitors', 'http://argonautsvn.berlios.de/admin/logs/pages', '62.214.235.105', 1, 1725, 1164669496),
(240, '616efad7562ca5db9e15a7dea7130153', 'recent hits', 'admin/logs/hits', 'http://argonautsvn.berlios.de/admin/logs/visitors', '62.214.235.105', 1, 3220, 1164669551),
(241, '9a6742a4adec6e27830394cf7ae97d04', '', 'node', '', '62.214.235.105', 0, 279, 1164669636),
(242, '', 'log out', 'logout', 'http://argonautsvn.berlios.de/admin/logs/hits', '62.214.235.105', 0, 679, 1164669778),
(243, '616efad7562ca5db9e15a7dea7130153', '', 'node', 'http://argonautsvn.berlios.de/admin/logs/hits', '62.214.235.105', 0, 181, 1164669779),
(244, '616efad7562ca5db9e15a7dea7130153', 'rss feed', 'rss.xml', '', '62.214.243.193', 0, 462, 1164712142),
(245, '616efad7562ca5db9e15a7dea7130153', '', 'node', '', '62.214.243.193', 0, 172, 1164712773),
(246, '62ecba83375115ae8fcb41280b1808ad', '', 'node', 'http://argonautsvn.berlios.de/', '62.214.243.193', 2, 496, 1164712783),
(247, '62ecba83375115ae8fcb41280b1808ad', '', 'node', 'http://argonautsvn.berlios.de/', '62.214.243.193', 2, 575, 1164712784),
(248, '62ecba83375115ae8fcb41280b1808ad', 'Top referrers in the past 4 weeks', 'admin/logs/referrers', 'http://argonautsvn.berlios.de/', '62.214.243.193', 2, 451, 1164712793),
(249, '62ecba83375115ae8fcb41280b1808ad', 'Top pages in the past 4 weeks', 'admin/logs/pages', 'http://argonautsvn.berlios.de/admin/logs/referrers', '62.214.243.193', 2, 598, 1164712797),
(250, '62ecba83375115ae8fcb41280b1808ad', 'Top visitors in the past 4 weeks', 'admin/logs/visitors', 'http://argonautsvn.berlios.de/admin/logs/pages', '62.214.243.193', 2, 1169, 1164712807),
(251, '62ecba83375115ae8fcb41280b1808ad', 'recent hits', 'admin/logs/hits', 'http://argonautsvn.berlios.de/admin/logs/visitors', '62.214.243.193', 2, 556, 1164712812),
(252, '', 'log out', 'logout', 'http://argonautsvn.berlios.de/admin/logs/hits', '62.214.243.193', 0, 530, 1164712822),
(253, '62ecba83375115ae8fcb41280b1808ad', '', 'node', 'http://argonautsvn.berlios.de/admin/logs/hits', '62.214.243.193', 0, 118, 1164712822),
(254, '62ecba83375115ae8fcb41280b1808ad', '', 'rss.xml', '', '62.214.243.193', 0, 509, 1164715754),
(255, '62ecba83375115ae8fcb41280b1808ad', '', 'rss.xml', '', '62.214.243.193', 0, 237, 1164716963),
(256, '62ecba83375115ae8fcb41280b1808ad', '', 'rss.xml', '', '62.214.240.186', 0, 214, 1164724417),
(257, '62ecba83375115ae8fcb41280b1808ad', '', 'node', '', '62.214.240.186', 0, 156, 1164727569),
(258, '480634794c84dea430168c9d390e43ed', '', 'node', 'http://argonautsvn.berlios.de/', '62.214.240.186', 2, 2882, 1164727578),
(259, '480634794c84dea430168c9d390e43ed', '', 'node', 'http://argonautsvn.berlios.de/', '62.214.240.186', 2, 2491, 1164727581),
(260, '480634794c84dea430168c9d390e43ed', 'First available code and HD crash', 'node/6', 'http://argonautsvn.berlios.de/', '62.214.240.186', 2, 2221, 1164727589),
(261, '480634794c84dea430168c9d390e43ed', 'First available code and HD crash', 'node/6/edit', 'http://argonautsvn.berlios.de/node/6', '62.214.240.186', 2, 2535, 1164727597),
(262, '', 'log out', 'logout', 'http://argonautsvn.berlios.de/node/6/edit', '62.214.240.186', 0, 404, 1164727646),
(263, '480634794c84dea430168c9d390e43ed', '', 'node', 'http://argonautsvn.berlios.de/node/6/edit', '62.214.240.186', 0, 155, 1164727646),
(264, '0a01a06ba6351c86da871704a1c31e5e', '', 'node', 'http://argonautsvn.berlios.de/', '62.214.240.186', 2, 451, 1164727655),
(265, '0a01a06ba6351c86da871704a1c31e5e', '', 'node', 'http://argonautsvn.berlios.de/', '62.214.240.186', 2, 578, 1164727656),
(266, '0a01a06ba6351c86da871704a1c31e5e', 'Top referrers in the past 4 weeks', 'admin/logs/referrers', 'http://argonautsvn.berlios.de/', '62.214.240.186', 2, 552, 1164727659),
(267, '0a01a06ba6351c86da871704a1c31e5e', 'Page not found', '', '', '62.214.240.186', 2, 1263, 1164728593),
(268, '0a01a06ba6351c86da871704a1c31e5e', 'Page not found', '', '', '62.214.240.186', 2, 1940, 1164728593),
(269, 'bd345c1789c0b3ff0dfa9e5b1a46922c', 'Page not found', '', '', '72.14.195.65', 0, 777, 1164728599),
(270, '0a01a06ba6351c86da871704a1c31e5e', 'Top referrers in the past 4 weeks', 'admin/logs/referrers', 'http://argonautsvn.berlios.de/', '62.214.240.186', 2, 2621, 1164728709),
(271, '', 'log out', 'logout', 'http://argonautsvn.berlios.de/admin/logs/referrers', '62.214.240.186', 0, 581, 1164729940),
(272, '0a01a06ba6351c86da871704a1c31e5e', '', 'node', 'http://argonautsvn.berlios.de/admin/logs/referrers', '62.214.240.186', 0, 289, 1164729940),
(273, 'bd22743a469594868294543e5ed85326', '', 'node', 'http://argonautsvn.berlios.de/', '62.214.240.186', 1, 441, 1164729944),
(274, 'bd22743a469594868294543e5ed85326', '', 'node', 'http://argonautsvn.berlios.de/', '62.214.240.186', 1, 2460, 1164729947),
(275, 'bd22743a469594868294543e5ed85326', 'administer', 'admin', 'http://argonautsvn.berlios.de/', '62.214.240.186', 1, 2010, 1164729953),
(276, 'bd22743a469594868294543e5ed85326', 'modules', 'admin/modules', 'http://argonautsvn.berlios.de/admin', '62.214.240.186', 1, 3201, 1164729959),
(277, 'bd22743a469594868294543e5ed85326', 'modules', 'admin/modules', 'http://argonautsvn.berlios.de/admin/modules', '62.214.240.186', 1, 3191, 1164730019),
(278, 'bd22743a469594868294543e5ed85326', 'modules', 'admin/modules', 'http://argonautsvn.berlios.de/admin/modules', '62.214.240.186', 1, 2315, 1164730022),
(279, 'bd22743a469594868294543e5ed85326', 'settings', 'admin/settings', 'http://argonautsvn.berlios.de/admin/modules', '62.214.240.186', 1, 565, 1164730027),
(280, 'bd22743a469594868294543e5ed85326', 'gsitemap', 'admin/settings/gsitemap', 'http://argonautsvn.berlios.de/admin/settings', '62.214.240.186', 1, 555, 1164730033),
(281, 'bd22743a469594868294543e5ed85326', 'gsitemap', 'admin/settings/gsitemap', 'http://argonautsvn.berlios.de/admin/settings/gsitemap', '62.214.240.186', 1, 2689, 1164730176),
(282, 'bd22743a469594868294543e5ed85326', 'gsitemap', 'admin/settings/gsitemap', 'http://argonautsvn.berlios.de/admin/settings/gsitemap', '62.214.240.186', 1, 1495, 1164730178),
(283, 'bd22743a469594868294543e5ed85326', 'Page not found', '', '', '62.214.240.186', 1, 2466, 1164730190),
(284, 'bd22743a469594868294543e5ed85326', 'gsitemap', 'admin/settings/gsitemap', 'http://argonautsvn.berlios.de/admin/settings/gsitemap', '62.214.240.186', 1, 2420, 1164730197),
(285, 'bd22743a469594868294543e5ed85326', 'gsitemap', 'admin/settings/gsitemap', 'http://argonautsvn.berlios.de/admin/settings/gsitemap', '62.214.240.186', 1, 699, 1164730202),
(286, 'bd22743a469594868294543e5ed85326', 'gsitemap verification page', 'google3bed9fc1cccb774e.html', '', '62.214.240.186', 1, 516, 1164730269),
(287, 'bd22743a469594868294543e5ed85326', 'gsitemap', 'gsitemap', '', '62.214.240.186', 1, 339, 1164730301),
(288, 'bd22743a469594868294543e5ed85326', 'gsitemap', 'admin/settings/gsitemap', 'http://argonautsvn.berlios.de/admin/settings/gsitemap', '62.214.240.186', 1, 1984, 1164730306),
(289, 'bd22743a469594868294543e5ed85326', 'url aliases', 'admin/path', 'http://argonautsvn.berlios.de/admin/settings/gsitemap', '62.214.240.186', 1, 581, 1164730311),
(290, 'bd22743a469594868294543e5ed85326', 'url aliases', 'admin/path/add', 'http://argonautsvn.berlios.de/admin/path', '62.214.240.186', 1, 702, 1164730314),
(291, 'bd22743a469594868294543e5ed85326', 'url aliases', 'admin/path/add', 'http://argonautsvn.berlios.de/admin/path/add', '62.214.240.186', 1, 2013, 1164730325),
(292, 'bd22743a469594868294543e5ed85326', 'url aliases', 'admin/path', 'http://argonautsvn.berlios.de/admin/path/add', '62.214.240.186', 1, 478, 1164730326),
(293, 'bd22743a469594868294543e5ed85326', 'Page not found', '', '', '62.214.240.186', 1, 693, 1164730332),
(294, 'bd22743a469594868294543e5ed85326', 'url aliases', 'admin/path', 'http://argonautsvn.berlios.de/admin/path/add', '62.214.240.186', 1, 1021, 1164730337),
(295, 'bd22743a469594868294543e5ed85326', 'gsitemap', 'admin/path/edit/8', 'http://argonautsvn.berlios.de/admin/path', '62.214.240.186', 1, 693, 1164730354),
(296, 'bd22743a469594868294543e5ed85326', 'gsitemap', 'admin/path/edit/8', 'http://argonautsvn.berlios.de/admin/path/edit/8?destination=admin%2Fpath', '62.214.240.186', 1, 373, 1164730363),
(297, 'bd22743a469594868294543e5ed85326', 'url aliases', 'admin/path', 'http://argonautsvn.berlios.de/admin/path/edit/8?destination=admin%2Fpath', '62.214.240.186', 1, 475, 1164730364),
(298, 'bd22743a469594868294543e5ed85326', 'gsitemap', 'gsitemap', '', '62.214.240.186', 1, 1342, 1164730369),
(299, 'bd22743a469594868294543e5ed85326', 'gsitemap', 'gsitemap', '', '62.214.240.186', 1, 356, 1164730410),
(300, 'bd22743a469594868294543e5ed85326', 'url aliases', 'admin/path', 'http://argonautsvn.berlios.de/admin/path/edit/8?destination=admin%2Fpath', '62.214.240.186', 1, 725, 1164730435),
(301, '', 'log out', 'logout', 'http://argonautsvn.berlios.de/admin/path', '62.214.240.186', 0, 398, 1164730438),
(302, 'bd22743a469594868294543e5ed85326', '', 'node', 'http://argonautsvn.berlios.de/admin/path', '62.214.240.186', 0, 835, 1164730439),
(303, 'bd22743a469594868294543e5ed85326', 'gsitemap', 'gsitemap', '', '62.214.240.186', 0, 384, 1164730442),
(304, 'bd22743a469594868294543e5ed85326', '', 'node', 'http://argonautsvn.berlios.de/admin/path', '62.214.240.186', 0, 130, 1164730444),
(305, '6e668c71a2bc983bd1d2ede9633ff9a9', '', 'node', 'http://argonautsvn.berlios.de/', '62.214.240.186', 1, 438, 1164730448),
(306, '6e668c71a2bc983bd1d2ede9633ff9a9', '', 'node', 'http://argonautsvn.berlios.de/', '62.214.240.186', 1, 399, 1164730449),
(307, '6e668c71a2bc983bd1d2ede9633ff9a9', 'administer', 'admin', 'http://argonautsvn.berlios.de/', '62.214.240.186', 1, 540, 1164730453),
(308, '6e668c71a2bc983bd1d2ede9633ff9a9', 'access control', 'admin/access', 'http://argonautsvn.berlios.de/admin', '62.214.240.186', 1, 900, 1164730455),
(309, '6e668c71a2bc983bd1d2ede9633ff9a9', 'access control', 'admin/access', 'http://argonautsvn.berlios.de/admin/access', '62.214.240.186', 1, 1791, 1164730470),
(310, '6e668c71a2bc983bd1d2ede9633ff9a9', 'access control', 'admin/access', 'http://argonautsvn.berlios.de/admin/access', '62.214.240.186', 1, 1358, 1164730471),
(311, '6e668c71a2bc983bd1d2ede9633ff9a9', 'rss feed', 'rss.xml', '', '62.214.240.186', 1, 960, 1164731150),
(312, '9a6742a4adec6e27830394cf7ae97d04', 'gsitemap', 'gsitemap', '', '62.214.240.186', 0, 515, 1164731445),
(313, '9a6742a4adec6e27830394cf7ae97d04', 'Page not found', '', '', '62.214.240.186', 0, 1331, 1164731447),
(314, '6e668c71a2bc983bd1d2ede9633ff9a9', 'gsitemap', 'gsitemap', '', '62.214.240.186', 1, 1981, 1164732296),
(315, '6e668c71a2bc983bd1d2ede9633ff9a9', 'gsitemap', 'gsitemap', '', '62.214.240.186', 1, 1082, 1164732300),
(316, '6e668c71a2bc983bd1d2ede9633ff9a9', 'gsitemap', 'gsitemap', '', '62.214.240.186', 1, 906, 1164732303),
(317, '6e668c71a2bc983bd1d2ede9633ff9a9', 'gsitemap', 'gsitemap', '', '62.214.240.186', 1, 448, 1164732305),
(318, '6e668c71a2bc983bd1d2ede9633ff9a9', 'gsitemap', 'gsitemap', '', '62.214.240.186', 1, 618, 1164732306),
(319, '6e668c71a2bc983bd1d2ede9633ff9a9', 'gsitemap', 'gsitemap', '', '62.214.240.186', 1, 713, 1164732315),
(320, '', 'log out', 'logout', 'http://argonautsvn.berlios.de/admin/access', '62.214.240.186', 0, 581, 1164732318),
(321, '6e668c71a2bc983bd1d2ede9633ff9a9', '', 'node', 'http://argonautsvn.berlios.de/admin/access', '62.214.240.186', 0, 513, 1164732319),
(322, '6e668c71a2bc983bd1d2ede9633ff9a9', '', 'gsitemap', '', '62.214.240.186', 0, 134, 1164732320),
(323, '6e668c71a2bc983bd1d2ede9633ff9a9', 'About', 'node/3', 'http://argonautsvn.berlios.de/', '62.214.240.186', 0, 508, 1164732327),
(324, '6e668c71a2bc983bd1d2ede9633ff9a9', '', 'node', 'http://argonautsvn.berlios.de/admin/access', '62.214.240.186', 0, 207, 1164732330),
(325, '3a723359942c7b7ee257950a2691f8e8', '', 'node', 'http://argonautsvn.berlios.de/', '62.214.240.186', 1, 926, 1164732339),
(326, '3a723359942c7b7ee257950a2691f8e8', '', 'node', 'http://argonautsvn.berlios.de/', '62.214.240.186', 1, 1023, 1164732340),
(327, '3a723359942c7b7ee257950a2691f8e8', 'administer', 'admin', 'http://argonautsvn.berlios.de/', '62.214.240.186', 1, 1073, 1164732344),
(328, '3a723359942c7b7ee257950a2691f8e8', 'access control', 'admin/access', 'http://argonautsvn.berlios.de/admin', '62.214.240.186', 1, 4167, 1164732354),
(329, '', 'log out', 'logout', 'http://argonautsvn.berlios.de/admin/access', '62.214.240.186', 0, 709, 1164732375),
(330, '3a723359942c7b7ee257950a2691f8e8', '', 'node', 'http://argonautsvn.berlios.de/admin/access', '62.214.240.186', 0, 193, 1164732376),
(331, '3a723359942c7b7ee257950a2691f8e8', 'Page not found', '', '', '62.214.240.186', 0, 486, 1164732414),
(332, '3a723359942c7b7ee257950a2691f8e8', 'Page not found', '', '', '62.214.240.186', 0, 435, 1164732422),
(333, '3a723359942c7b7ee257950a2691f8e8', '', 'gsitemap', '', '62.214.240.186', 0, 158, 1164732453),
(334, '5d982ea7f636abab2dba586888d425fd', '', 'node', 'http://argonautsvn.berlios.de/', '62.214.240.186', 1, 828, 1164732513),
(335, '5d982ea7f636abab2dba586888d425fd', '', 'node', 'http://argonautsvn.berlios.de/', '62.214.240.186', 1, 1178, 1164732515);
INSERT INTO `accesslog` (`aid`, `sid`, `title`, `path`, `url`, `hostname`, `uid`, `timer`, `timestamp`) VALUES 
(336, '5d982ea7f636abab2dba586888d425fd', 'administer', 'admin', 'http://argonautsvn.berlios.de/', '62.214.240.186', 1, 841, 1164732518),
(337, '5d982ea7f636abab2dba586888d425fd', 'settings', 'admin/settings', 'http://argonautsvn.berlios.de/admin', '62.214.240.186', 1, 1615, 1164732522),
(338, '5d982ea7f636abab2dba586888d425fd', 'gsitemap', 'admin/settings/gsitemap', 'http://argonautsvn.berlios.de/admin/settings', '62.214.240.186', 1, 874, 1164732526),
(339, '5d982ea7f636abab2dba586888d425fd', 'gsitemap', 'admin/settings/gsitemap', 'http://argonautsvn.berlios.de/admin/settings/gsitemap', '62.214.240.186', 1, 2112, 1164732602),
(340, '5d982ea7f636abab2dba586888d425fd', 'gsitemap', 'admin/settings/gsitemap', 'http://argonautsvn.berlios.de/admin/settings/gsitemap', '62.214.240.186', 1, 742, 1164732603),
(341, '5d982ea7f636abab2dba586888d425fd', 'logs', 'admin/logs', 'http://argonautsvn.berlios.de/admin/settings/gsitemap', '62.214.240.186', 1, 2915, 1164732612),
(342, '5d982ea7f636abab2dba586888d425fd', 'Top referrers in the past 4 weeks', 'admin/logs/referrers', 'http://argonautsvn.berlios.de/admin/logs', '62.214.240.186', 1, 1600, 1164732616),
(343, '5d982ea7f636abab2dba586888d425fd', 'Top pages in the past 4 weeks', 'admin/logs/pages', 'http://argonautsvn.berlios.de/admin/logs/referrers', '62.214.240.186', 1, 946, 1164732620),
(344, '5d982ea7f636abab2dba586888d425fd', 'Top visitors in the past 4 weeks', 'admin/logs/visitors', 'http://argonautsvn.berlios.de/admin/logs/pages', '62.214.240.186', 1, 603, 1164732639),
(345, '5d982ea7f636abab2dba586888d425fd', 'recent hits', 'admin/logs/hits', 'http://argonautsvn.berlios.de/admin/logs/visitors', '62.214.240.186', 1, 498, 1164732649),
(346, '5d982ea7f636abab2dba586888d425fd', 'recent hits', 'admin/logs/hits', 'http://argonautsvn.berlios.de/admin/logs/hits', '62.214.240.186', 1, 1845, 1164732669),
(347, '5d982ea7f636abab2dba586888d425fd', 'recent hits', 'admin/logs/hits', 'http://argonautsvn.berlios.de/admin/logs/hits', '62.214.240.186', 1, 672, 1164732681),
(348, '5d982ea7f636abab2dba586888d425fd', 'recent hits', 'admin/logs/hits', 'http://argonautsvn.berlios.de/admin/logs/hits', '62.214.240.186', 1, 578, 1164732713),
(349, '5d982ea7f636abab2dba586888d425fd', 'Top referrers in the past 4 weeks', 'admin/logs/referrers', 'http://argonautsvn.berlios.de/admin/logs/hits', '62.214.240.186', 1, 566, 1164732763),
(350, '5d982ea7f636abab2dba586888d425fd', 'recent hits', 'admin/logs/hits', 'http://argonautsvn.berlios.de/admin/logs/referrers', '62.214.240.186', 1, 514, 1164732947),
(351, '5d982ea7f636abab2dba586888d425fd', 'gsitemap', 'gsitemap', '', '62.214.240.186', 1, 519, 1164732953),
(352, '5d982ea7f636abab2dba586888d425fd', 'recent hits', 'admin/logs/hits', 'http://argonautsvn.berlios.de/admin/logs/hits', '62.214.240.186', 1, 590, 1164732956),
(353, '5d982ea7f636abab2dba586888d425fd', 'details', 'admin/logs/access/351', 'http://argonautsvn.berlios.de/admin/logs/hits', '62.214.240.186', 1, 425, 1164732964),
(354, '5d982ea7f636abab2dba586888d425fd', 'modules', 'admin/modules', 'http://argonautsvn.berlios.de/admin/logs/access/351', '62.214.240.186', 1, 2804, 1164733116),
(355, '5d982ea7f636abab2dba586888d425fd', 'settings', 'admin/settings', 'http://argonautsvn.berlios.de/admin/modules', '62.214.240.186', 1, 746, 1164733339),
(356, '5d982ea7f636abab2dba586888d425fd', 'gsitemap', 'admin/settings/gsitemap', 'http://argonautsvn.berlios.de/admin/settings', '62.214.240.186', 1, 1332, 1164733346),
(357, '5d982ea7f636abab2dba586888d425fd', 'gsitemap', 'admin/settings/gsitemap', 'http://argonautsvn.berlios.de/admin/settings/gsitemap', '62.214.240.186', 1, 1701, 1164733356),
(358, '5d982ea7f636abab2dba586888d425fd', 'gsitemap', 'admin/settings/gsitemap', 'http://argonautsvn.berlios.de/admin/settings/gsitemap', '62.214.240.186', 1, 2341, 1164733359),
(359, '5d982ea7f636abab2dba586888d425fd', 'create content', 'node/add', 'http://argonautsvn.berlios.de/admin/settings/gsitemap', '62.214.240.186', 1, 597, 1164733905),
(360, '5d982ea7f636abab2dba586888d425fd', 'Submit page', 'node/add/page', 'http://argonautsvn.berlios.de/node/add', '62.214.240.186', 1, 506, 1164733908),
(361, '5d982ea7f636abab2dba586888d425fd', 'administer', 'admin', 'http://argonautsvn.berlios.de/node/add/page', '62.214.240.186', 1, 955, 1164733921),
(362, '5d982ea7f636abab2dba586888d425fd', 'administer', 'admin', 'http://argonautsvn.berlios.de/admin', '62.214.240.186', 1, 2515, 1164733960),
(363, '5d982ea7f636abab2dba586888d425fd', 'administer', 'admin', 'http://argonautsvn.berlios.de/admin', '62.214.240.186', 1, 2282, 1164734019),
(364, '5d982ea7f636abab2dba586888d425fd', 'details', 'admin/logs/event/122', 'http://argonautsvn.berlios.de/admin', '62.214.240.186', 1, 452, 1164734027),
(365, '5d982ea7f636abab2dba586888d425fd', 'administer', 'admin', 'http://argonautsvn.berlios.de/admin', '62.214.240.186', 1, 697, 1164734034),
(366, '5d982ea7f636abab2dba586888d425fd', 'administer', 'admin', 'http://argonautsvn.berlios.de/admin', '62.214.240.186', 1, 1195, 1164734065),
(367, '5d982ea7f636abab2dba586888d425fd', 'gsitemap', 'gsitemap', '', '62.214.240.186', 1, 435, 1164734071),
(368, '5d982ea7f636abab2dba586888d425fd', 'administer', 'admin', 'http://argonautsvn.berlios.de/admin', '62.214.240.186', 1, 928, 1164734075),
(369, '5d982ea7f636abab2dba586888d425fd', 'access control', 'admin/access', 'http://argonautsvn.berlios.de/admin', '62.214.240.186', 1, 1762, 1164734123),
(370, '', 'log out', 'logout', 'http://argonautsvn.berlios.de/admin/access', '62.214.240.186', 0, 594, 1164734158),
(371, '5d982ea7f636abab2dba586888d425fd', '', 'node', 'http://argonautsvn.berlios.de/admin/access', '62.214.240.186', 0, 599, 1164734159),
(372, '5d982ea7f636abab2dba586888d425fd', 'gsitemap', 'gsitemap', '', '62.214.240.186', 0, 1945, 1164734167),
(373, '5d982ea7f636abab2dba586888d425fd', '', 'gsitemap', '', '62.214.240.186', 0, 134, 1164734171),
(374, '5d982ea7f636abab2dba586888d425fd', '', 'gsitemap', '', '62.214.240.186', 0, 138, 1164734172),
(375, '5d982ea7f636abab2dba586888d425fd', '', 'gsitemap', '', '62.214.240.186', 0, 187, 1164734174),
(376, '5ac08848db2756717653f66edb027fc5', '', 'node', 'http://argonautsvn.berlios.de/', '62.214.240.186', 1, 675, 1164734234),
(377, '5ac08848db2756717653f66edb027fc5', '', 'node', 'http://argonautsvn.berlios.de/', '62.214.240.186', 1, 1152, 1164734236),
(378, '5ac08848db2756717653f66edb027fc5', 'create content', 'node/add', 'http://argonautsvn.berlios.de/', '62.214.240.186', 1, 1051, 1164734242),
(379, '5ac08848db2756717653f66edb027fc5', 'administer', 'admin', 'http://argonautsvn.berlios.de/', '62.214.240.186', 1, 754, 1164734243),
(380, '5ac08848db2756717653f66edb027fc5', 'gsitemap', 'gsitemap', '', '62.214.240.186', 1, 848, 1164734491),
(381, '5ac08848db2756717653f66edb027fc5', 'administer', 'admin', 'http://argonautsvn.berlios.de/admin', '62.214.240.186', 1, 1715, 1164734743),
(382, '5ac08848db2756717653f66edb027fc5', 'rss feed', 'rss.xml', '', '62.214.240.186', 1, 1257, 1164734752),
(383, '5ac08848db2756717653f66edb027fc5', 'administer', 'admin', 'http://argonautsvn.berlios.de/admin', '62.214.240.186', 1, 1517, 1164735055),
(384, '5ac08848db2756717653f66edb027fc5', 'administer', 'admin', 'http://argonautsvn.berlios.de/admin', '62.214.240.186', 1, 710, 1164735057),
(385, '5ac08848db2756717653f66edb027fc5', 'logs', 'admin/logs', 'http://argonautsvn.berlios.de/admin', '62.214.240.186', 1, 2598, 1164735069),
(386, '', 'log out', 'logout', 'http://argonautsvn.berlios.de/admin/logs', '62.214.240.186', 0, 537, 1164735076),
(387, '5ac08848db2756717653f66edb027fc5', '', 'node', 'http://argonautsvn.berlios.de/admin/logs', '62.214.240.186', 0, 180, 1164735077),
(388, 'ec1403316a7f4c642b607f3695419cea', '', 'node', 'http://argonautsvn.berlios.de/', '62.214.240.186', 2, 454, 1164735081),
(389, 'ec1403316a7f4c642b607f3695419cea', '', 'node', 'http://argonautsvn.berlios.de/', '62.214.240.186', 2, 1325, 1164735083),
(390, '', 'log out', 'logout', 'http://argonautsvn.berlios.de/', '62.214.240.186', 0, 387, 1164735089),
(391, 'ec1403316a7f4c642b607f3695419cea', '', 'node', 'http://argonautsvn.berlios.de/', '62.214.240.186', 0, 136, 1164735089),
(392, 'b588b293a8a7ddbf0864880cfb8b0949', '', 'node', 'http://argonautsvn.berlios.de/', '62.214.240.186', 1, 603, 1164735093),
(393, 'b588b293a8a7ddbf0864880cfb8b0949', '', 'node', 'http://argonautsvn.berlios.de/', '62.214.240.186', 1, 915, 1164735094),
(394, 'b588b293a8a7ddbf0864880cfb8b0949', 'administer', 'admin', 'http://argonautsvn.berlios.de/', '62.214.240.186', 1, 1493, 1164735111),
(395, 'b588b293a8a7ddbf0864880cfb8b0949', 'access control', 'admin/access', 'http://argonautsvn.berlios.de/admin', '62.214.240.186', 1, 855, 1164735114),
(396, 'b588b293a8a7ddbf0864880cfb8b0949', 'access control', 'admin/access', 'http://argonautsvn.berlios.de/admin/access', '62.214.240.186', 1, 1226, 1164735159),
(397, 'b588b293a8a7ddbf0864880cfb8b0949', 'access control', 'admin/access', 'http://argonautsvn.berlios.de/admin/access', '62.214.240.186', 1, 1330, 1164735161),
(398, '', 'log out', 'logout', 'http://argonautsvn.berlios.de/admin/access', '62.214.240.186', 0, 809, 1164735164),
(399, 'b588b293a8a7ddbf0864880cfb8b0949', '', 'node', 'http://argonautsvn.berlios.de/admin/access', '62.214.240.186', 0, 836, 1164735165),
(400, '455777d17b9b18d2c348b4e4f9462254', '', 'node', 'http://argonautsvn.berlios.de/', '62.214.240.186', 2, 968, 1164735169),
(401, '455777d17b9b18d2c348b4e4f9462254', '', 'node', 'http://argonautsvn.berlios.de/', '62.214.240.186', 2, 652, 1164735170),
(402, '455777d17b9b18d2c348b4e4f9462254', 'administer', 'admin', 'http://argonautsvn.berlios.de/', '62.214.240.186', 2, 1083, 1164735173),
(403, '455777d17b9b18d2c348b4e4f9462254', 'blocks', 'admin/block', 'http://argonautsvn.berlios.de/admin', '62.214.240.186', 2, 1087, 1164735182),
(404, '455777d17b9b18d2c348b4e4f9462254', 'posts', 'admin/settings/node', 'http://argonautsvn.berlios.de/admin/block', '62.214.240.186', 2, 1519, 1164735191),
(405, '455777d17b9b18d2c348b4e4f9462254', 'administer', 'admin', 'http://argonautsvn.berlios.de/admin/settings/node', '62.214.240.186', 2, 1726, 1164735201),
(406, '455777d17b9b18d2c348b4e4f9462254', 'logs', 'admin/logs', 'http://argonautsvn.berlios.de/admin', '62.214.240.186', 2, 574, 1164735247),
(407, '455777d17b9b18d2c348b4e4f9462254', 'logs', 'admin/logs', 'http://argonautsvn.berlios.de/admin', '62.214.240.186', 2, 875, 1164735249),
(408, '', 'log out', 'logout', 'http://argonautsvn.berlios.de/admin/logs', '62.214.240.186', 0, 504, 1164735259),
(409, '455777d17b9b18d2c348b4e4f9462254', '', 'node', 'http://argonautsvn.berlios.de/admin/logs', '62.214.240.186', 0, 334, 1164735260),
(410, '9a6742a4adec6e27830394cf7ae97d04', 'gsitemap', 'gsitemap', '', '62.214.240.186', 0, 1145, 1164735283),
(411, '21545f11a139d6d39ad96165f5e9f761', '', 'node', 'http://argonautsvn.berlios.de/', '62.214.240.186', 2, 575, 1164735304),
(412, '21545f11a139d6d39ad96165f5e9f761', '', 'node', 'http://argonautsvn.berlios.de/', '62.214.240.186', 2, 887, 1164735305),
(413, '21545f11a139d6d39ad96165f5e9f761', 'administer', 'admin', 'http://argonautsvn.berlios.de/', '62.214.240.186', 2, 584, 1164735309),
(414, '21545f11a139d6d39ad96165f5e9f761', 'details', 'admin/logs/event/135', 'http://argonautsvn.berlios.de/admin', '62.214.240.186', 2, 438, 1164735314),
(415, '21545f11a139d6d39ad96165f5e9f761', 'administer', 'admin', 'http://argonautsvn.berlios.de/admin/logs/event/135', '62.214.240.186', 2, 835, 1164736069),
(416, '21545f11a139d6d39ad96165f5e9f761', 'administer', 'admin', 'http://argonautsvn.berlios.de/admin', '62.214.240.186', 2, 2577, 1164736565),
(417, '', 'log out', 'logout', 'http://argonautsvn.berlios.de/admin', '62.214.240.186', 0, 1112, 1164736702),
(418, '21545f11a139d6d39ad96165f5e9f761', '', 'node', 'http://argonautsvn.berlios.de/admin', '62.214.240.186', 0, 135, 1164736702),
(419, '21545f11a139d6d39ad96165f5e9f761', 'rss feed', 'rss.xml', '', '62.214.240.186', 0, 2707, 1164738355),
(420, '21545f11a139d6d39ad96165f5e9f761', '', 'rss.xml', '', '62.214.240.186', 0, 608, 1164741969),
(421, '4d5587e073571552a40792b33ae77acc', '', 'node', 'http://argonautsvn.berlios.de/', '62.214.240.186', 2, 1247, 1164753298),
(422, '4d5587e073571552a40792b33ae77acc', '', 'node', 'http://argonautsvn.berlios.de/', '62.214.240.186', 2, 392, 1164753299),
(423, '4d5587e073571552a40792b33ae77acc', 'administer', 'admin', 'http://argonautsvn.berlios.de/', '62.214.240.186', 2, 582, 1164753302),
(424, '4d5587e073571552a40792b33ae77acc', 'url aliases', 'admin/path', 'http://argonautsvn.berlios.de/admin', '62.214.240.186', 2, 453, 1164753325),
(425, '', 'log out', 'logout', 'http://argonautsvn.berlios.de/admin/path', '62.214.240.186', 0, 589, 1164753337),
(426, '4d5587e073571552a40792b33ae77acc', '', 'node', 'http://argonautsvn.berlios.de/admin/path', '62.214.240.186', 0, 132, 1164753338),
(427, 'fab8e34ac372a7cd032bbbccbe13e0e5', '', 'node', 'http://argonautsvn.berlios.de/', '62.214.255.34', 2, 1134, 1164816548),
(428, 'fab8e34ac372a7cd032bbbccbe13e0e5', '', 'node', 'http://argonautsvn.berlios.de/', '62.214.255.34', 2, 622, 1164816549),
(429, 'fab8e34ac372a7cd032bbbccbe13e0e5', 'administer', 'admin', 'http://argonautsvn.berlios.de/', '62.214.255.34', 2, 637, 1164816561),
(430, '', 'log out', 'logout', 'http://argonautsvn.berlios.de/admin', '62.214.255.34', 0, 1104, 1164816581),
(431, 'fab8e34ac372a7cd032bbbccbe13e0e5', '', 'node', 'http://argonautsvn.berlios.de/admin', '62.214.255.34', 0, 171, 1164816581),
(432, 'fab8e34ac372a7cd032bbbccbe13e0e5', '', 'gsitemap', '', '62.214.255.34', 0, 192, 1164816658),
(433, '36d239e3d7e70deaeed06ff197f9cceb', '', 'gsitemap', '', '66.249.65.243', 0, 578, 1164835160),
(434, 'fab8e34ac372a7cd032bbbccbe13e0e5', 'Page not found', '', '', '62.214.231.202', 0, 695, 1164917649),
(435, 'fab8e34ac372a7cd032bbbccbe13e0e5', 'Page not found', '', '', '62.214.231.202', 0, 878, 1164917649),
(436, 'e4ef11794ab59ebaee504fb068d22488', '', 'node', 'http://developer.berlios.de/projects/argonautsvn/', '87.160.166.39', 0, 426, 1165147569),
(437, 'fab8e34ac372a7cd032bbbccbe13e0e5', '', 'favicon.ico', '', '217.224.187.42', 0, 883, 1165164932),
(438, 'fab8e34ac372a7cd032bbbccbe13e0e5', '', 'node', '', '217.224.187.42', 0, 133, 1165164993),
(439, 'a971f99124a387c84bd0fd67c9e12a83', '', 'node', 'http://argonautsvn.berlios.de/', '217.224.187.42', 2, 1016, 1165165001),
(440, 'a971f99124a387c84bd0fd67c9e12a83', '', 'node', 'http://argonautsvn.berlios.de/', '217.224.187.42', 2, 803, 1165165002),
(441, 'a971f99124a387c84bd0fd67c9e12a83', 'administer', 'admin', 'http://argonautsvn.berlios.de/', '217.224.187.42', 2, 1975, 1165165007),
(442, 'a971f99124a387c84bd0fd67c9e12a83', 'logs', 'admin/logs', 'http://argonautsvn.berlios.de/admin', '217.224.187.42', 2, 535, 1165165034),
(443, 'a971f99124a387c84bd0fd67c9e12a83', 'Top referrers in the past 4 weeks', 'admin/logs/referrers', 'http://argonautsvn.berlios.de/admin/logs', '217.224.187.42', 2, 598, 1165165037),
(444, 'a971f99124a387c84bd0fd67c9e12a83', 'Top pages in the past 4 weeks', 'admin/logs/pages', 'http://argonautsvn.berlios.de/admin/logs/referrers', '217.224.187.42', 2, 984, 1165165044),
(445, 'a971f99124a387c84bd0fd67c9e12a83', 'Top visitors in the past 4 weeks', 'admin/logs/visitors', 'http://argonautsvn.berlios.de/admin/logs/pages', '217.224.187.42', 2, 718, 1165165056),
(446, 'a971f99124a387c84bd0fd67c9e12a83', 'recent hits', 'admin/logs/hits', 'http://argonautsvn.berlios.de/admin/logs/visitors', '217.224.187.42', 2, 510, 1165165064),
(447, 'a971f99124a387c84bd0fd67c9e12a83', 'details', 'admin/logs/access/433', 'http://argonautsvn.berlios.de/admin/logs/hits', '217.224.187.42', 2, 494, 1165165079),
(448, 'a971f99124a387c84bd0fd67c9e12a83', 'recent hits', 'admin/logs/hits', 'http://argonautsvn.berlios.de/admin/logs/visitors', '217.224.187.42', 2, 1798, 1165165086),
(449, '', 'log out', 'logout', 'http://argonautsvn.berlios.de/admin/logs/hits', '217.224.187.42', 0, 1621, 1165165212),
(450, 'a971f99124a387c84bd0fd67c9e12a83', '', 'node', 'http://argonautsvn.berlios.de/admin/logs/hits', '217.224.187.42', 0, 156, 1165165213),
(451, 'a971f99124a387c84bd0fd67c9e12a83', '', 'node', '', '62.214.247.209', 0, 354, 1165256983),
(452, '0bbea7e7c29d61fd2e66915a560f2acf', '', 'node', '', '65.55.208.62', 0, 915, 1165419844),
(453, '477344ab4f0fa9d788012e2824a24805', 'phw''s blog', 'blog/2', '', '65.55.208.64', 0, 3785, 1165422490),
(454, '048a365aa9d436c8357d54306f83f7d3', 'user account', 'user/password', '', '65.55.208.61', 0, 1894, 1165423795),
(455, '21d2ad732356570b1e4206c13760e57b', '', 'comment/reply/6', '', '65.55.208.61', 0, 769, 1165423914),
(456, 'b24ef0dbe564e629ad377efe05348de9', '', 'rss.xml', '', '65.55.208.61', 0, 721, 1165424270),
(457, 'b6e68bf8a61b6e9376c7cbf2d635bae8', 'blogs', 'blog/2/feed', '', '65.55.208.60', 0, 584, 1165424459),
(458, '438470961294bea4f938f65fdddf506f', '', 'node', '', '65.55.208.66', 0, 4281, 1165424506),
(459, '00b42bf3f084fbb92f7937bb5d73a0b5', 'First available code and HD crash', 'node/6', '', '65.55.208.65', 0, 2736, 1165425300),
(460, 'f8db7ec9af57ec47488c9c2ee0f5fff0', 'About', 'node/3', '', '65.55.208.65', 0, 2880, 1165425301),
(461, '57e27fe51cfb5529a6c3bbf9ee4d9205', 'compose tips', 'filter/tips', '', '65.55.208.61', 0, 3119, 1165426588),
(462, '1508c2b734a8447b55e44731affd7ee7', 'user account', 'user', '', '65.55.208.62', 0, 779, 1165426692),
(463, '44163c031eb8482ab491e9dfcbbcc06b', 'Status', 'node/5', '', '65.55.208.60', 0, 1016, 1165427696),
(464, '26a0d7463e9551a3543aab5181a95ace', 'blogs', 'blog', '', '65.55.208.62', 0, 4105, 1165428851),
(465, '9fc3c490bf8e04430b6681643a653e9b', 'blogs', 'blog/feed', '', '65.55.208.66', 0, 1979, 1165432860),
(466, 'a971f99124a387c84bd0fd67c9e12a83', '', 'node', '', '62.214.241.234', 0, 160, 1165434482),
(467, 'bc9e699e96b437a59329bd7864303850', '', 'node', 'http://argonautsvn.berlios.de/', '62.214.241.234', 2, 1425, 1165434594),
(468, 'bc9e699e96b437a59329bd7864303850', '', 'node', 'http://argonautsvn.berlios.de/', '62.214.241.234', 2, 679, 1165434595),
(469, 'bc9e699e96b437a59329bd7864303850', 'administer', 'admin', 'http://argonautsvn.berlios.de/', '62.214.241.234', 2, 2653, 1165434602),
(470, 'bc9e699e96b437a59329bd7864303850', 'logs', 'admin/logs', 'http://argonautsvn.berlios.de/admin', '62.214.241.234', 2, 2801, 1165434633),
(471, 'bc9e699e96b437a59329bd7864303850', 'Top referrers in the past 4 weeks', 'admin/logs/referrers', 'http://argonautsvn.berlios.de/admin/logs', '62.214.241.234', 2, 1493, 1165434643),
(472, 'bc9e699e96b437a59329bd7864303850', 'Top pages in the past 4 weeks', 'admin/logs/pages', 'http://argonautsvn.berlios.de/admin/logs/referrers', '62.214.241.234', 2, 4755, 1165434660),
(473, 'bc9e699e96b437a59329bd7864303850', 'Top visitors in the past 4 weeks', 'admin/logs/visitors', 'http://argonautsvn.berlios.de/admin/logs/pages', '62.214.241.234', 2, 1248, 1165434675),
(474, 'bc9e699e96b437a59329bd7864303850', 'recent hits', 'admin/logs/hits', 'http://argonautsvn.berlios.de/admin/logs/visitors', '62.214.241.234', 2, 2392, 1165434696),
(475, 'bc9e699e96b437a59329bd7864303850', 'compose tips', 'filter/tips', 'http://argonautsvn.berlios.de/admin/logs/hits', '62.214.241.234', 2, 736, 1165434722),
(476, 'bc9e699e96b437a59329bd7864303850', '', 'node', 'http://argonautsvn.berlios.de/admin/logs/hits', '62.214.241.234', 2, 603, 1165434735),
(477, 'bc9e699e96b437a59329bd7864303850', 'First available code and HD crash', 'node/6', 'http://argonautsvn.berlios.de/', '62.214.241.234', 2, 606, 1165434745),
(478, 'bc9e699e96b437a59329bd7864303850', 'First available code and HD crash', 'node/6', 'http://argonautsvn.berlios.de/', '62.214.241.234', 2, 1309, 1165434808),
(479, 'bc9e699e96b437a59329bd7864303850', 'First available code and HD crash', 'node/6', 'http://argonautsvn.berlios.de/', '62.214.241.234', 2, 2234, 1165434846),
(480, 'bc9e699e96b437a59329bd7864303850', 'recent hits', 'admin/logs/hits', '', '62.214.241.234', 2, 1815, 1165435006),
(481, 'bea7b7a5026141c1a78eb05132124061', '', 'node', '', '195.37.79.50', 0, 902, 1165567988),
(482, 'bea7b7a5026141c1a78eb05132124061', '', 'rss.xml', 'http://argonautsvn.berlios.de/', '195.37.79.50', 0, 502, 1165568008),
(483, 'bea7b7a5026141c1a78eb05132124061', '', 'favicon.ico', '', '195.37.79.50', 0, 571, 1165568010),
(484, 'bc9e699e96b437a59329bd7864303850', '', 'node', '', '89.244.69.38', 2, 782, 1165597417),
(485, 'bc9e699e96b437a59329bd7864303850', 'administer', 'admin', 'http://argonautsvn.berlios.de/', '89.244.69.38', 2, 1064, 1165597423),
(486, 'bc9e699e96b437a59329bd7864303850', 'logs', 'admin/logs', 'http://argonautsvn.berlios.de/admin', '89.244.69.38', 2, 3173, 1165597440),
(487, 'bc9e699e96b437a59329bd7864303850', 'Top referrers in the past 4 weeks', 'admin/logs/referrers', 'http://argonautsvn.berlios.de/admin/logs', '89.244.69.38', 2, 884, 1165597444),
(488, 'bc9e699e96b437a59329bd7864303850', 'Top pages in the past 4 weeks', 'admin/logs/pages', 'http://argonautsvn.berlios.de/admin/logs/referrers', '89.244.69.38', 2, 1852, 1165597449),
(489, 'bc9e699e96b437a59329bd7864303850', 'Top visitors in the past 4 weeks', 'admin/logs/visitors', 'http://argonautsvn.berlios.de/admin/logs/pages', '89.244.69.38', 2, 586, 1165597457),
(490, 'bc9e699e96b437a59329bd7864303850', 'recent hits', 'admin/logs/hits', 'http://argonautsvn.berlios.de/admin/logs/visitors', '89.244.69.38', 2, 1346, 1165597468),
(491, 'bc9e699e96b437a59329bd7864303850', '', 'node', '', '62.214.242.164', 2, 1869, 1165928939),
(492, 'bc9e699e96b437a59329bd7864303850', 'administer', 'admin', 'http://argonautsvn.berlios.de/', '62.214.242.164', 2, 832, 1165928945),
(493, 'bc9e699e96b437a59329bd7864303850', '', 'node', '', '62.214.242.164', 2, 2741, 1165928951),
(494, 'bc9e699e96b437a59329bd7864303850', 'administer', 'admin', 'http://argonautsvn.berlios.de/', '62.214.242.164', 2, 1530, 1165928954),
(495, 'bc9e699e96b437a59329bd7864303850', 'logs', 'admin/logs', 'http://argonautsvn.berlios.de/admin', '62.214.242.164', 2, 728, 1165928965),
(496, 'bc9e699e96b437a59329bd7864303850', 'Top referrers in the past 4 weeks', 'admin/logs/referrers', 'http://argonautsvn.berlios.de/admin/logs', '62.214.242.164', 2, 840, 1165928972),
(497, 'bc9e699e96b437a59329bd7864303850', 'Top pages in the past 4 weeks', 'admin/logs/pages', 'http://argonautsvn.berlios.de/admin/logs/referrers', '62.214.242.164', 2, 1384, 1165928977),
(498, 'bc9e699e96b437a59329bd7864303850', 'Top visitors in the past 4 weeks', 'admin/logs/visitors', 'http://argonautsvn.berlios.de/admin/logs/pages', '62.214.242.164', 2, 1745, 1165928984),
(499, 'bc9e699e96b437a59329bd7864303850', 'recent hits', 'admin/logs/hits', 'http://argonautsvn.berlios.de/admin/logs/visitors', '62.214.242.164', 2, 1122, 1165928999),
(500, '3fb9e01cb3fe9bf9d8158a48e21f1452', '', 'blog/2', '', '65.55.208.64', 0, 593, 1165952503),
(501, 'bc9e699e96b437a59329bd7864303850', 'Top referrers in the past 4 weeks', 'admin/logs/referrers', '', '62.214.254.208', 2, 4455, 1166028981),
(502, 'bc9e699e96b437a59329bd7864303850', 'Top pages in the past 4 weeks', 'admin/logs/pages', 'http://argonautsvn.berlios.de/admin/logs/referrers', '62.214.254.208', 2, 2453, 1166029008),
(503, '7466660243b7f467a30c2bcb4fed2b84', 'gsitemap verification page', 'google3bed9fc1cccb774e.html', '', '64.233.172.18', 0, 1142, 1166029028),
(504, 'bc9e699e96b437a59329bd7864303850', 'url aliases', 'admin/path', 'http://argonautsvn.berlios.de/admin/logs/pages', '62.214.254.208', 2, 776, 1166029067),
(505, '', 'log out', 'logout', 'http://argonautsvn.berlios.de/admin/path', '62.214.254.208', 0, 1941, 1166029075),
(506, 'bc9e699e96b437a59329bd7864303850', '', 'node', 'http://argonautsvn.berlios.de/admin/path', '62.214.254.208', 0, 443, 1166029076),
(507, '82965ba15dd1b652a972be8610223e7b', '', 'node', 'http://argonautsvn.berlios.de/', '62.214.254.208', 1, 796, 1166029081),
(508, '82965ba15dd1b652a972be8610223e7b', '', 'node', 'http://argonautsvn.berlios.de/', '62.214.254.208', 1, 454, 1166029082),
(509, '82965ba15dd1b652a972be8610223e7b', 'administer', 'admin', 'http://argonautsvn.berlios.de/', '62.214.254.208', 1, 1476, 1166029086),
(510, '82965ba15dd1b652a972be8610223e7b', 'settings', 'admin/settings', 'http://argonautsvn.berlios.de/admin', '62.214.254.208', 1, 2386, 1166029092),
(511, '82965ba15dd1b652a972be8610223e7b', 'gsitemap', 'admin/settings/gsitemap', 'http://argonautsvn.berlios.de/admin/settings', '62.214.254.208', 1, 3652, 1166029368),
(512, '82965ba15dd1b652a972be8610223e7b', 'gsitemap', 'admin/settings/gsitemap', 'http://argonautsvn.berlios.de/admin/settings/gsitemap', '62.214.254.208', 1, 2028, 1166029388),
(513, '82965ba15dd1b652a972be8610223e7b', 'gsitemap', 'admin/settings/gsitemap', 'http://argonautsvn.berlios.de/admin/settings/gsitemap', '62.214.254.208', 1, 882, 1166029389),
(514, '82965ba15dd1b652a972be8610223e7b', 'gsitemap verification page', 'google3bed9fc1cccb774e.html', '', '62.214.254.208', 1, 2198, 1166029401),
(515, '82965ba15dd1b652a972be8610223e7b', 'Page not found', '', '', '62.214.254.208', 1, 5685, 1166029407),
(516, '4b823e2e87a160ff27bbb932826fe217', 'gsitemap verification page', 'google3bed9fc1cccb774e.html', '', '64.233.172.18', 0, 8499, 1166029411),
(517, '82965ba15dd1b652a972be8610223e7b', 'Page not found', '', '', '62.214.254.208', 1, 6805, 1166029417),
(518, 'c289a230f3a8cae0b364a58b0ca8e4c5', 'Page not found', '', '', '64.233.172.18', 0, 4834, 1166029417),
(519, 'bc89fee448d93affbbef0b1800102d67', '', 'google3bed9fc1cccb774e.html', '', '64.233.172.18', 0, 126, 1166029422),
(520, '3de36b60706cf17bd2620d731d38743b', '', 'noexist_3bed9fc1cccb774e.html', '', '64.233.172.18', 0, 123, 1166029422),
(521, 'f61597ddeb86c5953176ec1519a1d2b2', 'gsitemap', 'gsitemap', '', '66.249.72.111', 0, 770, 1166029466),
(522, '82965ba15dd1b652a972be8610223e7b', 'logs', 'admin/logs', 'http://argonautsvn.berlios.de/admin/settings/gsitemap', '62.214.254.208', 1, 1333, 1166029483),
(523, '82965ba15dd1b652a972be8610223e7b', 'logs', 'admin/logs', 'http://argonautsvn.berlios.de/admin/logs', '62.214.254.208', 1, 1162, 1166029498),
(524, '82965ba15dd1b652a972be8610223e7b', 'logs', 'admin/logs', 'http://argonautsvn.berlios.de/admin/logs', '62.214.254.208', 1, 1653, 1166029501),
(525, '82965ba15dd1b652a972be8610223e7b', 'Page not found', '', '', '62.214.254.208', 1, 725, 1166029507),
(526, '82965ba15dd1b652a972be8610223e7b', 'gsitemap', 'gsitemap', '', '62.214.254.208', 1, 713, 1166029512),
(527, '82965ba15dd1b652a972be8610223e7b', 'logs', 'admin/logs', 'http://argonautsvn.berlios.de/admin/logs', '62.214.254.208', 1, 1505, 1166029517),
(528, '82965ba15dd1b652a972be8610223e7b', 'logs', 'admin/logs', 'http://argonautsvn.berlios.de/admin/logs', '62.214.254.208', 1, 2070, 1166029519),
(529, '82965ba15dd1b652a972be8610223e7b', 'Top referrers in the past 4 weeks', 'admin/logs/referrers', 'http://argonautsvn.berlios.de/admin/logs', '62.214.254.208', 1, 448, 1166029524),
(530, '', 'log out', 'logout', 'http://argonautsvn.berlios.de/admin/logs/referrers', '62.214.254.208', 0, 523, 1166029652),
(531, '82965ba15dd1b652a972be8610223e7b', '', 'node', 'http://argonautsvn.berlios.de/admin/logs/referrers', '62.214.254.208', 0, 1871, 1166029655),
(532, '82965ba15dd1b652a972be8610223e7b', '', 'node', 'http://argonautsvn.berlios.de/', '62.214.254.208', 0, 732, 1166029788),
(533, '03ab54b3a1bd466e1cf5e3451f587cf3', '', 'node', 'http://argonautsvn.berlios.de/', '62.214.254.208', 2, 2440, 1166029797),
(534, '03ab54b3a1bd466e1cf5e3451f587cf3', '', 'node', 'http://argonautsvn.berlios.de/', '62.214.254.208', 2, 2736, 1166029801),
(535, '03ab54b3a1bd466e1cf5e3451f587cf3', 'administer', 'admin', 'http://argonautsvn.berlios.de/', '62.214.254.208', 2, 634, 1166030308),
(536, '03ab54b3a1bd466e1cf5e3451f587cf3', 'Page not found', '', '', '62.214.254.208', 2, 634, 1166030531),
(537, '9a6742a4adec6e27830394cf7ae97d04', '', 'node', '', '62.214.254.208', 0, 325, 1166030677),
(538, '03ab54b3a1bd466e1cf5e3451f587cf3', 'logs', 'admin/logs', 'http://argonautsvn.berlios.de/admin', '62.214.254.208', 2, 536, 1166030679),
(539, '03ab54b3a1bd466e1cf5e3451f587cf3', 'logs', 'admin/logs', 'http://argonautsvn.berlios.de/admin', '62.214.254.208', 2, 614, 1166030681),
(540, '03ab54b3a1bd466e1cf5e3451f587cf3', 'logs', 'admin/logs', 'http://argonautsvn.berlios.de/admin/logs', '62.214.254.208', 2, 2468, 1166030690),
(541, '03ab54b3a1bd466e1cf5e3451f587cf3', 'logs', 'admin/logs', 'http://argonautsvn.berlios.de/admin/logs', '62.214.254.208', 2, 2722, 1166030693),
(542, '03ab54b3a1bd466e1cf5e3451f587cf3', 'logs', 'admin/logs', 'http://argonautsvn.berlios.de/admin/logs', '62.214.254.208', 2, 1215, 1166030849),
(543, '03ab54b3a1bd466e1cf5e3451f587cf3', 'logs', 'admin/logs', 'http://argonautsvn.berlios.de/admin/logs', '62.214.254.208', 2, 1499, 1166030851),
(544, '03ab54b3a1bd466e1cf5e3451f587cf3', 'logs', 'admin/logs', 'http://argonautsvn.berlios.de/admin/logs', '62.214.254.208', 2, 739, 1166031009),
(545, '03ab54b3a1bd466e1cf5e3451f587cf3', '', 'node', '', '62.214.239.142', 2, 4615, 1166123373),
(546, '03ab54b3a1bd466e1cf5e3451f587cf3', 'administer', 'admin', 'http://argonautsvn.berlios.de/', '62.214.239.142', 2, 1437, 1166123378),
(547, '03ab54b3a1bd466e1cf5e3451f587cf3', 'administer', 'admin', 'http://argonautsvn.berlios.de/', '62.214.239.142', 2, 2718, 1166123448),
(548, '03ab54b3a1bd466e1cf5e3451f587cf3', '', 'node', 'http://argonautsvn.berlios.de/admin', '62.214.239.142', 2, 1145, 1166123452),
(549, '03ab54b3a1bd466e1cf5e3451f587cf3', 'About', 'node/3', 'http://argonautsvn.berlios.de/', '62.214.239.142', 2, 863, 1166123466),
(550, '03ab54b3a1bd466e1cf5e3451f587cf3', 'administer', 'admin', '', '62.214.248.182', 2, 956, 1166199885),
(551, '03ab54b3a1bd466e1cf5e3451f587cf3', 'logs', 'admin/logs', 'http://argonautsvn.berlios.de/admin', '62.214.248.182', 2, 529, 1166199907),
(552, '03ab54b3a1bd466e1cf5e3451f587cf3', 'Top referrers in the past 4 weeks', 'admin/logs/referrers', 'http://argonautsvn.berlios.de/admin/logs', '62.214.248.182', 2, 433, 1166199910),
(553, '03ab54b3a1bd466e1cf5e3451f587cf3', 'Top pages in the past 4 weeks', 'admin/logs/pages', 'http://argonautsvn.berlios.de/admin/logs/referrers', '62.214.248.182', 2, 803, 1166199914),
(554, '03ab54b3a1bd466e1cf5e3451f587cf3', '', 'node', 'http://argonautsvn.berlios.de/admin/logs/pages', '62.214.248.182', 2, 1130, 1166199925),
(555, '03ab54b3a1bd466e1cf5e3451f587cf3', 'Top visitors in the past 4 weeks', 'admin/logs/visitors', 'http://argonautsvn.berlios.de/admin/logs/pages', '62.214.248.182', 2, 1003, 1166199933),
(556, '03ab54b3a1bd466e1cf5e3451f587cf3', 'recent hits', 'admin/logs/hits', 'http://argonautsvn.berlios.de/admin/logs/visitors', '62.214.248.182', 2, 574, 1166199942),
(557, '03ab54b3a1bd466e1cf5e3451f587cf3', '', 'node', '', '62.214.248.182', 2, 4339, 1166202781),
(558, '', 'log out', 'logout', 'http://argonautsvn.berlios.de/', '62.214.248.182', 0, 609, 1166202785),
(559, '03ab54b3a1bd466e1cf5e3451f587cf3', '', 'node', 'http://argonautsvn.berlios.de/', '62.214.248.182', 0, 225, 1166202785),
(560, 'c10f1ad14f337b2831ee14a793ee6e95', '', 'node', 'http://argonautsvn.berlios.de/', '62.214.248.182', 1, 787, 1166202790),
(561, 'c10f1ad14f337b2831ee14a793ee6e95', '', 'node', 'http://argonautsvn.berlios.de/', '62.214.248.182', 1, 527, 1166202791),
(562, 'c10f1ad14f337b2831ee14a793ee6e95', 'administer', 'admin', 'http://argonautsvn.berlios.de/', '62.214.248.182', 1, 586, 1166202794),
(563, 'c10f1ad14f337b2831ee14a793ee6e95', 'modules', 'admin/modules', 'http://argonautsvn.berlios.de/admin', '62.214.248.182', 1, 5409, 1166202803),
(564, 'c10f1ad14f337b2831ee14a793ee6e95', 'modules', 'admin/modules', '', '62.214.248.182', 1, 3045, 1166203420),
(565, 'c10f1ad14f337b2831ee14a793ee6e95', '', 'node', '', '62.214.248.182', 1, 697, 1166203615),
(566, 'c10f1ad14f337b2831ee14a793ee6e95', '', 'node', '', '62.214.248.182', 1, 3612, 1166204520),
(567, 'c10f1ad14f337b2831ee14a793ee6e95', 'administer', 'admin', 'http://argonautsvn.berlios.de/', '62.214.248.182', 1, 1105, 1166204635),
(568, 'c10f1ad14f337b2831ee14a793ee6e95', 'modules', 'admin/modules', 'http://argonautsvn.berlios.de/admin', '62.214.248.182', 1, 2813, 1166204648),
(569, 'c10f1ad14f337b2831ee14a793ee6e95', 'modules', 'admin/modules', 'http://argonautsvn.berlios.de/admin/modules', '62.214.248.182', 1, 2572, 1166204676),
(570, 'c10f1ad14f337b2831ee14a793ee6e95', 'modules', 'admin/modules', 'http://argonautsvn.berlios.de/admin/modules', '62.214.248.182', 1, 2819, 1166204679),
(571, 'c10f1ad14f337b2831ee14a793ee6e95', '', 'node', '', '62.214.248.182', 1, 835, 1166204709),
(572, 'c10f1ad14f337b2831ee14a793ee6e95', 'RSD', 'blogapi/rsd', '', '62.214.248.182', 1, 374, 1166204710),
(573, '', 'log out', 'logout', 'http://argonautsvn.berlios.de/admin/modules', '62.214.248.182', 0, 1024, 1166204756),
(574, 'c10f1ad14f337b2831ee14a793ee6e95', '', 'node', 'http://argonautsvn.berlios.de/admin/modules', '62.214.248.182', 0, 626, 1166204757),
(575, 'ecf775d697f61f105baf9a40dadf0b2d', '', 'node', 'http://argonautsvn.berlios.de/', '62.214.248.182', 2, 853, 1166204777),
(576, 'ecf775d697f61f105baf9a40dadf0b2d', '', 'node', 'http://argonautsvn.berlios.de/', '62.214.248.182', 2, 1458, 1166204779);

-- --------------------------------------------------------

-- 
-- Tabellenstruktur f端r Tabelle `aggregator_category`
-- 

CREATE TABLE `aggregator_category` (
  `cid` int(10) NOT NULL auto_increment,
  `title` varchar(255) NOT NULL default '',
  `description` longtext NOT NULL,
  `block` tinyint(2) NOT NULL default '0',
  PRIMARY KEY  (`cid`),
  UNIQUE KEY `title` (`title`)
) ENGINE=InnoDB DEFAULT CHARSET=utf8 AUTO_INCREMENT=1 ;

-- 
-- Daten f端r Tabelle `aggregator_category`
-- 


-- --------------------------------------------------------

-- 
-- Tabellenstruktur f端r Tabelle `aggregator_category_feed`
-- 

CREATE TABLE `aggregator_category_feed` (
  `fid` int(10) NOT NULL default '0',
  `cid` int(10) NOT NULL default '0',
  PRIMARY KEY  (`fid`,`cid`)
) ENGINE=InnoDB DEFAULT CHARSET=utf8;

-- 
-- Daten f端r Tabelle `aggregator_category_feed`
-- 


-- --------------------------------------------------------

-- 
-- Tabellenstruktur f端r Tabelle `aggregator_category_item`
-- 

CREATE TABLE `aggregator_category_item` (
  `iid` int(10) NOT NULL default '0',
  `cid` int(10) NOT NULL default '0',
  PRIMARY KEY  (`iid`,`cid`)
) ENGINE=InnoDB DEFAULT CHARSET=utf8;

-- 
-- Daten f端r Tabelle `aggregator_category_item`
-- 


-- --------------------------------------------------------

-- 
-- Tabellenstruktur f端r Tabelle `aggregator_feed`
-- 

CREATE TABLE `aggregator_feed` (
  `fid` int(10) NOT NULL auto_increment,
  `title` varchar(255) NOT NULL default '',
  `url` varchar(255) NOT NULL default '',
  `refresh` int(10) NOT NULL default '0',
  `checked` int(10) NOT NULL default '0',
  `link` varchar(255) NOT NULL default '',
  `description` longtext NOT NULL,
  `image` longtext NOT NULL,
  `etag` varchar(255) NOT NULL default '',
  `modified` int(10) NOT NULL default '0',
  `block` tinyint(2) NOT NULL default '0',
  PRIMARY KEY  (`fid`),
  UNIQUE KEY `link` (`url`),
  UNIQUE KEY `title` (`title`)
) ENGINE=InnoDB DEFAULT CHARSET=utf8 AUTO_INCREMENT=1 ;

-- 
-- Daten f端r Tabelle `aggregator_feed`
-- 


-- --------------------------------------------------------

-- 
-- Tabellenstruktur f端r Tabelle `aggregator_item`
-- 

CREATE TABLE `aggregator_item` (
  `iid` int(10) NOT NULL auto_increment,
  `fid` int(10) NOT NULL default '0',
  `title` varchar(255) NOT NULL default '',
  `link` varchar(255) NOT NULL default '',
  `author` varchar(255) NOT NULL default '',
  `description` longtext NOT NULL,
  `timestamp` int(11) default NULL,
  PRIMARY KEY  (`iid`)
) ENGINE=InnoDB DEFAULT CHARSET=utf8 AUTO_INCREMENT=1 ;

-- 
-- Daten f端r Tabelle `aggregator_item`
-- 


-- --------------------------------------------------------

-- 
-- Tabellenstruktur f端r Tabelle `authmap`
-- 

CREATE TABLE `authmap` (
  `aid` int(10) unsigned NOT NULL auto_increment,
  `uid` int(10) NOT NULL default '0',
  `authname` varchar(128) NOT NULL default '',
  `module` varchar(128) NOT NULL default '',
  PRIMARY KEY  (`aid`),
  UNIQUE KEY `authname` (`authname`)
) ENGINE=InnoDB DEFAULT CHARSET=utf8 AUTO_INCREMENT=1 ;

-- 
-- Daten f端r Tabelle `authmap`
-- 


-- --------------------------------------------------------

-- 
-- Tabellenstruktur f端r Tabelle `blocks`
-- 

CREATE TABLE `blocks` (
  `module` varchar(64) NOT NULL default '',
  `delta` varchar(32) NOT NULL default '0',
  `theme` varchar(255) NOT NULL default '',
  `status` tinyint(2) NOT NULL default '0',
  `weight` tinyint(1) NOT NULL default '0',
  `region` varchar(64) NOT NULL default 'left',
  `custom` tinyint(2) NOT NULL default '0',
  `throttle` tinyint(1) NOT NULL default '0',
  `visibility` tinyint(1) NOT NULL default '0',
  `pages` text NOT NULL
) ENGINE=InnoDB DEFAULT CHARSET=utf8;

-- 
-- Daten f端r Tabelle `blocks`
-- 

INSERT INTO `blocks` (`module`, `delta`, `theme`, `status`, `weight`, `region`, `custom`, `throttle`, `visibility`, `pages`) VALUES 
('node', '0', 'bluemarine', 0, 0, 'left', 0, 0, 0, ''),
('user', '0', 'bluemarine', 1, 0, 'left', 0, 0, 0, ''),
('user', '1', 'bluemarine', 1, 0, 'left', 0, 0, 0, ''),
('user', '2', 'bluemarine', 0, 0, 'left', 0, 0, 0, ''),
('user', '3', 'bluemarine', 0, 0, 'left', 0, 0, 0, ''),
('blog', '0', 'bluemarine', 0, 0, 'left', 0, 0, 0, ''),
('comment', '0', 'bluemarine', 0, 0, 'left', 0, 0, 0, ''),
('menu', '2', 'bluemarine', 0, 0, 'left', 0, 0, 0, ''),
('search', '0', 'bluemarine', 0, 0, 'left', 0, 0, 0, ''),
('node', '0', 'marvin', 0, 0, 'left', 0, 0, 0, ''),
('user', '0', 'marvin', 1, 0, 'left', 0, 0, 0, ''),
('user', '1', 'marvin', 1, 0, 'left', 0, 0, 0, ''),
('user', '2', 'marvin', 0, 0, 'left', 0, 0, 0, ''),
('user', '3', 'marvin', 0, 0, 'left', 0, 0, 0, ''),
('blog', '0', 'marvin', 0, 0, 'left', 0, 0, 0, ''),
('comment', '0', 'marvin', 0, 0, 'left', 0, 0, 0, ''),
('menu', '2', 'marvin', 0, 0, 'left', 0, 0, 0, ''),
('search', '0', 'marvin', 0, 0, 'left', 0, 0, 0, ''),
('node', '0', 'pushbutton', 0, 0, 'left', 0, 0, 0, ''),
('user', '0', 'pushbutton', 1, 0, 'left', 0, 0, 0, ''),
('user', '1', 'pushbutton', 1, 0, 'left', 0, 0, 0, ''),
('user', '2', 'pushbutton', 0, 0, 'left', 0, 0, 0, ''),
('user', '3', 'pushbutton', 0, 0, 'left', 0, 0, 0, ''),
('blog', '0', 'pushbutton', 0, 0, 'left', 0, 0, 0, ''),
('comment', '0', 'pushbutton', 0, 0, 'left', 0, 0, 0, ''),
('menu', '2', 'pushbutton', 0, 0, 'left', 0, 0, 0, ''),
('search', '0', 'pushbutton', 0, 0, 'left', 0, 0, 0, ''),
('node', '0', 'chameleon', 1, 0, 'right', 0, 0, 0, ''),
('user', '0', 'chameleon', 1, -8, 'left', 0, 0, 0, ''),
('user', '1', 'chameleon', 1, 0, 'left', 0, 0, 0, ''),
('user', '2', 'chameleon', 0, 0, 'left', 0, 0, 0, ''),
('user', '3', 'chameleon', 0, 0, 'left', 0, 0, 0, ''),
('block', '1', 'chameleon', 1, 0, 'right', 0, 0, 0, ''),
('blog', '0', 'chameleon', 0, 0, 'left', 0, 0, 0, ''),
('comment', '0', 'chameleon', 0, 0, 'left', 0, 0, 0, ''),
('menu', '2', 'chameleon', 0, -6, 'left', 0, 0, 0, ''),
('search', '0', 'chameleon', 1, -8, 'right', 0, 0, 0, ''),
('statistics', '0', 'chameleon', 0, 0, 'left', 0, 0, 0, '');

-- --------------------------------------------------------

-- 
-- Tabellenstruktur f端r Tabelle `book`
-- 

CREATE TABLE `book` (
  `vid` int(10) unsigned NOT NULL default '0',
  `nid` int(10) unsigned NOT NULL default '0',
  `parent` int(10) NOT NULL default '0',
  `weight` tinyint(3) NOT NULL default '0',
  PRIMARY KEY  (`vid`),
  KEY `nid` (`nid`),
  KEY `parent` (`parent`)
) ENGINE=InnoDB DEFAULT CHARSET=utf8;

-- 
-- Daten f端r Tabelle `book`
-- 


-- --------------------------------------------------------

-- 
-- Tabellenstruktur f端r Tabelle `boxes`
-- 

CREATE TABLE `boxes` (
  `bid` tinyint(4) NOT NULL auto_increment,
  `title` varchar(64) NOT NULL default '',
  `body` longtext,
  `info` varchar(128) NOT NULL default '',
  `format` int(4) NOT NULL default '0',
  PRIMARY KEY  (`bid`),
  UNIQUE KEY `info` (`info`)
) ENGINE=InnoDB DEFAULT CHARSET=utf8 AUTO_INCREMENT=2 ;

-- 
-- Daten f端r Tabelle `boxes`
-- 

INSERT INTO `boxes` (`bid`, `title`, `body`, `info`, `format`) VALUES 
(1, '', '<a href="http://developer.berlios.de"><img src="http://developer.berlios.de/bslogo.php?group_id=7636" width="124" height="32" alt="BerliOS Developer Logo" /></a>', 'BerliOS Logo', 3);

-- --------------------------------------------------------

-- 
-- Tabellenstruktur f端r Tabelle `cache`
-- 

CREATE TABLE `cache` (
  `cid` varchar(255) NOT NULL default '',
  `data` longblob,
  `expire` int(11) NOT NULL default '0',
  `created` int(11) NOT NULL default '0',
  `headers` text,
  PRIMARY KEY  (`cid`),
  KEY `expire` (`expire`)
) ENGINE=InnoDB DEFAULT CHARSET=utf8;

-- 
-- Daten f端r Tabelle `cache`
-- 

INSERT INTO `cache` (`cid`, `data`, `expire`, `created`, `headers`) VALUES 
('filter:3:45b05d91f119106514868183fe0e6f51', 0x3c703e3c6120687265663d22687474703a2f2f646576656c6f7065722e6265726c696f732e6465223e3c696d67207372633d22687474703a2f2f646576656c6f7065722e6265726c696f732e64652f62736c6f676f2e7068703f67726f75705f69643d37363336222077696474683d2231323422206865696768743d2233322220616c743d224265726c694f5320446576656c6f706572204c6f676f22202f3e3c2f613e3c2f703e0a, 1166291079, 1166204679, ''),
('filter:3:cb2186c3d4a70ea9b4340e40f3e59f89', 0x3c703e57686f2077616e747320746f206861766520616e206561726c79206c6f6f6b206f6e204172676f6e61757453564e206d617920636865636b206f7574207468652063757272656e7420636f6465206261736520696e207468652053756276657273696f6e207265706f7369746f727920756e646572203c6120687265663d22687474703a2f2f73766e2e6265726c696f732e64652f73766e726f6f742f7265706f732f6172676f6e61757473766e2f7472756e6b223e687474703a2f2f73766e2e6265726c696f732e64652f73766e726f6f742f7265706f732f6172676f6e61757473766e2f7472756e6b3c2f613e2e20546869732070726f746f747970652076657273696f6e206f66204172676f6e61757453564e206665617475726573206120766572792073696d706c6520636f6d6d6974206469616c6f6720616e64206120666972737420617474656d707420746f20646973706c61792073746174757320656d626c656d7320666f722076657273696f6e2d636f6e74726f6c6c65642066696c657320616e6420666f6c646572732c206275742079657420776974686f75742070726f70657220726566726573686573206f6e20737461747573206368616e6765732e3c2f703e0a3c703e506c65617365206e6f74652074686174207468697320697320612070726f746f7479706520746f207465737420746865207573656420746563686e6f6c6f6769657320616e64206c696272617269657320616e64206973206e65697468657220636f6e7369646572656420776f726b696e6720736f667477617265206e6f72206120646566696e69746520696d706c656d656e746174696f6e2e204974206973206f6e6c792070726f766964656420666f722074657374696e6720707572706f73657320616e64206d6179206d616b6520796f7572204e617574696c75732072756e20616d6f6b2e20536f20706c6179207769746820697420617420796f7572206f776e207269736b2e20492077656c636f6d6520666565646261636b2c20686f77657665722e3c2f703e0a, 1166291109, 1166204709, ''),
('filter:3:e137a48f46e3d3357b3bda3074c44b35', 0x3c703e54686520676f616c206f6620746865204172676f6e61757453564e2070726f6a65637420697320746f20646576656c6f702061203c6120687265663d22687474703a2f2f73756276657273696f6e2e7469677269732e6f72672f22207469746c653d2253756276657273696f6e2076657273696f6e20636f6e74726f6c2073797374656d223e53756276657273696f6e3c2f613e20636c69656e742047554920696d706c656d656e74656420617320616e20657874656e73696f6e20746f203c6120687265663d22687474703a2f2f7777772e676e6f6d652e6f72672f70726f6a656374732f6e617574696c75732f22207469746c653d224e617574696c75732066696c65206d616e61676572223e4e617574696c75733c2f613e2c20746865203c6120687265663d22687474703a2f2f7777772e676e6f6d652e6f726722207469746c653d22476e6f6d65206465736b746f7020656e7669726f6e6d656e74223e476e6f6d653c2f613e2066696c65206d616e616765722e205468652070726f6a65637420697320696e737069726564206279203c6120687265663d22687474703a2f2f746f72746f69736573766e2e7469677269732e6f72672f223e546f72746f69736553564e3c2f613e2c207468652053564e20657874656e73696f6e20666f72207468652057696e646f7773204578706c6f7265722e204172676f6e61757453564e20697320696e74656e64656420746f2070726f7669646520612073696d696c617220706f77657266756c6c2053564e2047554920666f722074686520476e6f6d65206465736b746f7020656e7669726f6e6d656e742e3c2f703e0a, 1166291109, 1166204709, ''),
('filter:3:e881e61e2f751c68ca282102e2f019ad', 0x3c703e54686520676f616c206f6620746865204172676f6e61757453564e2070726f6a65637420697320746f20646576656c6f702061203c6120687265663d22687474703a2f2f73756276657273696f6e2e7469677269732e6f72672f22207469746c653d2253756276657273696f6e2076657273696f6e20636f6e74726f6c2073797374656d223e53756276657273696f6e3c2f613e20636c69656e742047554920696d706c656d656e74656420617320616e20657874656e73696f6e20746f203c6120687265663d22687474703a2f2f7777772e676e6f6d652e6f72672f70726f6a656374732f6e617574696c75732f22207469746c653d224e617574696c75732066696c65206d616e61676572223e4e617574696c75733c2f613e2c20746865203c6120687265663d22687474703a2f2f7777772e676e6f6d652e6f726722207469746c653d22476e6f6d65206465736b746f7020656e7669726f6e6d656e74223e476e6f6d653c2f613e2066696c65206d616e616765722e205468652070726f6a65637420697320696e737069726564206279203c6120687265663d22687474703a2f2f746f72746f69736573766e2e7469677269732e6f72672f223e546f72746f69736553564e3c2f613e2c207468652053564e20657874656e73696f6e20666f72207468652057696e646f7773204578706c6f7265722e204172676f6e61757453564e20697320696e74656e64656420746f2070726f7669646520612073696d696c617220706f77657266756c6c2053564e2047554920666f722074686520476e6f6d65206465736b746f7020656e7669726f6e6d656e742e3c2f703e0a3c703e486f77657665722c204172676f6e61757453564e2077696c6c206e6f7420626520616e20657861637420636f7079206f6620546f72746f69736553564e2e20496e7374656164204172676f6e61757453564e2073686f756c6420626520696e746567726174656420696e746f2074686520476e6f6d65206465736b746f7020656e7669726f6e6d656e7420617320676f6f6420617320706f737369626c652e2054686174206d65616e732074686174207468652070726f6a6563742073686f756c6420636f6d706c7920746f20636f6d6d6f6e20476e6f6d65207374616e64617264732c207375636820617320746865203c6120687265663d22687474703a2f2f646576656c6f7065722e676e6f6d652e6f72672f70726f6a656374732f6775702f6869672f223e476e6f6d652048756d616e20496e746572666163652047756964656c696e65733c2f613e2028484947292e3c2f703e0a3c703e4f6e206120746563686e6963616c206261736973204172676f6e61757453564e2077696c6c20626520696d706c656d656e74656420696e203c6120687265663d22687474703a2f2f7777772e707974686f6e2e6f726722207469746c653d22507974686f6e2070726f6772616d6d696e67206c616e6775616765223e507974686f6e3c2f613e2c207573696e67203c6120687265663d22687474703a2f2f7777772e707967746b2e6f72672f223e507947544b3c2f613e2e20412070726f746f7479706520696d706c656d656e746174696f6e206f66204172676f6e61757453564e2077686963682077696c6c2064656d6f6e73747261746520616c6c20636f726520746563686e6f6c6f676965732077696c6c2062652072656c656173656420736f6f6e2e3c2f703e0a, 1166209866, 1166123466, ''),
('http://argonautsvn.berlios.de/', 0x1f8b0800000000000003c5586d73e3b611feee5fb16166faa13d8a969d38f72229bd3bbb8967ae979bb3afd74ea7e38144484405022c004a56263fbecf82a444c92ff1a5edf48b44028bddc5b3bb0f161c7d75fed3dbebbf7db8a022949a3e7c7af3eef22d2569967d3e7d9b65e7d7e7f4d71faffffc8e868363ba0a4ecd42965dbc4f282942a85e66d97abd1eac4f07d62db2eb8fd92d6b19f2b2f631f571cd200f7932391a4523b7a5367e7c8f82e18b172f9a7509696116e3449a84c55f6edf588714f9e4884641052d27afddc21a5187abbfbca75fe835bdc7b3d2b5a7ab7aba92ce2b6b48de0669f86994358b8e46a50c82d88354feab56ab71f2d61a0885f47a53c98466cddb3809589bb147af685608e76518d7619e3e4f2883161f365a52c0925672e67d42a5cc95182742eb64f2475556d6054ab252f95996bbba127ac062af46595c3e19696596e4a41e2717b90a9f3e5e26ad4a51555acd4480e799f3f91f6e1998b88371f2f1ea3ca1c2c9f91648d122e1576630954e2beb07b9cca6da2e44a5584174fae8ff684fe8209d1141de6fd11f58bc7a9a452c1cc48507d67c01e4677520857076aa9a38ccc58a0707f8e95c51a558c8ec366d84bf34baa190a5f41972a4945a6237335b9630b01fe9ff48635c7ca0308bc5309ada7cc32591ab15a91c786154ba6442342a8634d3c2a3debc0a3235d0d6009c4c46a2c324e997d12813ac78c8ab59617fb9e7e0a20a7fb5ceb070d2fc1eed693162c501f2b0de1bad1cd0779bbe4bc622b2a7db6480c9a9ad03fb8632df8ab58991cb95d4b692ae9f1695b3ff94b3e0fb69b3d5f7a199a40a4127b8fe86d7fd74954cfa130d12712b7d202432246fdc8d93b4dd681053c49723d01208f80a2806c77ff8cfe39c57b99c0a976a390ffb38a076664b8abf69ed11c128bf7b4f8f59e1a838e916b491fc8439426814902f4e0e20dfba329a5b57929871b5b5087f9f4b1f9411cd102115436161b2b23e34c6a3d9a83ae5e54cc08780f0788aec28a3735a4ca5268c81af412f31e31a0ff9e9258d7c25ccde52c714ec64be0dce75a13ccd95d4c0cb53373d4826bf47e26335708f56d89c32152a7c5752282771aba55984629c9c1d27c4561b57fece8fff68b6b5738dc8ab9f2131fc36a195d03527db9e7bac95763e323334f17e3a061564905af85d5b97ff4f31a85a237b38eca1c0127d14a2737d149eb8fbbe555f4f4b153a33b6da42f9ce2e4899039d9d74b68f21c3976ae539556bcde7628f0f380fb3dde6ba33028e2183c9c8357593b45282645a0aa501d77d124d5db3fa8ced3415dedf4ea1f29c5b8f1e6aecf88dcafbc0f54a2396e876d33c7113276eda89e6686a599155ed60ecfe42be4712709fbb9da3d157694a53095d5d534269ba8f1b17f2fdbc7040a767c9e44fca010cb1023891ab6618276172faf19c664ef8a265ff0749e468544d3e1796d6c2044fc1522156ac81a4707a0312b24be6d37e5b568a0d9a270966b38c7001abb573bc93687d2a3c38d3c489de61e224484805eb36541b9c667748ffa00bc0abb33664715d9ff3b3e06ab34c26bf6919c331a0588c384f82e5fca0ce453bdfdbe75c8a503be949b0c40615555611e212d94e38e39112116b81c28e6108c8f82a308ab9f295064e3e408727592238a5670ae9aca51c0267b59639966b36035573ab818d7f465340bb9181d60a0c8e67788bf31028cee1510169f8db2a474b6116d20f465915c3f9414b0e81b101ad41213844d8aee27decf60c1f03d7114709f99de36d5618cb59debaa2d5d409d7bd61b991f0053ec0713ef2c01f84ea5b2ab3206fe7612d1c1b753093cbb932287f8a8895488d78220de832b0226b90597065052d79c424c4636b4155ed10b6d624e75929969236b676bb0605612451dae580ae2c45901923528c7f236ad74837e52171496ba911308960ca7c2a66cb6754d835da0bd7c045f735356d47f3064e166bd67a727c7c960e87e9c9777472f2f29bb37ecbd295e28ec2441e51750c2f522aa2cf07303638d81e450e6269691daa9a1f891f0fbba1d87b67f0615f39067ef7f5f1e98b571eb7aa18449623a0ccd10247f60478e68e5ace6048738de84d76f675fb7e131b82ced4eb9c139b69b69d8e2913f782560a5604047ad3bbe6eabef3f4c99c76daeb0c7f8db7ae81f2c20adda02cf78ab7ed1639ddb81c9b86121bbac33a5b861a04b540d6c49beb16851e8175ff6ddd92dff8d81fec4422d033ad18ac1f3e5deeb21f592e7c24d5aea366a70e5de19bf3c22059a30bdb76d7b489bf736a5b0acc1b28118380e076d00db31bcf22208f5ad8aafb814700915f064024cd4a396bca88729c8adbea9b6202957d8495f115f71334dddcb109c60f56a1a657fb084faedb89f68ad278cca1db8114a901a39f95c9eddad3c56da5512770a01feae80096309900d69658106b10368e4587e25b4b37afb58eea39329de207b7fe9bd8e15b1a3e7f797c7a971d4eff5becb05f604d33818defb512dc741c761fdd15c5a945f1c81dc5e3d09f15fd5b4a33f2d03de52ace7ec11da5511741b9f776d2cc375dd6cd43f713568e6e0acd9a3208864c1eb9bd3c7a9d189e3cdfeb09ef58bf59cacd5e6f7dbfc4fd778e36e21740a24936fca305c0098503cb179caa8d3acec6c1dd3bca9737e7576df81e6ccebfbc276ee3df2443733eb4c6ee868afa0e3fd61b3f907d6d6fbd4bbee677f8c0b9f158d65593a77c5280a02ad1bcb8d9e35f1ea6fc99c40eaaa2fa7ee16c5d01a3f17767a738f3d72a6f12e99b840ac9c5354e4e4f12121a0fed37083aef74126e4f9623d19472f554609a72d9e1c2ef0f96e4c6e4fc054e3e8acf969eb6dfdaba94419bd47c32eb61d37e63c3d4a0328b76775b431df9ecceccbb331d4e673b98f8b943e2be9b13fe5d64e0f811263e359fc546f1fbede4e8df66524d50eb160000, -1, 1166204757, 'Content-Type: text/html; charset=utf-8');
INSERT INTO `cache` (`cid`, `data`, `expire`, `created`, `headers`) VALUES 
('menu:0:en', 0x613a343a7b733a31303a227061746820696e646578223b613a3132383a7b733a31333a2261646d696e2f66696c74657273223b733a313a2237223b733a31383a2261646d696e2f66696c746572732f6c697374223b693a2d323b733a31373a2261646d696e2f66696c746572732f616464223b693a2d333b733a32303a2261646d696e2f66696c746572732f64656c657465223b693a2d343b733a31313a2266696c7465722f74697073223b733a313a2233223b733a31303a2261646d696e2f6e6f6465223b733a313a2238223b733a31393a2261646d696e2f6e6f64652f6f76657276696577223b693a2d373b733a31373a2261646d696e2f6e6f64652f736561726368223b693a2d383b733a31393a2261646d696e2f73657474696e67732f6e6f6465223b733a323a223231223b733a32383a2261646d696e2f73657474696e67732f636f6e74656e742d7479706573223b733a323a223232223b733a343a226e6f6465223b733a313a2234223b733a383a226e6f64652f616464223b733a313a2239223b733a373a227273732e786d6c223b693a2d31333b733a31323a2273797374656d2f66696c6573223b693a2d31343b733a353a2261646d696e223b733a313a2235223b733a31323a2261646d696e2f7468656d6573223b733a323a223130223b733a31393a2261646d696e2f7468656d65732f73656c656374223b693a2d31373b733a32313a2261646d696e2f7468656d65732f73657474696e6773223b693a2d31383b733a32383a2261646d696e2f7468656d65732f73657474696e67732f676c6f62616c223b693a2d31393b733a33313a2261646d696e2f7468656d65732f73657474696e67732f6368616d656c656f6e223b693a2d32303b733a31343a2261646d696e2f73657474696e6773223b733a323a223131223b733a32323a2261646d696e2f73657474696e67732f626c6f67617069223b733a323a223434223b733a32313a2261646d696e2f73657474696e67732f736561726368223b733a323a223233223b733a32353a2261646d696e2f73657474696e67732f73746174697374696373223b733a323a223334223b733a32333a2261646d696e2f73657474696e67732f67736974656d6170223b733a323a223433223b733a31333a2261646d696e2f6d6f64756c6573223b733a323a223132223b733a343a2275736572223b693a2d32373b733a31373a22757365722f6175746f636f6d706c657465223b693a2d32383b733a31303a22757365722f6c6f67696e223b693a2d32393b733a31333a22757365722f7265676973746572223b693a2d33303b733a31333a22757365722f70617373776f7264223b693a2d33313b733a31303a22757365722f7265736574223b693a2d33323b733a393a22757365722f68656c70223b693a2d33333b733a31303a2261646d696e2f75736572223b733a323a223133223b733a31353a2261646d696e2f757365722f6c697374223b693a2d33353b733a31373a2261646d696e2f757365722f637265617465223b693a2d33363b733a31393a2261646d696e2f73657474696e67732f75736572223b733a323a223234223b733a31323a2261646d696e2f616363657373223b733a323a223134223b733a32343a2261646d696e2f6163636573732f7065726d697373696f6e73223b693a2d33393b733a31383a2261646d696e2f6163636573732f726f6c6573223b693a2d34303b733a32333a2261646d696e2f6163636573732f726f6c65732f65646974223b693a2d34313b733a31383a2261646d696e2f6163636573732f72756c6573223b693a2d34323b733a32333a2261646d696e2f6163636573732f72756c65732f6c697374223b693a2d34333b733a32323a2261646d696e2f6163636573732f72756c65732f616464223b693a2d34343b733a32343a2261646d696e2f6163636573732f72756c65732f636865636b223b693a2d34353b733a32333a2261646d696e2f6163636573732f72756c65732f65646974223b693a2d34363b733a32353a2261646d696e2f6163636573732f72756c65732f64656c657465223b693a2d34373b733a31373a2261646d696e2f757365722f736561726368223b693a2d34383b733a363a226c6f676f7574223b733a313a2236223b733a31303a2261646d696e2f6c6f6773223b733a323a223135223b733a31363a2261646d696e2f6c6f67732f6576656e74223b693a2d35313b733a31313a2261646d696e2f626c6f636b223b733a323a223136223b733a31363a2261646d696e2f626c6f636b2f6c697374223b693a2d35333b733a32313a2261646d696e2f626c6f636b2f636f6e666967757265223b693a2d35343b733a31383a2261646d696e2f626c6f636b2f64656c657465223b693a2d35353b733a31353a2261646d696e2f626c6f636b2f616464223b693a2d35363b733a32363a2261646d696e2f626c6f636b2f6c6973742f6368616d656c656f6e223b693a2d35373b733a31333a226e6f64652f6164642f626c6f67223b733a323a223238223b733a343a22626c6f67223b733a323a223239223b733a363a22626c6f672f30223b693a2d36303b733a373a22626c6f67617069223b693a2d36313b733a31333a2261646d696e2f636f6d6d656e74223b733a323a223137223b733a31383a2261646d696e2f636f6d6d656e742f6c697374223b693a2d36333b733a32333a2261646d696e2f636f6d6d656e742f636f6e666967757265223b693a2d36343b733a32323a2261646d696e2f636f6d6d656e742f6c6973742f6e6577223b693a2d36353b733a32373a2261646d696e2f636f6d6d656e742f6c6973742f617070726f76616c223b693a2d36363b733a33323a2261646d696e2f636f6d6d656e742f636f6e6669677572652f73657474696e6773223b693a2d36373b733a31343a22636f6d6d656e742f64656c657465223b693a2d36383b733a31323a22636f6d6d656e742f65646974223b693a2d36393b733a31303a2261646d696e2f68656c70223b733a323a223138223b733a31363a2261646d696e2f68656c702f626c6f636b223b693a2d37313b733a31353a2261646d696e2f68656c702f626c6f67223b693a2d37323b733a31383a2261646d696e2f68656c702f626c6f67617069223b693a2d37333b733a31383a2261646d696e2f68656c702f636f6d6d656e74223b693a2d37343b733a31373a2261646d696e2f68656c702f66696c746572223b693a2d37353b733a31393a2261646d696e2f68656c702f67736974656d6170223b693a2d37363b733a31353a2261646d696e2f68656c702f68656c70223b693a2d37373b733a31353a2261646d696e2f68656c702f6d656e75223b693a2d37383b733a31353a2261646d696e2f68656c702f6e6f6465223b693a2d37393b733a31353a2261646d696e2f68656c702f70616765223b693a2d38303b733a31353a2261646d696e2f68656c702f70617468223b693a2d38313b733a31373a2261646d696e2f68656c702f736561726368223b693a2d38323b733a32313a2261646d696e2f68656c702f73746174697374696373223b693a2d38333b733a31363a2261646d696e2f68656c702f73746f7279223b693a2d38343b733a31373a2261646d696e2f68656c702f73797374656d223b693a2d38353b733a31393a2261646d696e2f68656c702f7461786f6e6f6d79223b693a2d38363b733a31383a2261646d696e2f68656c702f74696e796d6365223b693a2d38373b733a31353a2261646d696e2f68656c702f75736572223b693a2d38383b733a31393a2261646d696e2f68656c702f7761746368646f67223b693a2d38393b733a31303a2261646d696e2f6d656e75223b733a323a223139223b733a31353a2261646d696e2f6d656e752f6c697374223b693a2d39313b733a31393a2261646d696e2f6d656e752f6974656d2f616464223b693a2d39323b733a32303a2261646d696e2f6d656e752f6974656d2f65646974223b693a2d39333b733a32313a2261646d696e2f6d656e752f6974656d2f7265736574223b693a2d39343b733a32333a2261646d696e2f6d656e752f6974656d2f64697361626c65223b693a2d39353b733a32323a2261646d696e2f6d656e752f6974656d2f64656c657465223b693a2d39363b733a31393a2261646d696e2f6d656e752f6d656e752f616464223b693a2d39373b733a32303a2261646d696e2f6d656e752f6d656e752f65646974223b693a2d39383b733a32323a2261646d696e2f6d656e752f6d656e752f64656c657465223b693a2d39393b733a31393a2261646d696e2f73657474696e67732f6d656e75223b733a323a223235223b733a31333a226e6f64652f6164642f70616765223b733a323a223236223b733a31303a2261646d696e2f70617468223b733a323a223430223b733a31353a2261646d696e2f706174682f65646974223b693a2d3130333b733a31373a2261646d696e2f706174682f64656c657465223b693a2d3130343b733a31353a2261646d696e2f706174682f6c697374223b693a2d3130353b733a31343a2261646d696e2f706174682f616464223b693a2d3130363b733a363a22736561726368223b733a323a223330223b733a32363a2261646d696e2f73657474696e67732f7365617263682f77697065223b693a2d3130383b733a31353a2261646d696e2f6c6f67732f68697473223b733a323a223335223b733a31363a2261646d696e2f6c6f67732f7061676573223b733a323a223336223b733a31393a2261646d696e2f6c6f67732f76697369746f7273223b733a323a223337223b733a32303a2261646d696e2f6c6f67732f726566657272657273223b733a323a223338223b733a31373a2261646d696e2f6c6f67732f616363657373223b693a2d3131333b733a31343a226e6f64652f6164642f73746f7279223b733a323a223237223b733a31343a2261646d696e2f7461786f6e6f6d79223b733a323a223230223b733a31393a2261646d696e2f7461786f6e6f6d792f6c697374223b693a2d3131363b733a32393a2261646d696e2f7461786f6e6f6d792f6164642f766f636162756c617279223b693a2d3131373b733a33303a2261646d696e2f7461786f6e6f6d792f656469742f766f636162756c617279223b693a2d3131383b733a32343a2261646d696e2f7461786f6e6f6d792f656469742f7465726d223b693a2d3131393b733a31333a227461786f6e6f6d792f7465726d223b693a2d3132303b733a32313a227461786f6e6f6d792f6175746f636f6d706c657465223b693a2d3132313b733a32323a2261646d696e2f73657474696e67732f74696e796d6365223b733a323a223339223b733a383a2267736974656d6170223b693a2d3132333b733a32373a22676f6f676c65336265643966633163636362373734652e68746d6c223b693a2d3132343b733a34383a22687474703a2f2f646576656c6f7065722e6265726c696f732e64652f70726f6a656374732f6172676f6e61757473766e223b733a323a223331223b733a36333a22687474703a2f2f646576656c6f7065722e6265726c696f732e64652f70726f6a6563742f73686f7766696c65732e7068703f67726f75705f69643d37363336223b733a323a223332223b733a363a226e6f64652f33223b733a323a223333223b733a363a226e6f64652f35223b733a323a223432223b7d733a353a226974656d73223b613a3133313a7b693a303b613a353a7b733a343a2270617468223b733a303a22223b733a353a227469746c65223b733a303a22223b733a343a2274797065223b693a313b733a333a22706964223b693a313b733a383a226368696c6472656e223b613a323a7b693a303b693a313b693a313b693a323b7d7d693a313b613a373a7b733a333a22706964223b693a303b733a343a2270617468223b733a303a22223b733a353a227469746c65223b733a31303a224e617669676174696f6e223b733a363a22776569676874223b693a2d35303b733a363a22616363657373223b623a313b733a343a2274797065223b693a333b733a383a226368696c6472656e223b613a31363a7b693a303b693a2d31333b693a313b693a2d31343b693a323b693a2d32373b693a333b693a2d36313b693a343b693a2d36383b693a353b693a2d36393b693a363b693a2d3132303b693a373b693a2d3132313b693a383b693a2d3132333b693a393b693a2d3132343b693a31303b693a333b693a31313b693a343b693a31323b693a353b693a31333b693a363b693a31343b693a32393b693a31353b693a33303b7d7d693a2d323b613a363a7b733a343a2270617468223b733a31383a2261646d696e2f66696c746572732f6c697374223b733a353a227469746c65223b733a343a226c697374223b733a343a2274797065223b693a3634303b733a363a22616363657373223b623a303b733a363a22776569676874223b693a303b733a333a22706964223b733a313a2237223b7d693a2d333b613a363a7b733a343a2270617468223b733a31373a2261646d696e2f66696c746572732f616464223b733a353a227469746c65223b733a31363a2261646420696e70757420666f726d6174223b733a343a2274797065223b693a3132383b733a363a22776569676874223b693a313b733a363a22616363657373223b623a303b733a333a22706964223b733a313a2237223b7d693a2d343b613a363a7b733a343a2270617468223b733a32303a2261646d696e2f66696c746572732f64656c657465223b733a353a227469746c65223b733a31393a2264656c65746520696e70757420666f726d6174223b733a343a2274797065223b693a343b733a363a22616363657373223b623a303b733a363a22776569676874223b693a303b733a333a22706964223b733a313a2237223b7d693a2d373b613a353a7b733a343a2270617468223b733a31393a2261646d696e2f6e6f64652f6f76657276696577223b733a353a227469746c65223b733a343a226c697374223b733a343a2274797065223b693a3634303b733a363a22776569676874223b693a2d31303b733a333a22706964223b733a313a2238223b7d693a2d383b613a363a7b733a343a2270617468223b733a31373a2261646d696e2f6e6f64652f736561726368223b733a353a227469746c65223b733a363a22736561726368223b733a363a22616363657373223b623a303b733a343a2274797065223b693a3132383b733a363a22776569676874223b693a303b733a333a22706964223b733a313a2238223b7d693a2d31333b613a363a7b733a343a2270617468223b733a373a227273732e786d6c223b733a353a227469746c65223b733a383a227273732066656564223b733a363a22616363657373223b623a313b733a343a2274797065223b693a343b733a363a22776569676874223b693a303b733a333a22706964223b693a313b7d693a2d31343b613a363a7b733a343a2270617468223b733a31323a2273797374656d2f66696c6573223b733a353a227469746c65223b733a31333a2266696c6520646f776e6c6f6164223b733a363a22616363657373223b623a313b733a343a2274797065223b693a343b733a363a22776569676874223b693a303b733a333a22706964223b693a313b7d693a2d31373b613a363a7b733a343a2270617468223b733a31393a2261646d696e2f7468656d65732f73656c656374223b733a353a227469746c65223b733a343a226c697374223b733a363a22616363657373223b623a303b733a343a2274797065223b693a3634303b733a363a22776569676874223b693a2d313b733a333a22706964223b733a323a223130223b7d693a2d31383b613a373a7b733a343a2270617468223b733a32313a2261646d696e2f7468656d65732f73657474696e6773223b733a353a227469746c65223b733a393a22636f6e666967757265223b733a363a22616363657373223b623a303b733a343a2274797065223b693a3132383b733a363a22776569676874223b693a303b733a333a22706964223b733a323a223130223b733a383a226368696c6472656e223b613a323a7b693a303b693a2d31393b693a313b693a2d32303b7d7d693a2d31393b613a363a7b733a343a2270617468223b733a32383a2261646d696e2f7468656d65732f73657474696e67732f676c6f62616c223b733a353a227469746c65223b733a31353a22676c6f62616c2073657474696e6773223b733a363a22616363657373223b623a303b733a343a2274797065223b693a3634303b733a363a22776569676874223b693a2d313b733a333a22706964223b693a2d31383b7d693a2d32303b613a363a7b733a343a2270617468223b733a33313a2261646d696e2f7468656d65732f73657474696e67732f6368616d656c656f6e223b733a353a227469746c65223b733a393a226368616d656c656f6e223b733a363a22616363657373223b623a303b733a343a2274797065223b693a3132383b733a363a22776569676874223b693a303b733a333a22706964223b693a2d31383b7d693a2d32373b613a373a7b733a343a2270617468223b733a343a2275736572223b733a353a227469746c65223b733a31323a2275736572206163636f756e74223b733a363a22616363657373223b623a313b733a343a2274797065223b693a343b733a363a22776569676874223b693a303b733a333a22706964223b693a313b733a383a226368696c6472656e223b613a363a7b693a303b693a2d32383b693a313b693a2d32393b693a323b693a2d33303b693a333b693a2d33313b693a343b693a2d33323b693a353b693a2d33333b7d7d693a2d32383b613a363a7b733a343a2270617468223b733a31373a22757365722f6175746f636f6d706c657465223b733a353a227469746c65223b733a31373a2275736572206175746f636f6d706c657465223b733a363a22616363657373223b623a303b733a343a2274797065223b693a343b733a363a22776569676874223b693a303b733a333a22706964223b693a2d32373b7d693a2d32393b613a353a7b733a343a2270617468223b733a31303a22757365722f6c6f67696e223b733a353a227469746c65223b733a363a226c6f6720696e223b733a343a2274797065223b693a3634303b733a363a22776569676874223b693a303b733a333a22706964223b693a2d32373b7d693a2d33303b613a363a7b733a343a2270617468223b733a31333a22757365722f7265676973746572223b733a353a227469746c65223b733a383a227265676973746572223b733a363a22616363657373223b623a303b733a343a2274797065223b693a3132383b733a363a22776569676874223b693a303b733a333a22706964223b693a2d32373b7d693a2d33313b613a363a7b733a343a2270617468223b733a31333a22757365722f70617373776f7264223b733a353a227469746c65223b733a32303a2272657175657374206e65772070617373776f7264223b733a363a22616363657373223b623a313b733a343a2274797065223b693a3132383b733a363a22776569676874223b693a303b733a333a22706964223b693a2d32373b7d693a2d33323b613a363a7b733a343a2270617468223b733a31303a22757365722f7265736574223b733a353a227469746c65223b733a31343a2272657365742070617373776f7264223b733a363a22616363657373223b623a313b733a343a2274797065223b693a343b733a363a22776569676874223b693a303b733a333a22706964223b693a2d32373b7d693a2d33333b613a353a7b733a343a2270617468223b733a393a22757365722f68656c70223b733a353a227469746c65223b733a343a2268656c70223b733a343a2274797065223b693a343b733a363a22776569676874223b693a303b733a333a22706964223b693a2d32373b7d693a2d33353b613a353a7b733a343a2270617468223b733a31353a2261646d696e2f757365722f6c697374223b733a353a227469746c65223b733a343a226c697374223b733a343a2274797065223b693a3634303b733a363a22776569676874223b693a2d31303b733a333a22706964223b733a323a223133223b7d693a2d33363b613a363a7b733a343a2270617468223b733a31373a2261646d696e2f757365722f637265617465223b733a353a227469746c65223b733a383a226164642075736572223b733a363a22616363657373223b623a303b733a343a2274797065223b693a3132383b733a363a22776569676874223b693a303b733a333a22706964223b733a323a223133223b7d693a2d33393b613a363a7b733a343a2270617468223b733a32343a2261646d696e2f6163636573732f7065726d697373696f6e73223b733a353a227469746c65223b733a31313a227065726d697373696f6e73223b733a363a22616363657373223b623a303b733a343a2274797065223b693a3634303b733a363a22776569676874223b693a2d31303b733a333a22706964223b733a323a223134223b7d693a2d34303b613a373a7b733a343a2270617468223b733a31383a2261646d696e2f6163636573732f726f6c6573223b733a353a227469746c65223b733a353a22726f6c6573223b733a363a22616363657373223b623a303b733a343a2274797065223b693a3132383b733a363a22776569676874223b693a303b733a333a22706964223b733a323a223134223b733a383a226368696c6472656e223b613a313a7b693a303b693a2d34313b7d7d693a2d34313b613a363a7b733a343a2270617468223b733a32333a2261646d696e2f6163636573732f726f6c65732f65646974223b733a353a227469746c65223b733a393a226564697420726f6c65223b733a363a22616363657373223b623a303b733a343a2274797065223b693a343b733a363a22776569676874223b693a303b733a333a22706964223b693a2d34303b7d693a2d34323b613a373a7b733a343a2270617468223b733a31383a2261646d696e2f6163636573732f72756c6573223b733a353a227469746c65223b733a31323a226163636573732072756c6573223b733a363a22616363657373223b623a303b733a343a2274797065223b693a3132383b733a363a22776569676874223b693a31303b733a333a22706964223b733a323a223134223b733a383a226368696c6472656e223b613a353a7b693a303b693a2d34333b693a313b693a2d34343b693a323b693a2d34353b693a333b693a2d34363b693a343b693a2d34373b7d7d693a2d34333b613a363a7b733a343a2270617468223b733a32333a2261646d696e2f6163636573732f72756c65732f6c697374223b733a353a227469746c65223b733a343a226c697374223b733a363a22616363657373223b623a303b733a343a2274797065223b693a3634303b733a363a22776569676874223b693a2d31303b733a333a22706964223b693a2d34323b7d693a2d34343b613a363a7b733a343a2270617468223b733a32323a2261646d696e2f6163636573732f72756c65732f616464223b733a353a227469746c65223b733a383a226164642072756c65223b733a363a22616363657373223b623a303b733a343a2274797065223b693a3132383b733a363a22776569676874223b693a303b733a333a22706964223b693a2d34323b7d693a2d34353b613a363a7b733a343a2270617468223b733a32343a2261646d696e2f6163636573732f72756c65732f636865636b223b733a353a227469746c65223b733a31313a22636865636b2072756c6573223b733a363a22616363657373223b623a303b733a343a2274797065223b693a3132383b733a363a22776569676874223b693a303b733a333a22706964223b693a2d34323b7d693a2d34363b613a363a7b733a343a2270617468223b733a32333a2261646d696e2f6163636573732f72756c65732f65646974223b733a353a227469746c65223b733a393a22656469742072756c65223b733a363a22616363657373223b623a303b733a343a2274797065223b693a343b733a363a22776569676874223b693a303b733a333a22706964223b693a2d34323b7d693a2d34373b613a363a7b733a343a2270617468223b733a32353a2261646d696e2f6163636573732f72756c65732f64656c657465223b733a353a227469746c65223b733a31313a2264656c6574652072756c65223b733a363a22616363657373223b623a303b733a343a2274797065223b693a343b733a363a22776569676874223b693a303b733a333a22706964223b693a2d34323b7d693a2d34383b613a363a7b733a343a2270617468223b733a31373a2261646d696e2f757365722f736561726368223b733a353a227469746c65223b733a363a22736561726368223b733a363a22616363657373223b623a303b733a343a2274797065223b693a3132383b733a363a22776569676874223b693a303b733a333a22706964223b733a323a223133223b7d693a2d35313b613a353a7b733a343a2270617468223b733a31363a2261646d696e2f6c6f67732f6576656e74223b733a353a227469746c65223b733a373a2264657461696c73223b733a343a2274797065223b693a343b733a363a22776569676874223b693a303b733a333a22706964223b733a323a223135223b7d693a2d35333b613a363a7b733a343a2270617468223b733a31363a2261646d696e2f626c6f636b2f6c697374223b733a353a227469746c65223b733a343a226c697374223b733a343a2274797065223b693a3634303b733a363a22776569676874223b693a2d31303b733a333a22706964223b733a323a223136223b733a383a226368696c6472656e223b613a313a7b693a303b693a2d35373b7d7d693a2d35343b613a363a7b733a343a2270617468223b733a32313a2261646d696e2f626c6f636b2f636f6e666967757265223b733a353a227469746c65223b733a31353a22636f6e66696775726520626c6f636b223b733a363a22616363657373223b623a303b733a343a2274797065223b693a343b733a363a22776569676874223b693a303b733a333a22706964223b733a323a223136223b7d693a2d35353b613a363a7b733a343a2270617468223b733a31383a2261646d696e2f626c6f636b2f64656c657465223b733a353a227469746c65223b733a31323a2264656c65746520626c6f636b223b733a363a22616363657373223b623a303b733a343a2274797065223b693a343b733a363a22776569676874223b693a303b733a333a22706964223b733a323a223136223b7d693a2d35363b613a363a7b733a343a2270617468223b733a31353a2261646d696e2f626c6f636b2f616464223b733a353a227469746c65223b733a393a2261646420626c6f636b223b733a363a22616363657373223b623a303b733a343a2274797065223b693a3132383b733a363a22776569676874223b693a303b733a333a22706964223b733a323a223136223b7d693a2d35373b613a363a7b733a343a2270617468223b733a32363a2261646d696e2f626c6f636b2f6c6973742f6368616d656c656f6e223b733a353a227469746c65223b733a31383a226368616d656c656f6e2073657474696e6773223b733a363a22616363657373223b623a303b733a343a2274797065223b693a3634303b733a363a22776569676874223b693a2d31303b733a333a22706964223b693a2d35333b7d693a2d36303b613a363a7b733a343a2270617468223b733a363a22626c6f672f30223b733a353a227469746c65223b733a373a226d7920626c6f67223b733a363a22616363657373223b623a303b733a343a2274797065223b693a363b733a363a22776569676874223b693a303b733a333a22706964223b733a323a223239223b7d693a2d36313b613a363a7b733a343a2270617468223b733a373a22626c6f67617069223b733a353a227469746c65223b733a333a22525344223b733a363a22616363657373223b623a313b733a343a2274797065223b693a343b733a363a22776569676874223b693a303b733a333a22706964223b693a313b7d693a2d36333b613a363a7b733a343a2270617468223b733a31383a2261646d696e2f636f6d6d656e742f6c697374223b733a353a227469746c65223b733a343a226c697374223b733a343a2274797065223b693a3634303b733a363a22776569676874223b693a2d31303b733a333a22706964223b733a323a223137223b733a383a226368696c6472656e223b613a323a7b693a303b693a2d36353b693a313b693a2d36363b7d7d693a2d36343b613a373a7b733a343a2270617468223b733a32333a2261646d696e2f636f6d6d656e742f636f6e666967757265223b733a353a227469746c65223b733a393a22636f6e666967757265223b733a363a22616363657373223b623a303b733a343a2274797065223b693a3132383b733a363a22776569676874223b693a303b733a333a22706964223b733a323a223137223b733a383a226368696c6472656e223b613a313a7b693a303b693a2d36373b7d7d693a2d36353b613a353a7b733a343a2270617468223b733a32323a2261646d696e2f636f6d6d656e742f6c6973742f6e6577223b733a353a227469746c65223b733a31383a227075626c697368656420636f6d6d656e7473223b733a343a2274797065223b693a3634303b733a363a22776569676874223b693a2d31303b733a333a22706964223b693a2d36333b7d693a2d36363b613a363a7b733a343a2270617468223b733a32373a2261646d696e2f636f6d6d656e742f6c6973742f617070726f76616c223b733a353a227469746c65223b733a31343a22617070726f76616c207175657565223b733a363a22616363657373223b623a303b733a343a2274797065223b693a3132383b733a363a22776569676874223b693a303b733a333a22706964223b693a2d36333b7d693a2d36373b613a353a7b733a343a2270617468223b733a33323a2261646d696e2f636f6d6d656e742f636f6e6669677572652f73657474696e6773223b733a353a227469746c65223b733a383a2273657474696e6773223b733a343a2274797065223b693a3634303b733a363a22776569676874223b693a2d31303b733a333a22706964223b693a2d36343b7d693a2d36383b613a363a7b733a343a2270617468223b733a31343a22636f6d6d656e742f64656c657465223b733a353a227469746c65223b733a31343a2264656c65746520636f6d6d656e74223b733a363a22616363657373223b623a303b733a343a2274797065223b693a343b733a363a22776569676874223b693a303b733a333a22706964223b693a313b7d693a2d36393b613a363a7b733a343a2270617468223b733a31323a22636f6d6d656e742f65646974223b733a353a227469746c65223b733a31323a226564697420636f6d6d656e74223b733a363a22616363657373223b623a313b733a343a2274797065223b693a343b733a363a22776569676874223b693a303b733a333a22706964223b693a313b7d693a2d37313b613a363a7b733a343a2270617468223b733a31363a2261646d696e2f68656c702f626c6f636b223b733a353a227469746c65223b733a353a22626c6f636b223b733a343a2274797065223b693a343b733a363a22616363657373223b623a303b733a363a22776569676874223b693a303b733a333a22706964223b733a323a223138223b7d693a2d37323b613a363a7b733a343a2270617468223b733a31353a2261646d696e2f68656c702f626c6f67223b733a353a227469746c65223b733a343a22626c6f67223b733a343a2274797065223b693a343b733a363a22616363657373223b623a303b733a363a22776569676874223b693a303b733a333a22706964223b733a323a223138223b7d693a2d37333b613a363a7b733a343a2270617468223b733a31383a2261646d696e2f68656c702f626c6f67617069223b733a353a227469746c65223b733a373a22626c6f67617069223b733a343a2274797065223b693a343b733a363a22616363657373223b623a303b733a363a22776569676874223b693a303b733a333a22706964223b733a323a223138223b7d693a2d37343b613a363a7b733a343a2270617468223b733a31383a2261646d696e2f68656c702f636f6d6d656e74223b733a353a227469746c65223b733a373a22636f6d6d656e74223b733a343a2274797065223b693a343b733a363a22616363657373223b623a303b733a363a22776569676874223b693a303b733a333a22706964223b733a323a223138223b7d693a2d37353b613a363a7b733a343a2270617468223b733a31373a2261646d696e2f68656c702f66696c746572223b733a353a227469746c65223b733a363a2266696c746572223b733a343a2274797065223b693a343b733a363a22616363657373223b623a303b733a363a22776569676874223b693a303b733a333a22706964223b733a323a223138223b7d693a2d37363b613a363a7b733a343a2270617468223b733a31393a2261646d696e2f68656c702f67736974656d6170223b733a353a227469746c65223b733a383a2267736974656d6170223b733a343a2274797065223b693a343b733a363a22616363657373223b623a303b733a363a22776569676874223b693a303b733a333a22706964223b733a323a223138223b7d693a2d37373b613a363a7b733a343a2270617468223b733a31353a2261646d696e2f68656c702f68656c70223b733a353a227469746c65223b733a343a2268656c70223b733a343a2274797065223b693a343b733a363a22616363657373223b623a303b733a363a22776569676874223b693a303b733a333a22706964223b733a323a223138223b7d693a2d37383b613a363a7b733a343a2270617468223b733a31353a2261646d696e2f68656c702f6d656e75223b733a353a227469746c65223b733a343a226d656e75223b733a343a2274797065223b693a343b733a363a22616363657373223b623a303b733a363a22776569676874223b693a303b733a333a22706964223b733a323a223138223b7d693a2d37393b613a363a7b733a343a2270617468223b733a31353a2261646d696e2f68656c702f6e6f6465223b733a353a227469746c65223b733a343a226e6f6465223b733a343a2274797065223b693a343b733a363a22616363657373223b623a303b733a363a22776569676874223b693a303b733a333a22706964223b733a323a223138223b7d693a2d38303b613a363a7b733a343a2270617468223b733a31353a2261646d696e2f68656c702f70616765223b733a353a227469746c65223b733a343a2270616765223b733a343a2274797065223b693a343b733a363a22616363657373223b623a303b733a363a22776569676874223b693a303b733a333a22706964223b733a323a223138223b7d693a2d38313b613a363a7b733a343a2270617468223b733a31353a2261646d696e2f68656c702f70617468223b733a353a227469746c65223b733a343a2270617468223b733a343a2274797065223b693a343b733a363a22616363657373223b623a303b733a363a22776569676874223b693a303b733a333a22706964223b733a323a223138223b7d693a2d38323b613a363a7b733a343a2270617468223b733a31373a2261646d696e2f68656c702f736561726368223b733a353a227469746c65223b733a363a22736561726368223b733a343a2274797065223b693a343b733a363a22616363657373223b623a303b733a363a22776569676874223b693a303b733a333a22706964223b733a323a223138223b7d693a2d38333b613a363a7b733a343a2270617468223b733a32313a2261646d696e2f68656c702f73746174697374696373223b733a353a227469746c65223b733a31303a2273746174697374696373223b733a343a2274797065223b693a343b733a363a22616363657373223b623a303b733a363a22776569676874223b693a303b733a333a22706964223b733a323a223138223b7d693a2d38343b613a363a7b733a343a2270617468223b733a31363a2261646d696e2f68656c702f73746f7279223b733a353a227469746c65223b733a353a2273746f7279223b733a343a2274797065223b693a343b733a363a22616363657373223b623a303b733a363a22776569676874223b693a303b733a333a22706964223b733a323a223138223b7d693a2d38353b613a363a7b733a343a2270617468223b733a31373a2261646d696e2f68656c702f73797374656d223b733a353a227469746c65223b733a363a2273797374656d223b733a343a2274797065223b693a343b733a363a22616363657373223b623a303b733a363a22776569676874223b693a303b733a333a22706964223b733a323a223138223b7d693a2d38363b613a363a7b733a343a2270617468223b733a31393a2261646d696e2f68656c702f7461786f6e6f6d79223b733a353a227469746c65223b733a383a227461786f6e6f6d79223b733a343a2274797065223b693a343b733a363a22616363657373223b623a303b733a363a22776569676874223b693a303b733a333a22706964223b733a323a223138223b7d693a2d38373b613a363a7b733a343a2270617468223b733a31383a2261646d696e2f68656c702f74696e796d6365223b733a353a227469746c65223b733a373a2274696e796d6365223b733a343a2274797065223b693a343b733a363a22616363657373223b623a303b733a363a22776569676874223b693a303b733a333a22706964223b733a323a223138223b7d693a2d38383b613a363a7b733a343a2270617468223b733a31353a2261646d696e2f68656c702f75736572223b733a353a227469746c65223b733a343a2275736572223b733a343a2274797065223b693a343b733a363a22616363657373223b623a303b733a363a22776569676874223b693a303b733a333a22706964223b733a323a223138223b7d693a2d38393b613a363a7b733a343a2270617468223b733a31393a2261646d696e2f68656c702f7761746368646f67223b733a353a227469746c65223b733a383a227761746368646f67223b733a343a2274797065223b693a343b733a363a22616363657373223b623a303b733a363a22776569676874223b693a303b733a333a22706964223b733a323a223138223b7d693a2d39313b613a353a7b733a343a2270617468223b733a31353a2261646d696e2f6d656e752f6c697374223b733a353a227469746c65223b733a343a226c697374223b733a343a2274797065223b693a3634303b733a363a22776569676874223b693a2d31303b733a333a22706964223b733a323a223139223b7d693a2d39323b613a363a7b733a343a2270617468223b733a31393a2261646d696e2f6d656e752f6974656d2f616464223b733a353a227469746c65223b733a31333a22616464206d656e75206974656d223b733a363a22616363657373223b623a303b733a343a2274797065223b693a3132383b733a363a22776569676874223b693a303b733a333a22706964223b733a323a223139223b7d693a2d39333b613a363a7b733a343a2270617468223b733a32303a2261646d696e2f6d656e752f6974656d2f65646974223b733a353a227469746c65223b733a31343a2265646974206d656e75206974656d223b733a363a22616363657373223b623a303b733a343a2274797065223b693a343b733a363a22776569676874223b693a303b733a333a22706964223b733a323a223139223b7d693a2d39343b613a363a7b733a343a2270617468223b733a32313a2261646d696e2f6d656e752f6974656d2f7265736574223b733a353a227469746c65223b733a31353a227265736574206d656e75206974656d223b733a363a22616363657373223b623a303b733a343a2274797065223b693a343b733a363a22776569676874223b693a303b733a333a22706964223b733a323a223139223b7d693a2d39353b613a363a7b733a343a2270617468223b733a32333a2261646d696e2f6d656e752f6974656d2f64697361626c65223b733a353a227469746c65223b733a31373a2264697361626c65206d656e75206974656d223b733a363a22616363657373223b623a303b733a343a2274797065223b693a343b733a363a22776569676874223b693a303b733a333a22706964223b733a323a223139223b7d693a2d39363b613a363a7b733a343a2270617468223b733a32323a2261646d696e2f6d656e752f6974656d2f64656c657465223b733a353a227469746c65223b733a31363a2264656c657465206d656e75206974656d223b733a363a22616363657373223b623a303b733a343a2274797065223b693a343b733a363a22776569676874223b693a303b733a333a22706964223b733a323a223139223b7d693a2d39373b613a363a7b733a343a2270617468223b733a31393a2261646d696e2f6d656e752f6d656e752f616464223b733a353a227469746c65223b733a383a22616464206d656e75223b733a363a22616363657373223b623a303b733a343a2274797065223b693a3132383b733a363a22776569676874223b693a303b733a333a22706964223b733a323a223139223b7d693a2d39383b613a363a7b733a343a2270617468223b733a32303a2261646d696e2f6d656e752f6d656e752f65646974223b733a353a227469746c65223b733a393a2265646974206d656e75223b733a363a22616363657373223b623a303b733a343a2274797065223b693a343b733a363a22776569676874223b693a303b733a333a22706964223b733a323a223139223b7d693a2d39393b613a363a7b733a343a2270617468223b733a32323a2261646d696e2f6d656e752f6d656e752f64656c657465223b733a353a227469746c65223b733a31313a2264656c657465206d656e75223b733a363a22616363657373223b623a303b733a343a2274797065223b693a343b733a363a22776569676874223b693a303b733a333a22706964223b733a323a223139223b7d693a2d3130333b613a363a7b733a343a2270617468223b733a31353a2261646d696e2f706174682f65646974223b733a353a227469746c65223b733a31303a226564697420616c696173223b733a363a22616363657373223b623a303b733a343a2274797065223b693a343b733a363a22776569676874223b693a303b733a333a22706964223b733a323a223430223b7d693a2d3130343b613a363a7b733a343a2270617468223b733a31373a2261646d696e2f706174682f64656c657465223b733a353a227469746c65223b733a31323a2264656c65746520616c696173223b733a363a22616363657373223b623a303b733a343a2274797065223b693a343b733a363a22776569676874223b693a303b733a333a22706964223b733a323a223430223b7d693a2d3130353b613a353a7b733a343a2270617468223b733a31353a2261646d696e2f706174682f6c697374223b733a353a227469746c65223b733a343a226c697374223b733a343a2274797065223b693a3634303b733a363a22776569676874223b693a2d31303b733a333a22706964223b733a323a223430223b7d693a2d3130363b613a363a7b733a343a2270617468223b733a31343a2261646d696e2f706174682f616464223b733a353a227469746c65223b733a393a2261646420616c696173223b733a363a22616363657373223b623a303b733a343a2274797065223b693a3132383b733a363a22776569676874223b693a303b733a333a22706964223b733a323a223430223b7d693a2d3130383b613a363a7b733a343a2270617468223b733a32363a2261646d696e2f73657474696e67732f7365617263682f77697065223b733a353a227469746c65223b733a31313a22436c65617220696e646578223b733a363a22616363657373223b623a303b733a343a2274797065223b693a343b733a363a22776569676874223b693a303b733a333a22706964223b733a323a223233223b7d693a2d3131333b613a363a7b733a343a2270617468223b733a31373a2261646d696e2f6c6f67732f616363657373223b733a353a227469746c65223b733a373a2264657461696c73223b733a363a22616363657373223b623a303b733a343a2274797065223b693a343b733a363a22776569676874223b693a303b733a333a22706964223b733a323a223135223b7d693a2d3131363b613a353a7b733a343a2270617468223b733a31393a2261646d696e2f7461786f6e6f6d792f6c697374223b733a353a227469746c65223b733a343a226c697374223b733a343a2274797065223b693a3634303b733a363a22776569676874223b693a2d31303b733a333a22706964223b733a323a223230223b7d693a2d3131373b613a363a7b733a343a2270617468223b733a32393a2261646d696e2f7461786f6e6f6d792f6164642f766f636162756c617279223b733a353a227469746c65223b733a31343a2261646420766f636162756c617279223b733a363a22616363657373223b623a303b733a343a2274797065223b693a3132383b733a363a22776569676874223b693a303b733a333a22706964223b733a323a223230223b7d693a2d3131383b613a363a7b733a343a2270617468223b733a33303a2261646d696e2f7461786f6e6f6d792f656469742f766f636162756c617279223b733a353a227469746c65223b733a31353a226564697420766f636162756c617279223b733a363a22616363657373223b623a303b733a343a2274797065223b693a343b733a363a22776569676874223b693a303b733a333a22706964223b733a323a223230223b7d693a2d3131393b613a363a7b733a343a2270617468223b733a32343a2261646d696e2f7461786f6e6f6d792f656469742f7465726d223b733a353a227469746c65223b733a393a2265646974207465726d223b733a363a22616363657373223b623a303b733a343a2274797065223b693a343b733a363a22776569676874223b693a303b733a333a22706964223b733a323a223230223b7d693a2d3132303b613a363a7b733a343a2270617468223b733a31333a227461786f6e6f6d792f7465726d223b733a353a227469746c65223b733a31333a227461786f6e6f6d79207465726d223b733a363a22616363657373223b623a313b733a343a2274797065223b693a343b733a363a22776569676874223b693a303b733a333a22706964223b693a313b7d693a2d3132313b613a363a7b733a343a2270617468223b733a32313a227461786f6e6f6d792f6175746f636f6d706c657465223b733a353a227469746c65223b733a32313a226175746f636f6d706c657465207461786f6e6f6d79223b733a363a22616363657373223b623a313b733a343a2274797065223b693a343b733a363a22776569676874223b693a303b733a333a22706964223b693a313b7d693a2d3132333b613a363a7b733a343a2270617468223b733a383a2267736974656d6170223b733a353a227469746c65223b733a383a2267736974656d6170223b733a343a2274797065223b693a343b733a363a22616363657373223b693a313b733a363a22776569676874223b693a303b733a333a22706964223b693a313b7d693a2d3132343b613a363a7b733a343a2270617468223b733a32373a22676f6f676c65336265643966633163636362373734652e68746d6c223b733a353a227469746c65223b733a32363a2267736974656d617020766572696669636174696f6e2070616765223b733a343a2274797065223b693a343b733a363a22616363657373223b693a313b733a363a22776569676874223b693a303b733a333a22706964223b693a313b7d693a323b613a373a7b733a343a2270617468223b733a303a22223b733a353a227469746c65223b733a31333a225072696d617279206c696e6b73223b733a31313a226465736372697074696f6e223b733a303a22223b733a333a22706964223b733a313a2230223b733a363a22776569676874223b733a313a2230223b733a343a2274797065223b733a333a22313135223b733a383a226368696c6472656e223b613a333a7b693a303b693a33313b693a313b693a33323b693a323b693a33333b7d7d693a333b613a363a7b733a343a2270617468223b733a31313a2266696c7465722f74697073223b733a353a227469746c65223b733a31323a22636f6d706f73652074697073223b733a363a22616363657373223b623a313b733a343a2274797065223b693a32303b733a363a22776569676874223b693a303b733a333a22706964223b693a313b7d693a343b613a373a7b733a343a2270617468223b733a343a226e6f6465223b733a353a227469746c65223b733a373a22636f6e74656e74223b733a363a22616363657373223b623a313b733a343a2274797065223b693a31363b733a363a22776569676874223b693a303b733a333a22706964223b693a313b733a383a226368696c6472656e223b613a313a7b693a303b693a393b7d7d693a353b613a373a7b733a343a2270617468223b733a353a2261646d696e223b733a353a227469746c65223b733a31303a2261646d696e6973746572223b733a363a22616363657373223b623a303b733a363a22776569676874223b693a393b733a343a2274797065223b693a32323b733a333a22706964223b693a313b733a383a226368696c6472656e223b613a31343a7b693a303b693a373b693a313b693a383b693a323b693a31303b693a333b693a31313b693a343b693a31323b693a353b693a31333b693a363b693a31343b693a373b693a31353b693a383b693a31363b693a393b693a31373b693a31303b693a31383b693a31313b693a31393b693a31323b693a32303b693a31333b693a34303b7d7d693a363b613a363a7b733a343a2270617468223b733a363a226c6f676f7574223b733a353a227469746c65223b733a373a226c6f67206f7574223b733a363a22616363657373223b623a303b733a363a22776569676874223b693a31303b733a343a2274797065223b693a32323b733a333a22706964223b693a313b7d693a373b613a373a7b733a343a2270617468223b733a31333a2261646d696e2f66696c74657273223b733a353a227469746c65223b733a31333a22696e70757420666f726d617473223b733a363a22616363657373223b623a303b733a343a2274797065223b693a32323b733a363a22776569676874223b693a303b733a383a226368696c6472656e223b613a333a7b693a303b693a2d323b693a313b693a2d333b693a323b693a2d343b7d733a333a22706964223b733a313a2235223b7d693a383b613a373a7b733a343a2270617468223b733a31303a2261646d696e2f6e6f6465223b733a353a227469746c65223b733a373a22636f6e74656e74223b733a363a22616363657373223b623a303b733a343a2274797065223b693a32323b733a363a22776569676874223b693a303b733a383a226368696c6472656e223b613a323a7b693a303b693a2d373b693a313b693a2d383b7d733a333a22706964223b733a313a2235223b7d693a393b613a373a7b733a343a2270617468223b733a383a226e6f64652f616464223b733a353a227469746c65223b733a31343a2263726561746520636f6e74656e74223b733a363a22616363657373223b623a313b733a343a2274797065223b693a32383b733a363a22776569676874223b693a313b733a333a22706964223b733a313a2234223b733a383a226368696c6472656e223b613a333a7b693a303b693a32363b693a313b693a32373b693a323b693a32383b7d7d693a31303b613a373a7b733a343a2270617468223b733a31323a2261646d696e2f7468656d6573223b733a353a227469746c65223b733a363a227468656d6573223b733a363a22616363657373223b623a303b733a343a2274797065223b693a32323b733a363a22776569676874223b693a303b733a383a226368696c6472656e223b613a323a7b693a303b693a2d31373b693a313b693a2d31383b7d733a333a22706964223b733a313a2235223b7d693a31313b613a373a7b733a343a2270617468223b733a31343a2261646d696e2f73657474696e6773223b733a353a227469746c65223b733a383a2273657474696e6773223b733a363a22616363657373223b623a303b733a343a2274797065223b693a32323b733a363a22776569676874223b693a303b733a333a22706964223b733a313a2235223b733a383a226368696c6472656e223b613a393a7b693a303b693a32313b693a313b693a32323b693a323b693a32333b693a333b693a32343b693a343b693a32353b693a353b693a33343b693a363b693a33393b693a373b693a34333b693a383b693a34343b7d7d693a31323b613a363a7b733a343a2270617468223b733a31333a2261646d696e2f6d6f64756c6573223b733a353a227469746c65223b733a373a226d6f64756c6573223b733a363a22616363657373223b623a303b733a343a2274797065223b693a32323b733a363a22776569676874223b693a303b733a333a22706964223b733a313a2235223b7d693a31333b613a373a7b733a343a2270617468223b733a31303a2261646d696e2f75736572223b733a353a227469746c65223b733a353a227573657273223b733a363a22616363657373223b623a303b733a343a2274797065223b693a32323b733a363a22776569676874223b693a303b733a383a226368696c6472656e223b613a333a7b693a303b693a2d33353b693a313b693a2d33363b693a323b693a2d34383b7d733a333a22706964223b733a313a2235223b7d693a31343b613a373a7b733a343a2270617468223b733a31323a2261646d696e2f616363657373223b733a353a227469746c65223b733a31343a2261636365737320636f6e74726f6c223b733a363a22616363657373223b623a303b733a343a2274797065223b693a32323b733a363a22776569676874223b693a303b733a383a226368696c6472656e223b613a333a7b693a303b693a2d33393b693a313b693a2d34303b693a323b693a2d34323b7d733a333a22706964223b733a313a2235223b7d693a31353b613a363a7b733a343a2270617468223b733a31303a2261646d696e2f6c6f6773223b733a353a227469746c65223b733a343a226c6f6773223b733a343a2274797065223b693a32323b733a363a22776569676874223b693a303b733a383a226368696c6472656e223b613a363a7b693a303b693a2d35313b693a313b693a2d3131333b693a323b693a33353b693a333b693a33363b693a343b693a33373b693a353b693a33383b7d733a333a22706964223b733a313a2235223b7d693a31363b613a373a7b733a343a2270617468223b733a31313a2261646d696e2f626c6f636b223b733a353a227469746c65223b733a363a22626c6f636b73223b733a363a22616363657373223b623a303b733a343a2274797065223b693a32323b733a363a22776569676874223b693a303b733a383a226368696c6472656e223b613a343a7b693a303b693a2d35333b693a313b693a2d35343b693a323b693a2d35353b693a333b693a2d35363b7d733a333a22706964223b733a313a2235223b7d693a31373b613a373a7b733a343a2270617468223b733a31333a2261646d696e2f636f6d6d656e74223b733a353a227469746c65223b733a383a22636f6d6d656e7473223b733a363a22616363657373223b623a303b733a343a2274797065223b693a32323b733a363a22776569676874223b693a303b733a383a226368696c6472656e223b613a323a7b693a303b693a2d36333b693a313b693a2d36343b7d733a333a22706964223b733a313a2235223b7d693a31383b613a373a7b733a343a2270617468223b733a31303a2261646d696e2f68656c70223b733a353a227469746c65223b733a343a2268656c70223b733a363a22616363657373223b623a303b733a363a22776569676874223b693a393b733a343a2274797065223b693a32323b733a383a226368696c6472656e223b613a31393a7b693a303b693a2d37313b693a313b693a2d37323b693a323b693a2d37333b693a333b693a2d37343b693a343b693a2d37353b693a353b693a2d37363b693a363b693a2d37373b693a373b693a2d37383b693a383b693a2d37393b693a393b693a2d38303b693a31303b693a2d38313b693a31313b693a2d38323b693a31323b693a2d38333b693a31333b693a2d38343b693a31343b693a2d38353b693a31353b693a2d38363b693a31363b693a2d38373b693a31373b693a2d38383b693a31383b693a2d38393b7d733a333a22706964223b733a313a2235223b7d693a31393b613a373a7b733a343a2270617468223b733a31303a2261646d696e2f6d656e75223b733a353a227469746c65223b733a353a226d656e7573223b733a363a22616363657373223b623a303b733a343a2274797065223b693a32323b733a363a22776569676874223b693a303b733a383a226368696c6472656e223b613a393a7b693a303b693a2d39313b693a313b693a2d39323b693a323b693a2d39333b693a333b693a2d39343b693a343b693a2d39353b693a353b693a2d39363b693a363b693a2d39373b693a373b693a2d39383b693a383b693a2d39393b7d733a333a22706964223b733a313a2235223b7d693a32303b613a373a7b733a343a2270617468223b733a31343a2261646d696e2f7461786f6e6f6d79223b733a353a227469746c65223b733a31303a2263617465676f72696573223b733a363a22616363657373223b623a303b733a343a2274797065223b693a32323b733a363a22776569676874223b693a303b733a383a226368696c6472656e223b613a343a7b693a303b693a2d3131363b693a313b693a2d3131373b693a323b693a2d3131383b693a333b693a2d3131393b7d733a333a22706964223b733a313a2235223b7d693a32313b613a363a7b733a343a2270617468223b733a31393a2261646d696e2f73657474696e67732f6e6f6465223b733a353a227469746c65223b733a353a22706f737473223b733a363a22616363657373223b623a303b733a343a2274797065223b693a32323b733a363a22776569676874223b693a303b733a333a22706964223b733a323a223131223b7d693a32323b613a363a7b733a343a2270617468223b733a32383a2261646d696e2f73657474696e67732f636f6e74656e742d7479706573223b733a353a227469746c65223b733a31333a22636f6e74656e74207479706573223b733a363a22616363657373223b623a303b733a343a2274797065223b693a32323b733a363a22776569676874223b693a303b733a333a22706964223b733a323a223131223b7d693a32333b613a363a7b733a343a2270617468223b733a32313a2261646d696e2f73657474696e67732f736561726368223b733a353a227469746c65223b733a363a22736561726368223b733a343a2274797065223b693a32323b733a363a22776569676874223b693a303b733a383a226368696c6472656e223b613a313a7b693a303b693a2d3130383b7d733a333a22706964223b733a323a223131223b7d693a32343b613a353a7b733a343a2270617468223b733a31393a2261646d696e2f73657474696e67732f75736572223b733a353a227469746c65223b733a353a227573657273223b733a343a2274797065223b693a32323b733a363a22776569676874223b693a303b733a333a22706964223b733a323a223131223b7d693a32353b613a353a7b733a343a2270617468223b733a31393a2261646d696e2f73657474696e67732f6d656e75223b733a353a227469746c65223b733a353a226d656e7573223b733a343a2274797065223b693a32323b733a363a22776569676874223b693a303b733a333a22706964223b733a323a223131223b7d693a32363b613a363a7b733a343a2270617468223b733a31333a226e6f64652f6164642f70616765223b733a353a227469746c65223b733a343a2270616765223b733a363a22616363657373223b623a303b733a343a2274797065223b693a32323b733a363a22776569676874223b693a303b733a333a22706964223b733a313a2239223b7d693a32373b613a363a7b733a343a2270617468223b733a31343a226e6f64652f6164642f73746f7279223b733a353a227469746c65223b733a353a2273746f7279223b733a363a22616363657373223b623a303b733a343a2274797065223b693a32323b733a363a22776569676874223b693a303b733a333a22706964223b733a313a2239223b7d693a32383b613a363a7b733a343a2270617468223b733a31333a226e6f64652f6164642f626c6f67223b733a353a227469746c65223b733a31303a22626c6f6720656e747279223b733a363a22616363657373223b623a303b733a343a2274797065223b693a32323b733a363a22776569676874223b693a303b733a333a22706964223b733a313a2239223b7d693a32393b613a373a7b733a343a2270617468223b733a343a22626c6f67223b733a353a227469746c65223b733a353a22626c6f6773223b733a363a22616363657373223b623a313b733a343a2274797065223b693a32303b733a363a22776569676874223b693a303b733a383a226368696c6472656e223b613a313a7b693a303b693a2d36303b7d733a333a22706964223b693a313b7d693a33303b613a363a7b733a343a2270617468223b733a363a22736561726368223b733a353a227469746c65223b733a363a22736561726368223b733a363a22616363657373223b623a313b733a343a2274797065223b693a32303b733a363a22776569676874223b693a303b733a333a22706964223b693a313b7d693a33313b613a363a7b733a343a2270617468223b733a34383a22687474703a2f2f646576656c6f7065722e6265726c696f732e64652f70726f6a656374732f6172676f6e61757473766e223b733a353a227469746c65223b733a31323a2250726f6a6563742070616765223b733a31313a226465736372697074696f6e223b733a32333a2250726f6a6563742070616765206f6e204265726c694f53223b733a333a22706964223b733a313a2232223b733a363a22776569676874223b733a323a222d38223b733a343a2274797065223b733a333a22313138223b7d693a33323b613a363a7b733a343a2270617468223b733a36333a22687474703a2f2f646576656c6f7065722e6265726c696f732e64652f70726f6a6563742f73686f7766696c65732e7068703f67726f75705f69643d37363336223b733a353a227469746c65223b733a383a22446f776e6c6f6164223b733a31313a226465736372697074696f6e223b733a32303a22446f776e6c6f6164204172676f6e61757453564e223b733a333a22706964223b733a313a2232223b733a363a22776569676874223b733a313a2230223b733a343a2274797065223b733a333a22313132223b7d693a33333b613a373a7b733a343a2270617468223b733a363a226e6f64652f33223b733a353a227469746c65223b733a353a2241626f7574223b733a31313a226465736372697074696f6e223b733a303a22223b733a333a22706964223b733a313a2232223b733a363a22776569676874223b733a333a222d3130223b733a343a2274797065223b733a333a22313138223b733a383a226368696c6472656e223b613a313a7b693a303b693a34323b7d7d693a33343b613a353a7b733a343a2270617468223b733a32353a2261646d696e2f73657474696e67732f73746174697374696373223b733a353a227469746c65223b733a31303a2273746174697374696373223b733a343a2274797065223b693a32323b733a363a22776569676874223b693a303b733a333a22706964223b733a323a223131223b7d693a33353b613a363a7b733a343a2270617468223b733a31353a2261646d696e2f6c6f67732f68697473223b733a353a227469746c65223b733a31313a22726563656e742068697473223b733a363a22616363657373223b623a303b733a363a22776569676874223b693a333b733a343a2274797065223b693a32323b733a333a22706964223b733a323a223135223b7d693a33363b613a363a7b733a343a2270617468223b733a31363a2261646d696e2f6c6f67732f7061676573223b733a353a227469746c65223b733a393a22746f70207061676573223b733a363a22616363657373223b623a303b733a363a22776569676874223b693a313b733a343a2274797065223b693a32323b733a333a22706964223b733a323a223135223b7d693a33373b613a363a7b733a343a2270617468223b733a31393a2261646d696e2f6c6f67732f76697369746f7273223b733a353a227469746c65223b733a31323a22746f702076697369746f7273223b733a363a22616363657373223b623a303b733a363a22776569676874223b693a323b733a343a2274797065223b693a32323b733a333a22706964223b733a323a223135223b7d693a33383b613a363a7b733a343a2270617468223b733a32303a2261646d696e2f6c6f67732f726566657272657273223b733a353a227469746c65223b733a393a22726566657272657273223b733a363a22616363657373223b623a303b733a343a2274797065223b693a32323b733a363a22776569676874223b693a303b733a333a22706964223b733a323a223135223b7d693a33393b613a363a7b733a343a2270617468223b733a32323a2261646d696e2f73657474696e67732f74696e796d6365223b733a353a227469746c65223b733a373a2274696e796d6365223b733a363a22616363657373223b623a303b733a343a2274797065223b693a32323b733a363a22776569676874223b693a303b733a333a22706964223b733a323a223131223b7d693a34303b613a373a7b733a343a2270617468223b733a31303a2261646d696e2f70617468223b733a353a227469746c65223b733a31313a2275726c20616c6961736573223b733a363a22616363657373223b623a303b733a343a2274797065223b693a32323b733a363a22776569676874223b693a303b733a383a226368696c6472656e223b613a343a7b693a303b693a2d3130333b693a313b693a2d3130343b693a323b693a2d3130353b693a333b693a2d3130363b7d733a333a22706964223b733a313a2235223b7d693a34323b613a363a7b733a343a2270617468223b733a363a226e6f64652f35223b733a353a227469746c65223b733a31363a22506c616e6e6564206665617475726573223b733a31313a226465736372697074696f6e223b733a303a22223b733a333a22706964223b733a323a223333223b733a363a22776569676874223b733a313a2230223b733a343a2274797065223b733a333a22313138223b7d693a34333b613a353a7b733a343a2270617468223b733a32333a2261646d696e2f73657474696e67732f67736974656d6170223b733a353a227469746c65223b733a383a2267736974656d6170223b733a343a2274797065223b693a32323b733a363a22776569676874223b693a303b733a333a22706964223b733a323a223131223b7d693a34343b613a353a7b733a343a2270617468223b733a32323a2261646d696e2f73657474696e67732f626c6f67617069223b733a353a227469746c65223b733a373a22626c6f67617069223b733a343a2274797065223b693a32323b733a363a22776569676874223b693a303b733a333a22706964223b733a323a223131223b7d7d733a393a2263616c6c6261636b73223b613a3130353a7b733a31333a2261646d696e2f66696c74657273223b613a313a7b733a383a2263616c6c6261636b223b733a32313a2266696c7465725f61646d696e5f6f76657276696577223b7d733a31383a2261646d696e2f66696c746572732f6c697374223b613a313a7b733a383a2263616c6c6261636b223b733a32313a2266696c7465725f61646d696e5f6f76657276696577223b7d733a31373a2261646d696e2f66696c746572732f616464223b613a313a7b733a383a2263616c6c6261636b223b733a32343a2266696c7465725f61646d696e5f666f726d61745f666f726d223b7d733a32303a2261646d696e2f66696c746572732f64656c657465223b613a313a7b733a383a2263616c6c6261636b223b733a31393a2266696c7465725f61646d696e5f64656c657465223b7d733a31313a2266696c7465722f74697073223b613a313a7b733a383a2263616c6c6261636b223b733a31363a2266696c7465725f746970735f6c6f6e67223b7d733a31303a2261646d696e2f6e6f6465223b613a313a7b733a383a2263616c6c6261636b223b733a31363a226e6f64655f61646d696e5f6e6f646573223b7d733a31373a2261646d696e2f6e6f64652f736561726368223b613a313a7b733a383a2263616c6c6261636b223b733a31373a226e6f64655f61646d696e5f736561726368223b7d733a31393a2261646d696e2f73657474696e67732f6e6f6465223b613a313a7b733a383a2263616c6c6261636b223b733a31343a226e6f64655f636f6e666967757265223b7d733a32383a2261646d696e2f73657474696e67732f636f6e74656e742d7479706573223b613a313a7b733a383a2263616c6c6261636b223b733a32303a226e6f64655f74797065735f636f6e666967757265223b7d733a343a226e6f6465223b613a313a7b733a383a2263616c6c6261636b223b733a393a226e6f64655f70616765223b7d733a383a226e6f64652f616464223b613a313a7b733a383a2263616c6c6261636b223b733a393a226e6f64655f70616765223b7d733a373a227273732e786d6c223b613a313a7b733a383a2263616c6c6261636b223b733a393a226e6f64655f66656564223b7d733a31323a2273797374656d2f66696c6573223b613a313a7b733a383a2263616c6c6261636b223b733a31333a2266696c655f646f776e6c6f6164223b7d733a353a2261646d696e223b613a313a7b733a383a2263616c6c6261636b223b733a31373a227761746368646f675f6f76657276696577223b7d733a31323a2261646d696e2f7468656d6573223b613a313a7b733a383a2263616c6c6261636b223b733a31333a2273797374656d5f7468656d6573223b7d733a31393a2261646d696e2f7468656d65732f73656c656374223b613a313a7b733a383a2263616c6c6261636b223b733a31333a2273797374656d5f7468656d6573223b7d733a32313a2261646d696e2f7468656d65732f73657474696e6773223b613a313a7b733a383a2263616c6c6261636b223b733a32313a2273797374656d5f7468656d655f73657474696e6773223b7d733a32383a2261646d696e2f7468656d65732f73657474696e67732f676c6f62616c223b613a313a7b733a383a2263616c6c6261636b223b733a32313a2273797374656d5f7468656d655f73657474696e6773223b7d733a33313a2261646d696e2f7468656d65732f73657474696e67732f6368616d656c656f6e223b613a323a7b733a383a2263616c6c6261636b223b733a32313a2273797374656d5f7468656d655f73657474696e6773223b733a31383a2263616c6c6261636b20617267756d656e7473223b613a313a7b693a303b733a393a226368616d656c656f6e223b7d7d733a31343a2261646d696e2f73657474696e6773223b613a313a7b733a383a2263616c6c6261636b223b733a32303a2273797374656d5f736974655f73657474696e6773223b7d733a31333a2261646d696e2f6d6f64756c6573223b613a313a7b733a383a2263616c6c6261636b223b733a31343a2273797374656d5f6d6f64756c6573223b7d733a343a2275736572223b613a313a7b733a383a2263616c6c6261636b223b733a31303a22757365725f6c6f67696e223b7d733a31373a22757365722f6175746f636f6d706c657465223b613a313a7b733a383a2263616c6c6261636b223b733a31373a22757365725f6175746f636f6d706c657465223b7d733a31303a22757365722f6c6f67696e223b613a313a7b733a383a2263616c6c6261636b223b733a31303a22757365725f6c6f67696e223b7d733a31333a22757365722f7265676973746572223b613a313a7b733a383a2263616c6c6261636b223b733a31333a22757365725f7265676973746572223b7d733a31333a22757365722f70617373776f7264223b613a313a7b733a383a2263616c6c6261636b223b733a393a22757365725f70617373223b7d733a31303a22757365722f7265736574223b613a313a7b733a383a2263616c6c6261636b223b733a31353a22757365725f706173735f7265736574223b7d733a393a22757365722f68656c70223b613a313a7b733a383a2263616c6c6261636b223b733a31343a22757365725f68656c705f70616765223b7d733a31303a2261646d696e2f75736572223b613a313a7b733a383a2263616c6c6261636b223b733a31303a22757365725f61646d696e223b7d733a31373a2261646d696e2f757365722f637265617465223b613a313a7b733a383a2263616c6c6261636b223b733a31303a22757365725f61646d696e223b7d733a31393a2261646d696e2f73657474696e67732f75736572223b613a313a7b733a383a2263616c6c6261636b223b733a31343a22757365725f636f6e666967757265223b7d733a31323a2261646d696e2f616363657373223b613a313a7b733a383a2263616c6c6261636b223b733a31353a22757365725f61646d696e5f7065726d223b7d733a32343a2261646d696e2f6163636573732f7065726d697373696f6e73223b613a313a7b733a383a2263616c6c6261636b223b733a31353a22757365725f61646d696e5f7065726d223b7d733a31383a2261646d696e2f6163636573732f726f6c6573223b613a313a7b733a383a2263616c6c6261636b223b733a31353a22757365725f61646d696e5f726f6c65223b7d733a32333a2261646d696e2f6163636573732f726f6c65732f65646974223b613a313a7b733a383a2263616c6c6261636b223b733a31353a22757365725f61646d696e5f726f6c65223b7d733a31383a2261646d696e2f6163636573732f72756c6573223b613a313a7b733a383a2263616c6c6261636b223b733a31373a22757365725f61646d696e5f616363657373223b7d733a32323a2261646d696e2f6163636573732f72756c65732f616464223b613a313a7b733a383a2263616c6c6261636b223b733a32313a22757365725f61646d696e5f6163636573735f616464223b7d733a32343a2261646d696e2f6163636573732f72756c65732f636865636b223b613a313a7b733a383a2263616c6c6261636b223b733a32333a22757365725f61646d696e5f6163636573735f636865636b223b7d733a32333a2261646d696e2f6163636573732f72756c65732f65646974223b613a313a7b733a383a2263616c6c6261636b223b733a32323a22757365725f61646d696e5f6163636573735f65646974223b7d733a32353a2261646d696e2f6163636573732f72756c65732f64656c657465223b613a313a7b733a383a2263616c6c6261636b223b733a32343a22757365725f61646d696e5f6163636573735f64656c657465223b7d733a31373a2261646d696e2f757365722f736561726368223b613a313a7b733a383a2263616c6c6261636b223b733a31303a22757365725f61646d696e223b7d733a363a226c6f676f7574223b613a313a7b733a383a2263616c6c6261636b223b733a31313a22757365725f6c6f676f7574223b7d733a31303a2261646d696e2f6c6f6773223b613a313a7b733a383a2263616c6c6261636b223b733a31373a227761746368646f675f6f76657276696577223b7d733a31363a2261646d696e2f6c6f67732f6576656e74223b613a313a7b733a383a2263616c6c6261636b223b733a31343a227761746368646f675f6576656e74223b7d733a31313a2261646d696e2f626c6f636b223b613a313a7b733a383a2263616c6c6261636b223b733a31393a22626c6f636b5f61646d696e5f646973706c6179223b7d733a32313a2261646d696e2f626c6f636b2f636f6e666967757265223b613a313a7b733a383a2263616c6c6261636b223b733a32313a22626c6f636b5f61646d696e5f636f6e666967757265223b7d733a31383a2261646d696e2f626c6f636b2f64656c657465223b613a313a7b733a383a2263616c6c6261636b223b733a31363a22626c6f636b5f626f785f64656c657465223b7d733a31353a2261646d696e2f626c6f636b2f616464223b613a313a7b733a383a2263616c6c6261636b223b733a31333a22626c6f636b5f626f785f616464223b7d733a343a22626c6f67223b613a313a7b733a383a2263616c6c6261636b223b733a393a22626c6f675f70616765223b7d733a373a22626c6f67617069223b613a313a7b733a383a2263616c6c6261636b223b733a31353a22626c6f676170695f626c6f67617069223b7d733a31333a2261646d696e2f636f6d6d656e74223b613a313a7b733a383a2263616c6c6261636b223b733a32323a22636f6d6d656e745f61646d696e5f6f76657276696577223b7d733a32333a2261646d696e2f636f6d6d656e742f636f6e666967757265223b613a313a7b733a383a2263616c6c6261636b223b733a31373a22636f6d6d656e745f636f6e666967757265223b7d733a32373a2261646d696e2f636f6d6d656e742f6c6973742f617070726f76616c223b613a323a7b733a383a2263616c6c6261636b223b733a32323a22636f6d6d656e745f61646d696e5f6f76657276696577223b733a31383a2263616c6c6261636b20617267756d656e7473223b613a313a7b693a303b733a383a22617070726f76616c223b7d7d733a31343a22636f6d6d656e742f64656c657465223b613a313a7b733a383a2263616c6c6261636b223b733a31343a22636f6d6d656e745f64656c657465223b7d733a31323a22636f6d6d656e742f65646974223b613a313a7b733a383a2263616c6c6261636b223b733a31323a22636f6d6d656e745f65646974223b7d733a31303a2261646d696e2f68656c70223b613a313a7b733a383a2263616c6c6261636b223b733a393a2268656c705f6d61696e223b7d733a31363a2261646d696e2f68656c702f626c6f636b223b613a313a7b733a383a2263616c6c6261636b223b733a393a2268656c705f70616765223b7d733a31353a2261646d696e2f68656c702f626c6f67223b613a313a7b733a383a2263616c6c6261636b223b733a393a2268656c705f70616765223b7d733a31383a2261646d696e2f68656c702f626c6f67617069223b613a313a7b733a383a2263616c6c6261636b223b733a393a2268656c705f70616765223b7d733a31383a2261646d696e2f68656c702f636f6d6d656e74223b613a313a7b733a383a2263616c6c6261636b223b733a393a2268656c705f70616765223b7d733a31373a2261646d696e2f68656c702f66696c746572223b613a313a7b733a383a2263616c6c6261636b223b733a393a2268656c705f70616765223b7d733a31393a2261646d696e2f68656c702f67736974656d6170223b613a313a7b733a383a2263616c6c6261636b223b733a393a2268656c705f70616765223b7d733a31353a2261646d696e2f68656c702f68656c70223b613a313a7b733a383a2263616c6c6261636b223b733a393a2268656c705f70616765223b7d733a31353a2261646d696e2f68656c702f6d656e75223b613a313a7b733a383a2263616c6c6261636b223b733a393a2268656c705f70616765223b7d733a31353a2261646d696e2f68656c702f6e6f6465223b613a313a7b733a383a2263616c6c6261636b223b733a393a2268656c705f70616765223b7d733a31353a2261646d696e2f68656c702f70616765223b613a313a7b733a383a2263616c6c6261636b223b733a393a2268656c705f70616765223b7d733a31353a2261646d696e2f68656c702f70617468223b613a313a7b733a383a2263616c6c6261636b223b733a393a2268656c705f70616765223b7d733a31373a2261646d696e2f68656c702f736561726368223b613a313a7b733a383a2263616c6c6261636b223b733a393a2268656c705f70616765223b7d733a32313a2261646d696e2f68656c702f73746174697374696373223b613a313a7b733a383a2263616c6c6261636b223b733a393a2268656c705f70616765223b7d733a31363a2261646d696e2f68656c702f73746f7279223b613a313a7b733a383a2263616c6c6261636b223b733a393a2268656c705f70616765223b7d733a31373a2261646d696e2f68656c702f73797374656d223b613a313a7b733a383a2263616c6c6261636b223b733a393a2268656c705f70616765223b7d733a31393a2261646d696e2f68656c702f7461786f6e6f6d79223b613a313a7b733a383a2263616c6c6261636b223b733a393a2268656c705f70616765223b7d733a31383a2261646d696e2f68656c702f74696e796d6365223b613a313a7b733a383a2263616c6c6261636b223b733a393a2268656c705f70616765223b7d733a31353a2261646d696e2f68656c702f75736572223b613a313a7b733a383a2263616c6c6261636b223b733a393a2268656c705f70616765223b7d733a31393a2261646d696e2f68656c702f7761746368646f67223b613a313a7b733a383a2263616c6c6261636b223b733a393a2268656c705f70616765223b7d733a31303a2261646d696e2f6d656e75223b613a313a7b733a383a2263616c6c6261636b223b733a31333a226d656e755f6f76657276696577223b7d733a31393a2261646d696e2f6d656e752f6974656d2f616464223b613a313a7b733a383a2263616c6c6261636b223b733a31393a226d656e755f656469745f6974656d5f666f726d223b7d733a32303a2261646d696e2f6d656e752f6974656d2f65646974223b613a313a7b733a383a2263616c6c6261636b223b733a31393a226d656e755f656469745f6974656d5f666f726d223b7d733a32313a2261646d696e2f6d656e752f6974656d2f7265736574223b613a313a7b733a383a2263616c6c6261636b223b733a31353a226d656e755f72657365745f6974656d223b7d733a32333a2261646d696e2f6d656e752f6974656d2f64697361626c65223b613a313a7b733a383a2263616c6c6261636b223b733a31373a226d656e755f64697361626c655f6974656d223b7d733a32323a2261646d696e2f6d656e752f6974656d2f64656c657465223b613a313a7b733a383a2263616c6c6261636b223b733a32313a226d656e755f6974656d5f64656c6574655f666f726d223b7d733a31393a2261646d696e2f6d656e752f6d656e752f616464223b613a313a7b733a383a2263616c6c6261636b223b733a31393a226d656e755f656469745f6d656e755f666f726d223b7d733a32303a2261646d696e2f6d656e752f6d656e752f65646974223b613a313a7b733a383a2263616c6c6261636b223b733a31393a226d656e755f656469745f6d656e755f666f726d223b7d733a32323a2261646d696e2f6d656e752f6d656e752f64656c657465223b613a313a7b733a383a2263616c6c6261636b223b733a32313a226d656e755f6974656d5f64656c6574655f666f726d223b7d733a31393a2261646d696e2f73657474696e67732f6d656e75223b613a313a7b733a383a2263616c6c6261636b223b733a31343a226d656e755f636f6e666967757265223b7d733a31303a2261646d696e2f70617468223b613a313a7b733a383a2263616c6c6261636b223b733a31303a22706174685f61646d696e223b7d733a31353a2261646d696e2f706174682f65646974223b613a313a7b733a383a2263616c6c6261636b223b733a31353a22706174685f61646d696e5f65646974223b7d733a31373a2261646d696e2f706174682f64656c657465223b613a313a7b733a383a2263616c6c6261636b223b733a32353a22706174685f61646d696e5f64656c6574655f636f6e6669726d223b7d733a31343a2261646d696e2f706174682f616464223b613a313a7b733a383a2263616c6c6261636b223b733a31353a22706174685f61646d696e5f65646974223b7d733a363a22736561726368223b613a313a7b733a383a2263616c6c6261636b223b733a31313a227365617263685f76696577223b7d733a32363a2261646d696e2f73657474696e67732f7365617263682f77697065223b613a313a7b733a383a2263616c6c6261636b223b733a31393a227365617263685f776970655f636f6e6669726d223b7d733a31353a2261646d696e2f6c6f67732f68697473223b613a313a7b733a383a2263616c6c6261636b223b733a32323a22737461746973746963735f726563656e745f68697473223b7d733a31363a2261646d696e2f6c6f67732f7061676573223b613a313a7b733a383a2263616c6c6261636b223b733a32303a22737461746973746963735f746f705f7061676573223b7d733a31393a2261646d696e2f6c6f67732f76697369746f7273223b613a313a7b733a383a2263616c6c6261636b223b733a32333a22737461746973746963735f746f705f76697369746f7273223b7d733a32303a2261646d696e2f6c6f67732f726566657272657273223b613a313a7b733a383a2263616c6c6261636b223b733a32343a22737461746973746963735f746f705f726566657272657273223b7d733a31373a2261646d696e2f6c6f67732f616363657373223b613a313a7b733a383a2263616c6c6261636b223b733a32313a22737461746973746963735f6163636573735f6c6f67223b7d733a31343a2261646d696e2f7461786f6e6f6d79223b613a313a7b733a383a2263616c6c6261636b223b733a33303a227461786f6e6f6d795f6f766572766965775f766f636162756c6172696573223b7d733a32393a2261646d696e2f7461786f6e6f6d792f6164642f766f636162756c617279223b613a313a7b733a383a2263616c6c6261636b223b733a33303a227461786f6e6f6d795f61646d696e5f766f636162756c6172795f65646974223b7d733a33303a2261646d696e2f7461786f6e6f6d792f656469742f766f636162756c617279223b613a313a7b733a383a2263616c6c6261636b223b733a33303a227461786f6e6f6d795f61646d696e5f766f636162756c6172795f65646974223b7d733a32343a2261646d696e2f7461786f6e6f6d792f656469742f7465726d223b613a313a7b733a383a2263616c6c6261636b223b733a32343a227461786f6e6f6d795f61646d696e5f7465726d5f65646974223b7d733a31333a227461786f6e6f6d792f7465726d223b613a313a7b733a383a2263616c6c6261636b223b733a31383a227461786f6e6f6d795f7465726d5f70616765223b7d733a32313a227461786f6e6f6d792f6175746f636f6d706c657465223b613a313a7b733a383a2263616c6c6261636b223b733a32313a227461786f6e6f6d795f6175746f636f6d706c657465223b7d733a32323a2261646d696e2f73657474696e67732f74696e796d6365223b613a313a7b733a383a2263616c6c6261636b223b733a31333a2274696e796d63655f61646d696e223b7d733a383a2267736974656d6170223b613a313a7b733a383a2263616c6c6261636b223b733a31353a2267736974656d61705f6f7574707574223b7d733a32373a22676f6f676c65336265643966633163636362373734652e68746d6c223b613a313a7b733a383a2263616c6c6261636b223b733a31353a2267736974656d61705f766572696679223b7d7d733a373a2276697369626c65223b613a363a7b693a313b613a353a7b733a353a227469746c65223b733a31303a224e617669676174696f6e223b733a343a2270617468223b733a303a22223b733a383a226368696c6472656e223b613a303a7b7d733a343a2274797065223b693a333b733a333a22706964223b693a303b7d693a34323b613a353a7b733a353a227469746c65223b733a31363a22506c616e6e6564206665617475726573223b733a343a2270617468223b733a363a226e6f64652f35223b733a383a226368696c6472656e223b613a303a7b7d733a343a2274797065223b733a333a22313138223b733a333a22706964223b693a33333b7d693a33333b613a353a7b733a353a227469746c65223b733a353a2241626f7574223b733a343a2270617468223b733a363a226e6f64652f33223b733a383a226368696c6472656e223b613a313a7b693a303b693a34323b7d733a343a2274797065223b733a333a22313138223b733a333a22706964223b693a323b7d693a33313b613a353a7b733a353a227469746c65223b733a31323a2250726f6a6563742070616765223b733a343a2270617468223b733a34383a22687474703a2f2f646576656c6f7065722e6265726c696f732e64652f70726f6a656374732f6172676f6e61757473766e223b733a383a226368696c6472656e223b613a303a7b7d733a343a2274797065223b733a333a22313138223b733a333a22706964223b693a323b7d693a323b613a353a7b733a353a227469746c65223b733a31333a225072696d617279206c696e6b73223b733a343a2270617468223b733a303a22223b733a383a226368696c6472656e223b613a323a7b693a303b693a33333b693a313b693a33313b7d733a343a2274797065223b733a333a22313135223b733a333a22706964223b693a303b7d693a303b613a343a7b733a353a227469746c65223b733a303a22223b733a343a2270617468223b733a303a22223b733a383a226368696c6472656e223b613a323a7b693a303b693a313b693a313b693a323b7d733a343a2274797065223b693a313b7d7d7d, 1166291157, 1166204757, '');
INSERT INTO `cache` (`cid`, `data`, `expire`, `created`, `headers`) VALUES 
('menu:1:en', 0x613a343a7b733a31303a227061746820696e646578223b613a3132393a7b733a31333a2261646d696e2f66696c74657273223b733a313a2237223b733a31383a2261646d696e2f66696c746572732f6c697374223b693a2d323b733a31373a2261646d696e2f66696c746572732f616464223b693a2d333b733a32303a2261646d696e2f66696c746572732f64656c657465223b693a2d343b733a31313a2266696c7465722f74697073223b733a313a2233223b733a31303a2261646d696e2f6e6f6465223b733a313a2238223b733a31393a2261646d696e2f6e6f64652f6f76657276696577223b693a2d373b733a31373a2261646d696e2f6e6f64652f736561726368223b693a2d383b733a31393a2261646d696e2f73657474696e67732f6e6f6465223b733a323a223231223b733a32383a2261646d696e2f73657474696e67732f636f6e74656e742d7479706573223b733a323a223232223b733a343a226e6f6465223b733a313a2234223b733a383a226e6f64652f616464223b733a313a2239223b733a373a227273732e786d6c223b693a2d31333b733a31323a2273797374656d2f66696c6573223b693a2d31343b733a353a2261646d696e223b733a313a2235223b733a31323a2261646d696e2f7468656d6573223b733a323a223130223b733a31393a2261646d696e2f7468656d65732f73656c656374223b693a2d31373b733a32313a2261646d696e2f7468656d65732f73657474696e6773223b693a2d31383b733a32383a2261646d696e2f7468656d65732f73657474696e67732f676c6f62616c223b693a2d31393b733a33313a2261646d696e2f7468656d65732f73657474696e67732f6368616d656c656f6e223b693a2d32303b733a31343a2261646d696e2f73657474696e6773223b733a323a223131223b733a32323a2261646d696e2f73657474696e67732f626c6f67617069223b733a323a223434223b733a32313a2261646d696e2f73657474696e67732f736561726368223b733a323a223233223b733a32353a2261646d696e2f73657474696e67732f73746174697374696373223b733a323a223334223b733a32333a2261646d696e2f73657474696e67732f67736974656d6170223b733a323a223433223b733a31333a2261646d696e2f6d6f64756c6573223b733a323a223132223b733a343a2275736572223b693a2d32373b733a31373a22757365722f6175746f636f6d706c657465223b693a2d32383b733a31303a22757365722f6c6f67696e223b693a2d32393b733a31333a22757365722f7265676973746572223b693a2d33303b733a31333a22757365722f70617373776f7264223b693a2d33313b733a31303a22757365722f7265736574223b693a2d33323b733a393a22757365722f68656c70223b693a2d33333b733a31303a2261646d696e2f75736572223b733a323a223133223b733a31353a2261646d696e2f757365722f6c697374223b693a2d33353b733a31373a2261646d696e2f757365722f637265617465223b693a2d33363b733a31393a2261646d696e2f73657474696e67732f75736572223b733a323a223234223b733a31323a2261646d696e2f616363657373223b733a323a223134223b733a32343a2261646d696e2f6163636573732f7065726d697373696f6e73223b693a2d33393b733a31383a2261646d696e2f6163636573732f726f6c6573223b693a2d34303b733a32333a2261646d696e2f6163636573732f726f6c65732f65646974223b693a2d34313b733a31383a2261646d696e2f6163636573732f72756c6573223b693a2d34323b733a32333a2261646d696e2f6163636573732f72756c65732f6c697374223b693a2d34333b733a32323a2261646d696e2f6163636573732f72756c65732f616464223b693a2d34343b733a32343a2261646d696e2f6163636573732f72756c65732f636865636b223b693a2d34353b733a32333a2261646d696e2f6163636573732f72756c65732f65646974223b693a2d34363b733a32353a2261646d696e2f6163636573732f72756c65732f64656c657465223b693a2d34373b733a31373a2261646d696e2f757365722f736561726368223b693a2d34383b733a363a22757365722f31223b693a2d34393b733a363a226c6f676f7574223b733a313a2236223b733a31303a2261646d696e2f6c6f6773223b733a323a223135223b733a31363a2261646d696e2f6c6f67732f6576656e74223b693a2d35323b733a31313a2261646d696e2f626c6f636b223b733a323a223136223b733a31363a2261646d696e2f626c6f636b2f6c697374223b693a2d35343b733a32313a2261646d696e2f626c6f636b2f636f6e666967757265223b693a2d35353b733a31383a2261646d696e2f626c6f636b2f64656c657465223b693a2d35363b733a31353a2261646d696e2f626c6f636b2f616464223b693a2d35373b733a32363a2261646d696e2f626c6f636b2f6c6973742f6368616d656c656f6e223b693a2d35383b733a31333a226e6f64652f6164642f626c6f67223b733a323a223238223b733a343a22626c6f67223b733a323a223239223b733a363a22626c6f672f31223b693a2d36313b733a373a22626c6f67617069223b693a2d36323b733a31333a2261646d696e2f636f6d6d656e74223b733a323a223137223b733a31383a2261646d696e2f636f6d6d656e742f6c697374223b693a2d36343b733a32333a2261646d696e2f636f6d6d656e742f636f6e666967757265223b693a2d36353b733a32323a2261646d696e2f636f6d6d656e742f6c6973742f6e6577223b693a2d36363b733a32373a2261646d696e2f636f6d6d656e742f6c6973742f617070726f76616c223b693a2d36373b733a33323a2261646d696e2f636f6d6d656e742f636f6e6669677572652f73657474696e6773223b693a2d36383b733a31343a22636f6d6d656e742f64656c657465223b693a2d36393b733a31323a22636f6d6d656e742f65646974223b693a2d37303b733a31303a2261646d696e2f68656c70223b733a323a223138223b733a31363a2261646d696e2f68656c702f626c6f636b223b693a2d37323b733a31353a2261646d696e2f68656c702f626c6f67223b693a2d37333b733a31383a2261646d696e2f68656c702f626c6f67617069223b693a2d37343b733a31383a2261646d696e2f68656c702f636f6d6d656e74223b693a2d37353b733a31373a2261646d696e2f68656c702f66696c746572223b693a2d37363b733a31393a2261646d696e2f68656c702f67736974656d6170223b693a2d37373b733a31353a2261646d696e2f68656c702f68656c70223b693a2d37383b733a31353a2261646d696e2f68656c702f6d656e75223b693a2d37393b733a31353a2261646d696e2f68656c702f6e6f6465223b693a2d38303b733a31353a2261646d696e2f68656c702f70616765223b693a2d38313b733a31353a2261646d696e2f68656c702f70617468223b693a2d38323b733a31373a2261646d696e2f68656c702f736561726368223b693a2d38333b733a32313a2261646d696e2f68656c702f73746174697374696373223b693a2d38343b733a31363a2261646d696e2f68656c702f73746f7279223b693a2d38353b733a31373a2261646d696e2f68656c702f73797374656d223b693a2d38363b733a31393a2261646d696e2f68656c702f7461786f6e6f6d79223b693a2d38373b733a31383a2261646d696e2f68656c702f74696e796d6365223b693a2d38383b733a31353a2261646d696e2f68656c702f75736572223b693a2d38393b733a31393a2261646d696e2f68656c702f7761746368646f67223b693a2d39303b733a31303a2261646d696e2f6d656e75223b733a323a223139223b733a31353a2261646d696e2f6d656e752f6c697374223b693a2d39323b733a31393a2261646d696e2f6d656e752f6974656d2f616464223b693a2d39333b733a32303a2261646d696e2f6d656e752f6974656d2f65646974223b693a2d39343b733a32313a2261646d696e2f6d656e752f6974656d2f7265736574223b693a2d39353b733a32333a2261646d696e2f6d656e752f6974656d2f64697361626c65223b693a2d39363b733a32323a2261646d696e2f6d656e752f6974656d2f64656c657465223b693a2d39373b733a31393a2261646d696e2f6d656e752f6d656e752f616464223b693a2d39383b733a32303a2261646d696e2f6d656e752f6d656e752f65646974223b693a2d39393b733a32323a2261646d696e2f6d656e752f6d656e752f64656c657465223b693a2d3130303b733a31393a2261646d696e2f73657474696e67732f6d656e75223b733a323a223235223b733a31333a226e6f64652f6164642f70616765223b733a323a223236223b733a31303a2261646d696e2f70617468223b733a323a223430223b733a31353a2261646d696e2f706174682f65646974223b693a2d3130343b733a31373a2261646d696e2f706174682f64656c657465223b693a2d3130353b733a31353a2261646d696e2f706174682f6c697374223b693a2d3130363b733a31343a2261646d696e2f706174682f616464223b693a2d3130373b733a363a22736561726368223b733a323a223330223b733a32363a2261646d696e2f73657474696e67732f7365617263682f77697065223b693a2d3130393b733a31353a2261646d696e2f6c6f67732f68697473223b733a323a223335223b733a31363a2261646d696e2f6c6f67732f7061676573223b733a323a223336223b733a31393a2261646d696e2f6c6f67732f76697369746f7273223b733a323a223337223b733a32303a2261646d696e2f6c6f67732f726566657272657273223b733a323a223338223b733a31373a2261646d696e2f6c6f67732f616363657373223b693a2d3131343b733a31343a226e6f64652f6164642f73746f7279223b733a323a223237223b733a31343a2261646d696e2f7461786f6e6f6d79223b733a323a223230223b733a31393a2261646d696e2f7461786f6e6f6d792f6c697374223b693a2d3131373b733a32393a2261646d696e2f7461786f6e6f6d792f6164642f766f636162756c617279223b693a2d3131383b733a33303a2261646d696e2f7461786f6e6f6d792f656469742f766f636162756c617279223b693a2d3131393b733a32343a2261646d696e2f7461786f6e6f6d792f656469742f7465726d223b693a2d3132303b733a31333a227461786f6e6f6d792f7465726d223b693a2d3132313b733a32313a227461786f6e6f6d792f6175746f636f6d706c657465223b693a2d3132323b733a32323a2261646d696e2f73657474696e67732f74696e796d6365223b733a323a223339223b733a383a2267736974656d6170223b693a2d3132343b733a32373a22676f6f676c65336265643966633163636362373734652e68746d6c223b693a2d3132353b733a34383a22687474703a2f2f646576656c6f7065722e6265726c696f732e64652f70726f6a656374732f6172676f6e61757473766e223b733a323a223331223b733a36333a22687474703a2f2f646576656c6f7065722e6265726c696f732e64652f70726f6a6563742f73686f7766696c65732e7068703f67726f75705f69643d37363336223b733a323a223332223b733a363a226e6f64652f33223b733a323a223333223b733a363a226e6f64652f35223b733a323a223432223b7d733a353a226974656d73223b613a3133323a7b693a303b613a353a7b733a343a2270617468223b733a303a22223b733a353a227469746c65223b733a303a22223b733a343a2274797065223b693a313b733a333a22706964223b693a313b733a383a226368696c6472656e223b613a323a7b693a303b693a313b693a313b693a323b7d7d693a313b613a373a7b733a333a22706964223b693a303b733a343a2270617468223b733a303a22223b733a353a227469746c65223b733a31303a224e617669676174696f6e223b733a363a22776569676874223b693a2d35303b733a363a22616363657373223b623a313b733a343a2274797065223b693a333b733a383a226368696c6472656e223b613a31363a7b693a303b693a2d31333b693a313b693a2d31343b693a323b693a2d32373b693a333b693a2d36323b693a343b693a2d36393b693a353b693a2d37303b693a363b693a2d3132313b693a373b693a2d3132323b693a383b693a2d3132343b693a393b693a2d3132353b693a31303b693a333b693a31313b693a343b693a31323b693a353b693a31333b693a363b693a31343b693a32393b693a31353b693a33303b7d7d693a2d323b613a363a7b733a343a2270617468223b733a31383a2261646d696e2f66696c746572732f6c697374223b733a353a227469746c65223b733a343a226c697374223b733a343a2274797065223b693a3634303b733a363a22616363657373223b623a313b733a363a22776569676874223b693a303b733a333a22706964223b733a313a2237223b7d693a2d333b613a363a7b733a343a2270617468223b733a31373a2261646d696e2f66696c746572732f616464223b733a353a227469746c65223b733a31363a2261646420696e70757420666f726d6174223b733a343a2274797065223b693a3132383b733a363a22776569676874223b693a313b733a363a22616363657373223b623a313b733a333a22706964223b733a313a2237223b7d693a2d343b613a363a7b733a343a2270617468223b733a32303a2261646d696e2f66696c746572732f64656c657465223b733a353a227469746c65223b733a31393a2264656c65746520696e70757420666f726d6174223b733a343a2274797065223b693a343b733a363a22616363657373223b623a313b733a363a22776569676874223b693a303b733a333a22706964223b733a313a2237223b7d693a2d373b613a353a7b733a343a2270617468223b733a31393a2261646d696e2f6e6f64652f6f76657276696577223b733a353a227469746c65223b733a343a226c697374223b733a343a2274797065223b693a3634303b733a363a22776569676874223b693a2d31303b733a333a22706964223b733a313a2238223b7d693a2d383b613a363a7b733a343a2270617468223b733a31373a2261646d696e2f6e6f64652f736561726368223b733a353a227469746c65223b733a363a22736561726368223b733a363a22616363657373223b623a313b733a343a2274797065223b693a3132383b733a363a22776569676874223b693a303b733a333a22706964223b733a313a2238223b7d693a2d31333b613a363a7b733a343a2270617468223b733a373a227273732e786d6c223b733a353a227469746c65223b733a383a227273732066656564223b733a363a22616363657373223b623a313b733a343a2274797065223b693a343b733a363a22776569676874223b693a303b733a333a22706964223b693a313b7d693a2d31343b613a363a7b733a343a2270617468223b733a31323a2273797374656d2f66696c6573223b733a353a227469746c65223b733a31333a2266696c6520646f776e6c6f6164223b733a363a22616363657373223b623a313b733a343a2274797065223b693a343b733a363a22776569676874223b693a303b733a333a22706964223b693a313b7d693a2d31373b613a363a7b733a343a2270617468223b733a31393a2261646d696e2f7468656d65732f73656c656374223b733a353a227469746c65223b733a343a226c697374223b733a363a22616363657373223b623a313b733a343a2274797065223b693a3634303b733a363a22776569676874223b693a2d313b733a333a22706964223b733a323a223130223b7d693a2d31383b613a373a7b733a343a2270617468223b733a32313a2261646d696e2f7468656d65732f73657474696e6773223b733a353a227469746c65223b733a393a22636f6e666967757265223b733a363a22616363657373223b623a313b733a343a2274797065223b693a3132383b733a363a22776569676874223b693a303b733a333a22706964223b733a323a223130223b733a383a226368696c6472656e223b613a323a7b693a303b693a2d31393b693a313b693a2d32303b7d7d693a2d31393b613a363a7b733a343a2270617468223b733a32383a2261646d696e2f7468656d65732f73657474696e67732f676c6f62616c223b733a353a227469746c65223b733a31353a22676c6f62616c2073657474696e6773223b733a363a22616363657373223b623a313b733a343a2274797065223b693a3634303b733a363a22776569676874223b693a2d313b733a333a22706964223b693a2d31383b7d693a2d32303b613a363a7b733a343a2270617468223b733a33313a2261646d696e2f7468656d65732f73657474696e67732f6368616d656c656f6e223b733a353a227469746c65223b733a393a226368616d656c656f6e223b733a363a22616363657373223b623a313b733a343a2274797065223b693a3132383b733a363a22776569676874223b693a303b733a333a22706964223b693a2d31383b7d693a2d32373b613a373a7b733a343a2270617468223b733a343a2275736572223b733a353a227469746c65223b733a31323a2275736572206163636f756e74223b733a363a22616363657373223b623a313b733a343a2274797065223b693a343b733a363a22776569676874223b693a303b733a333a22706964223b693a313b733a383a226368696c6472656e223b613a373a7b693a303b693a2d32383b693a313b693a2d32393b693a323b693a2d33303b693a333b693a2d33313b693a343b693a2d33323b693a353b693a2d33333b693a363b693a2d34393b7d7d693a2d32383b613a363a7b733a343a2270617468223b733a31373a22757365722f6175746f636f6d706c657465223b733a353a227469746c65223b733a31373a2275736572206175746f636f6d706c657465223b733a363a22616363657373223b623a313b733a343a2274797065223b693a343b733a363a22776569676874223b693a303b733a333a22706964223b693a2d32373b7d693a2d32393b613a353a7b733a343a2270617468223b733a31303a22757365722f6c6f67696e223b733a353a227469746c65223b733a363a226c6f6720696e223b733a343a2274797065223b693a3634303b733a363a22776569676874223b693a303b733a333a22706964223b693a2d32373b7d693a2d33303b613a363a7b733a343a2270617468223b733a31333a22757365722f7265676973746572223b733a353a227469746c65223b733a383a227265676973746572223b733a363a22616363657373223b623a303b733a343a2274797065223b693a3132383b733a363a22776569676874223b693a303b733a333a22706964223b693a2d32373b7d693a2d33313b613a363a7b733a343a2270617468223b733a31333a22757365722f70617373776f7264223b733a353a227469746c65223b733a32303a2272657175657374206e65772070617373776f7264223b733a363a22616363657373223b623a303b733a343a2274797065223b693a3132383b733a363a22776569676874223b693a303b733a333a22706964223b693a2d32373b7d693a2d33323b613a363a7b733a343a2270617468223b733a31303a22757365722f7265736574223b733a353a227469746c65223b733a31343a2272657365742070617373776f7264223b733a363a22616363657373223b623a313b733a343a2274797065223b693a343b733a363a22776569676874223b693a303b733a333a22706964223b693a2d32373b7d693a2d33333b613a353a7b733a343a2270617468223b733a393a22757365722f68656c70223b733a353a227469746c65223b733a343a2268656c70223b733a343a2274797065223b693a343b733a363a22776569676874223b693a303b733a333a22706964223b693a2d32373b7d693a2d33353b613a353a7b733a343a2270617468223b733a31353a2261646d696e2f757365722f6c697374223b733a353a227469746c65223b733a343a226c697374223b733a343a2274797065223b693a3634303b733a363a22776569676874223b693a2d31303b733a333a22706964223b733a323a223133223b7d693a2d33363b613a363a7b733a343a2270617468223b733a31373a2261646d696e2f757365722f637265617465223b733a353a227469746c65223b733a383a226164642075736572223b733a363a22616363657373223b623a313b733a343a2274797065223b693a3132383b733a363a22776569676874223b693a303b733a333a22706964223b733a323a223133223b7d693a2d33393b613a363a7b733a343a2270617468223b733a32343a2261646d696e2f6163636573732f7065726d697373696f6e73223b733a353a227469746c65223b733a31313a227065726d697373696f6e73223b733a363a22616363657373223b623a313b733a343a2274797065223b693a3634303b733a363a22776569676874223b693a2d31303b733a333a22706964223b733a323a223134223b7d693a2d34303b613a373a7b733a343a2270617468223b733a31383a2261646d696e2f6163636573732f726f6c6573223b733a353a227469746c65223b733a353a22726f6c6573223b733a363a22616363657373223b623a313b733a343a2274797065223b693a3132383b733a363a22776569676874223b693a303b733a333a22706964223b733a323a223134223b733a383a226368696c6472656e223b613a313a7b693a303b693a2d34313b7d7d693a2d34313b613a363a7b733a343a2270617468223b733a32333a2261646d696e2f6163636573732f726f6c65732f65646974223b733a353a227469746c65223b733a393a226564697420726f6c65223b733a363a22616363657373223b623a313b733a343a2274797065223b693a343b733a363a22776569676874223b693a303b733a333a22706964223b693a2d34303b7d693a2d34323b613a373a7b733a343a2270617468223b733a31383a2261646d696e2f6163636573732f72756c6573223b733a353a227469746c65223b733a31323a226163636573732072756c6573223b733a363a22616363657373223b623a313b733a343a2274797065223b693a3132383b733a363a22776569676874223b693a31303b733a333a22706964223b733a323a223134223b733a383a226368696c6472656e223b613a353a7b693a303b693a2d34333b693a313b693a2d34343b693a323b693a2d34353b693a333b693a2d34363b693a343b693a2d34373b7d7d693a2d34333b613a363a7b733a343a2270617468223b733a32333a2261646d696e2f6163636573732f72756c65732f6c697374223b733a353a227469746c65223b733a343a226c697374223b733a363a22616363657373223b623a313b733a343a2274797065223b693a3634303b733a363a22776569676874223b693a2d31303b733a333a22706964223b693a2d34323b7d693a2d34343b613a363a7b733a343a2270617468223b733a32323a2261646d696e2f6163636573732f72756c65732f616464223b733a353a227469746c65223b733a383a226164642072756c65223b733a363a22616363657373223b623a313b733a343a2274797065223b693a3132383b733a363a22776569676874223b693a303b733a333a22706964223b693a2d34323b7d693a2d34353b613a363a7b733a343a2270617468223b733a32343a2261646d696e2f6163636573732f72756c65732f636865636b223b733a353a227469746c65223b733a31313a22636865636b2072756c6573223b733a363a22616363657373223b623a313b733a343a2274797065223b693a3132383b733a363a22776569676874223b693a303b733a333a22706964223b693a2d34323b7d693a2d34363b613a363a7b733a343a2270617468223b733a32333a2261646d696e2f6163636573732f72756c65732f65646974223b733a353a227469746c65223b733a393a22656469742072756c65223b733a363a22616363657373223b623a313b733a343a2274797065223b693a343b733a363a22776569676874223b693a303b733a333a22706964223b693a2d34323b7d693a2d34373b613a363a7b733a343a2270617468223b733a32353a2261646d696e2f6163636573732f72756c65732f64656c657465223b733a353a227469746c65223b733a31313a2264656c6574652072756c65223b733a363a22616363657373223b623a313b733a343a2274797065223b693a343b733a363a22776569676874223b693a303b733a333a22706964223b693a2d34323b7d693a2d34383b613a363a7b733a343a2270617468223b733a31373a2261646d696e2f757365722f736561726368223b733a353a227469746c65223b733a363a22736561726368223b733a363a22616363657373223b623a313b733a343a2274797065223b693a3132383b733a363a22776569676874223b693a303b733a333a22706964223b733a323a223133223b7d693a2d34393b613a363a7b733a343a2270617468223b733a363a22757365722f31223b733a353a227469746c65223b733a31303a226d79206163636f756e74223b733a363a22616363657373223b623a313b733a343a2274797065223b693a363b733a363a22776569676874223b693a303b733a333a22706964223b693a2d32373b7d693a2d35323b613a353a7b733a343a2270617468223b733a31363a2261646d696e2f6c6f67732f6576656e74223b733a353a227469746c65223b733a373a2264657461696c73223b733a343a2274797065223b693a343b733a363a22776569676874223b693a303b733a333a22706964223b733a323a223135223b7d693a2d35343b613a363a7b733a343a2270617468223b733a31363a2261646d696e2f626c6f636b2f6c697374223b733a353a227469746c65223b733a343a226c697374223b733a343a2274797065223b693a3634303b733a363a22776569676874223b693a2d31303b733a333a22706964223b733a323a223136223b733a383a226368696c6472656e223b613a313a7b693a303b693a2d35383b7d7d693a2d35353b613a363a7b733a343a2270617468223b733a32313a2261646d696e2f626c6f636b2f636f6e666967757265223b733a353a227469746c65223b733a31353a22636f6e66696775726520626c6f636b223b733a363a22616363657373223b623a313b733a343a2274797065223b693a343b733a363a22776569676874223b693a303b733a333a22706964223b733a323a223136223b7d693a2d35363b613a363a7b733a343a2270617468223b733a31383a2261646d696e2f626c6f636b2f64656c657465223b733a353a227469746c65223b733a31323a2264656c65746520626c6f636b223b733a363a22616363657373223b623a313b733a343a2274797065223b693a343b733a363a22776569676874223b693a303b733a333a22706964223b733a323a223136223b7d693a2d35373b613a363a7b733a343a2270617468223b733a31353a2261646d696e2f626c6f636b2f616464223b733a353a227469746c65223b733a393a2261646420626c6f636b223b733a363a22616363657373223b623a313b733a343a2274797065223b693a3132383b733a363a22776569676874223b693a303b733a333a22706964223b733a323a223136223b7d693a2d35383b613a363a7b733a343a2270617468223b733a32363a2261646d696e2f626c6f636b2f6c6973742f6368616d656c656f6e223b733a353a227469746c65223b733a31383a226368616d656c656f6e2073657474696e6773223b733a363a22616363657373223b623a313b733a343a2274797065223b693a3634303b733a363a22776569676874223b693a2d31303b733a333a22706964223b693a2d35343b7d693a2d36313b613a363a7b733a343a2270617468223b733a363a22626c6f672f31223b733a353a227469746c65223b733a373a226d7920626c6f67223b733a363a22616363657373223b623a313b733a343a2274797065223b693a363b733a363a22776569676874223b693a303b733a333a22706964223b733a323a223239223b7d693a2d36323b613a363a7b733a343a2270617468223b733a373a22626c6f67617069223b733a353a227469746c65223b733a333a22525344223b733a363a22616363657373223b623a313b733a343a2274797065223b693a343b733a363a22776569676874223b693a303b733a333a22706964223b693a313b7d693a2d36343b613a363a7b733a343a2270617468223b733a31383a2261646d696e2f636f6d6d656e742f6c697374223b733a353a227469746c65223b733a343a226c697374223b733a343a2274797065223b693a3634303b733a363a22776569676874223b693a2d31303b733a333a22706964223b733a323a223137223b733a383a226368696c6472656e223b613a323a7b693a303b693a2d36363b693a313b693a2d36373b7d7d693a2d36353b613a373a7b733a343a2270617468223b733a32333a2261646d696e2f636f6d6d656e742f636f6e666967757265223b733a353a227469746c65223b733a393a22636f6e666967757265223b733a363a22616363657373223b623a313b733a343a2274797065223b693a3132383b733a363a22776569676874223b693a303b733a333a22706964223b733a323a223137223b733a383a226368696c6472656e223b613a313a7b693a303b693a2d36383b7d7d693a2d36363b613a353a7b733a343a2270617468223b733a32323a2261646d696e2f636f6d6d656e742f6c6973742f6e6577223b733a353a227469746c65223b733a31383a227075626c697368656420636f6d6d656e7473223b733a343a2274797065223b693a3634303b733a363a22776569676874223b693a2d31303b733a333a22706964223b693a2d36343b7d693a2d36373b613a363a7b733a343a2270617468223b733a32373a2261646d696e2f636f6d6d656e742f6c6973742f617070726f76616c223b733a353a227469746c65223b733a31343a22617070726f76616c207175657565223b733a363a22616363657373223b623a313b733a343a2274797065223b693a3132383b733a363a22776569676874223b693a303b733a333a22706964223b693a2d36343b7d693a2d36383b613a353a7b733a343a2270617468223b733a33323a2261646d696e2f636f6d6d656e742f636f6e6669677572652f73657474696e6773223b733a353a227469746c65223b733a383a2273657474696e6773223b733a343a2274797065223b693a3634303b733a363a22776569676874223b693a2d31303b733a333a22706964223b693a2d36353b7d693a2d36393b613a363a7b733a343a2270617468223b733a31343a22636f6d6d656e742f64656c657465223b733a353a227469746c65223b733a31343a2264656c65746520636f6d6d656e74223b733a363a22616363657373223b623a313b733a343a2274797065223b693a343b733a363a22776569676874223b693a303b733a333a22706964223b693a313b7d693a2d37303b613a363a7b733a343a2270617468223b733a31323a22636f6d6d656e742f65646974223b733a353a227469746c65223b733a31323a226564697420636f6d6d656e74223b733a363a22616363657373223b623a313b733a343a2274797065223b693a343b733a363a22776569676874223b693a303b733a333a22706964223b693a313b7d693a2d37323b613a363a7b733a343a2270617468223b733a31363a2261646d696e2f68656c702f626c6f636b223b733a353a227469746c65223b733a353a22626c6f636b223b733a343a2274797065223b693a343b733a363a22616363657373223b623a313b733a363a22776569676874223b693a303b733a333a22706964223b733a323a223138223b7d693a2d37333b613a363a7b733a343a2270617468223b733a31353a2261646d696e2f68656c702f626c6f67223b733a353a227469746c65223b733a343a22626c6f67223b733a343a2274797065223b693a343b733a363a22616363657373223b623a313b733a363a22776569676874223b693a303b733a333a22706964223b733a323a223138223b7d693a2d37343b613a363a7b733a343a2270617468223b733a31383a2261646d696e2f68656c702f626c6f67617069223b733a353a227469746c65223b733a373a22626c6f67617069223b733a343a2274797065223b693a343b733a363a22616363657373223b623a313b733a363a22776569676874223b693a303b733a333a22706964223b733a323a223138223b7d693a2d37353b613a363a7b733a343a2270617468223b733a31383a2261646d696e2f68656c702f636f6d6d656e74223b733a353a227469746c65223b733a373a22636f6d6d656e74223b733a343a2274797065223b693a343b733a363a22616363657373223b623a313b733a363a22776569676874223b693a303b733a333a22706964223b733a323a223138223b7d693a2d37363b613a363a7b733a343a2270617468223b733a31373a2261646d696e2f68656c702f66696c746572223b733a353a227469746c65223b733a363a2266696c746572223b733a343a2274797065223b693a343b733a363a22616363657373223b623a313b733a363a22776569676874223b693a303b733a333a22706964223b733a323a223138223b7d693a2d37373b613a363a7b733a343a2270617468223b733a31393a2261646d696e2f68656c702f67736974656d6170223b733a353a227469746c65223b733a383a2267736974656d6170223b733a343a2274797065223b693a343b733a363a22616363657373223b623a313b733a363a22776569676874223b693a303b733a333a22706964223b733a323a223138223b7d693a2d37383b613a363a7b733a343a2270617468223b733a31353a2261646d696e2f68656c702f68656c70223b733a353a227469746c65223b733a343a2268656c70223b733a343a2274797065223b693a343b733a363a22616363657373223b623a313b733a363a22776569676874223b693a303b733a333a22706964223b733a323a223138223b7d693a2d37393b613a363a7b733a343a2270617468223b733a31353a2261646d696e2f68656c702f6d656e75223b733a353a227469746c65223b733a343a226d656e75223b733a343a2274797065223b693a343b733a363a22616363657373223b623a313b733a363a22776569676874223b693a303b733a333a22706964223b733a323a223138223b7d693a2d38303b613a363a7b733a343a2270617468223b733a31353a2261646d696e2f68656c702f6e6f6465223b733a353a227469746c65223b733a343a226e6f6465223b733a343a2274797065223b693a343b733a363a22616363657373223b623a313b733a363a22776569676874223b693a303b733a333a22706964223b733a323a223138223b7d693a2d38313b613a363a7b733a343a2270617468223b733a31353a2261646d696e2f68656c702f70616765223b733a353a227469746c65223b733a343a2270616765223b733a343a2274797065223b693a343b733a363a22616363657373223b623a313b733a363a22776569676874223b693a303b733a333a22706964223b733a323a223138223b7d693a2d38323b613a363a7b733a343a2270617468223b733a31353a2261646d696e2f68656c702f70617468223b733a353a227469746c65223b733a343a2270617468223b733a343a2274797065223b693a343b733a363a22616363657373223b623a313b733a363a22776569676874223b693a303b733a333a22706964223b733a323a223138223b7d693a2d38333b613a363a7b733a343a2270617468223b733a31373a2261646d696e2f68656c702f736561726368223b733a353a227469746c65223b733a363a22736561726368223b733a343a2274797065223b693a343b733a363a22616363657373223b623a313b733a363a22776569676874223b693a303b733a333a22706964223b733a323a223138223b7d693a2d38343b613a363a7b733a343a2270617468223b733a32313a2261646d696e2f68656c702f73746174697374696373223b733a353a227469746c65223b733a31303a2273746174697374696373223b733a343a2274797065223b693a343b733a363a22616363657373223b623a313b733a363a22776569676874223b693a303b733a333a22706964223b733a323a223138223b7d693a2d38353b613a363a7b733a343a2270617468223b733a31363a2261646d696e2f68656c702f73746f7279223b733a353a227469746c65223b733a353a2273746f7279223b733a343a2274797065223b693a343b733a363a22616363657373223b623a313b733a363a22776569676874223b693a303b733a333a22706964223b733a323a223138223b7d693a2d38363b613a363a7b733a343a2270617468223b733a31373a2261646d696e2f68656c702f73797374656d223b733a353a227469746c65223b733a363a2273797374656d223b733a343a2274797065223b693a343b733a363a22616363657373223b623a313b733a363a22776569676874223b693a303b733a333a22706964223b733a323a223138223b7d693a2d38373b613a363a7b733a343a2270617468223b733a31393a2261646d696e2f68656c702f7461786f6e6f6d79223b733a353a227469746c65223b733a383a227461786f6e6f6d79223b733a343a2274797065223b693a343b733a363a22616363657373223b623a313b733a363a22776569676874223b693a303b733a333a22706964223b733a323a223138223b7d693a2d38383b613a363a7b733a343a2270617468223b733a31383a2261646d696e2f68656c702f74696e796d6365223b733a353a227469746c65223b733a373a2274696e796d6365223b733a343a2274797065223b693a343b733a363a22616363657373223b623a313b733a363a22776569676874223b693a303b733a333a22706964223b733a323a223138223b7d693a2d38393b613a363a7b733a343a2270617468223b733a31353a2261646d696e2f68656c702f75736572223b733a353a227469746c65223b733a343a2275736572223b733a343a2274797065223b693a343b733a363a22616363657373223b623a313b733a363a22776569676874223b693a303b733a333a22706964223b733a323a223138223b7d693a2d39303b613a363a7b733a343a2270617468223b733a31393a2261646d696e2f68656c702f7761746368646f67223b733a353a227469746c65223b733a383a227761746368646f67223b733a343a2274797065223b693a343b733a363a22616363657373223b623a313b733a363a22776569676874223b693a303b733a333a22706964223b733a323a223138223b7d693a2d39323b613a353a7b733a343a2270617468223b733a31353a2261646d696e2f6d656e752f6c697374223b733a353a227469746c65223b733a343a226c697374223b733a343a2274797065223b693a3634303b733a363a22776569676874223b693a2d31303b733a333a22706964223b733a323a223139223b7d693a2d39333b613a363a7b733a343a2270617468223b733a31393a2261646d696e2f6d656e752f6974656d2f616464223b733a353a227469746c65223b733a31333a22616464206d656e75206974656d223b733a363a22616363657373223b623a313b733a343a2274797065223b693a3132383b733a363a22776569676874223b693a303b733a333a22706964223b733a323a223139223b7d693a2d39343b613a363a7b733a343a2270617468223b733a32303a2261646d696e2f6d656e752f6974656d2f65646974223b733a353a227469746c65223b733a31343a2265646974206d656e75206974656d223b733a363a22616363657373223b623a313b733a343a2274797065223b693a343b733a363a22776569676874223b693a303b733a333a22706964223b733a323a223139223b7d693a2d39353b613a363a7b733a343a2270617468223b733a32313a2261646d696e2f6d656e752f6974656d2f7265736574223b733a353a227469746c65223b733a31353a227265736574206d656e75206974656d223b733a363a22616363657373223b623a313b733a343a2274797065223b693a343b733a363a22776569676874223b693a303b733a333a22706964223b733a323a223139223b7d693a2d39363b613a363a7b733a343a2270617468223b733a32333a2261646d696e2f6d656e752f6974656d2f64697361626c65223b733a353a227469746c65223b733a31373a2264697361626c65206d656e75206974656d223b733a363a22616363657373223b623a313b733a343a2274797065223b693a343b733a363a22776569676874223b693a303b733a333a22706964223b733a323a223139223b7d693a2d39373b613a363a7b733a343a2270617468223b733a32323a2261646d696e2f6d656e752f6974656d2f64656c657465223b733a353a227469746c65223b733a31363a2264656c657465206d656e75206974656d223b733a363a22616363657373223b623a313b733a343a2274797065223b693a343b733a363a22776569676874223b693a303b733a333a22706964223b733a323a223139223b7d693a2d39383b613a363a7b733a343a2270617468223b733a31393a2261646d696e2f6d656e752f6d656e752f616464223b733a353a227469746c65223b733a383a22616464206d656e75223b733a363a22616363657373223b623a313b733a343a2274797065223b693a3132383b733a363a22776569676874223b693a303b733a333a22706964223b733a323a223139223b7d693a2d39393b613a363a7b733a343a2270617468223b733a32303a2261646d696e2f6d656e752f6d656e752f65646974223b733a353a227469746c65223b733a393a2265646974206d656e75223b733a363a22616363657373223b623a313b733a343a2274797065223b693a343b733a363a22776569676874223b693a303b733a333a22706964223b733a323a223139223b7d693a2d3130303b613a363a7b733a343a2270617468223b733a32323a2261646d696e2f6d656e752f6d656e752f64656c657465223b733a353a227469746c65223b733a31313a2264656c657465206d656e75223b733a363a22616363657373223b623a313b733a343a2274797065223b693a343b733a363a22776569676874223b693a303b733a333a22706964223b733a323a223139223b7d693a2d3130343b613a363a7b733a343a2270617468223b733a31353a2261646d696e2f706174682f65646974223b733a353a227469746c65223b733a31303a226564697420616c696173223b733a363a22616363657373223b623a313b733a343a2274797065223b693a343b733a363a22776569676874223b693a303b733a333a22706964223b733a323a223430223b7d693a2d3130353b613a363a7b733a343a2270617468223b733a31373a2261646d696e2f706174682f64656c657465223b733a353a227469746c65223b733a31323a2264656c65746520616c696173223b733a363a22616363657373223b623a313b733a343a2274797065223b693a343b733a363a22776569676874223b693a303b733a333a22706964223b733a323a223430223b7d693a2d3130363b613a353a7b733a343a2270617468223b733a31353a2261646d696e2f706174682f6c697374223b733a353a227469746c65223b733a343a226c697374223b733a343a2274797065223b693a3634303b733a363a22776569676874223b693a2d31303b733a333a22706964223b733a323a223430223b7d693a2d3130373b613a363a7b733a343a2270617468223b733a31343a2261646d696e2f706174682f616464223b733a353a227469746c65223b733a393a2261646420616c696173223b733a363a22616363657373223b623a313b733a343a2274797065223b693a3132383b733a363a22776569676874223b693a303b733a333a22706964223b733a323a223430223b7d693a2d3130393b613a363a7b733a343a2270617468223b733a32363a2261646d696e2f73657474696e67732f7365617263682f77697065223b733a353a227469746c65223b733a31313a22436c65617220696e646578223b733a363a22616363657373223b623a313b733a343a2274797065223b693a343b733a363a22776569676874223b693a303b733a333a22706964223b733a323a223233223b7d693a2d3131343b613a363a7b733a343a2270617468223b733a31373a2261646d696e2f6c6f67732f616363657373223b733a353a227469746c65223b733a373a2264657461696c73223b733a363a22616363657373223b623a313b733a343a2274797065223b693a343b733a363a22776569676874223b693a303b733a333a22706964223b733a323a223135223b7d693a2d3131373b613a353a7b733a343a2270617468223b733a31393a2261646d696e2f7461786f6e6f6d792f6c697374223b733a353a227469746c65223b733a343a226c697374223b733a343a2274797065223b693a3634303b733a363a22776569676874223b693a2d31303b733a333a22706964223b733a323a223230223b7d693a2d3131383b613a363a7b733a343a2270617468223b733a32393a2261646d696e2f7461786f6e6f6d792f6164642f766f636162756c617279223b733a353a227469746c65223b733a31343a2261646420766f636162756c617279223b733a363a22616363657373223b623a313b733a343a2274797065223b693a3132383b733a363a22776569676874223b693a303b733a333a22706964223b733a323a223230223b7d693a2d3131393b613a363a7b733a343a2270617468223b733a33303a2261646d696e2f7461786f6e6f6d792f656469742f766f636162756c617279223b733a353a227469746c65223b733a31353a226564697420766f636162756c617279223b733a363a22616363657373223b623a313b733a343a2274797065223b693a343b733a363a22776569676874223b693a303b733a333a22706964223b733a323a223230223b7d693a2d3132303b613a363a7b733a343a2270617468223b733a32343a2261646d696e2f7461786f6e6f6d792f656469742f7465726d223b733a353a227469746c65223b733a393a2265646974207465726d223b733a363a22616363657373223b623a313b733a343a2274797065223b693a343b733a363a22776569676874223b693a303b733a333a22706964223b733a323a223230223b7d693a2d3132313b613a363a7b733a343a2270617468223b733a31333a227461786f6e6f6d792f7465726d223b733a353a227469746c65223b733a31333a227461786f6e6f6d79207465726d223b733a363a22616363657373223b623a313b733a343a2274797065223b693a343b733a363a22776569676874223b693a303b733a333a22706964223b693a313b7d693a2d3132323b613a363a7b733a343a2270617468223b733a32313a227461786f6e6f6d792f6175746f636f6d706c657465223b733a353a227469746c65223b733a32313a226175746f636f6d706c657465207461786f6e6f6d79223b733a363a22616363657373223b623a313b733a343a2274797065223b693a343b733a363a22776569676874223b693a303b733a333a22706964223b693a313b7d693a2d3132343b613a363a7b733a343a2270617468223b733a383a2267736974656d6170223b733a353a227469746c65223b733a383a2267736974656d6170223b733a343a2274797065223b693a343b733a363a22616363657373223b693a313b733a363a22776569676874223b693a303b733a333a22706964223b693a313b7d693a2d3132353b613a363a7b733a343a2270617468223b733a32373a22676f6f676c65336265643966633163636362373734652e68746d6c223b733a353a227469746c65223b733a32363a2267736974656d617020766572696669636174696f6e2070616765223b733a343a2274797065223b693a343b733a363a22616363657373223b693a313b733a363a22776569676874223b693a303b733a333a22706964223b693a313b7d693a323b613a373a7b733a343a2270617468223b733a303a22223b733a353a227469746c65223b733a31333a225072696d617279206c696e6b73223b733a31313a226465736372697074696f6e223b733a303a22223b733a333a22706964223b733a313a2230223b733a363a22776569676874223b733a313a2230223b733a343a2274797065223b733a333a22313135223b733a383a226368696c6472656e223b613a333a7b693a303b693a33313b693a313b693a33323b693a323b693a33333b7d7d693a333b613a363a7b733a343a2270617468223b733a31313a2266696c7465722f74697073223b733a353a227469746c65223b733a31323a22636f6d706f73652074697073223b733a363a22616363657373223b623a313b733a343a2274797065223b693a32303b733a363a22776569676874223b693a303b733a333a22706964223b693a313b7d693a343b613a373a7b733a343a2270617468223b733a343a226e6f6465223b733a353a227469746c65223b733a373a22636f6e74656e74223b733a363a22616363657373223b623a313b733a343a2274797065223b693a31363b733a363a22776569676874223b693a303b733a333a22706964223b693a313b733a383a226368696c6472656e223b613a313a7b693a303b693a393b7d7d693a353b613a373a7b733a343a2270617468223b733a353a2261646d696e223b733a353a227469746c65223b733a31303a2261646d696e6973746572223b733a363a22616363657373223b623a313b733a363a22776569676874223b693a393b733a343a2274797065223b693a32323b733a333a22706964223b693a313b733a383a226368696c6472656e223b613a31343a7b693a303b693a373b693a313b693a383b693a323b693a31303b693a333b693a31313b693a343b693a31323b693a353b693a31333b693a363b693a31343b693a373b693a31353b693a383b693a31363b693a393b693a31373b693a31303b693a31383b693a31313b693a31393b693a31323b693a32303b693a31333b693a34303b7d7d693a363b613a363a7b733a343a2270617468223b733a363a226c6f676f7574223b733a353a227469746c65223b733a373a226c6f67206f7574223b733a363a22616363657373223b623a313b733a363a22776569676874223b693a31303b733a343a2274797065223b693a32323b733a333a22706964223b693a313b7d693a373b613a373a7b733a343a2270617468223b733a31333a2261646d696e2f66696c74657273223b733a353a227469746c65223b733a31333a22696e70757420666f726d617473223b733a363a22616363657373223b623a313b733a343a2274797065223b693a32323b733a363a22776569676874223b693a303b733a383a226368696c6472656e223b613a333a7b693a303b693a2d323b693a313b693a2d333b693a323b693a2d343b7d733a333a22706964223b733a313a2235223b7d693a383b613a373a7b733a343a2270617468223b733a31303a2261646d696e2f6e6f6465223b733a353a227469746c65223b733a373a22636f6e74656e74223b733a363a22616363657373223b623a313b733a343a2274797065223b693a32323b733a363a22776569676874223b693a303b733a383a226368696c6472656e223b613a323a7b693a303b693a2d373b693a313b693a2d383b7d733a333a22706964223b733a313a2235223b7d693a393b613a373a7b733a343a2270617468223b733a383a226e6f64652f616464223b733a353a227469746c65223b733a31343a2263726561746520636f6e74656e74223b733a363a22616363657373223b623a313b733a343a2274797065223b693a32383b733a363a22776569676874223b693a313b733a333a22706964223b733a313a2234223b733a383a226368696c6472656e223b613a333a7b693a303b693a32363b693a313b693a32373b693a323b693a32383b7d7d693a31303b613a373a7b733a343a2270617468223b733a31323a2261646d696e2f7468656d6573223b733a353a227469746c65223b733a363a227468656d6573223b733a363a22616363657373223b623a313b733a343a2274797065223b693a32323b733a363a22776569676874223b693a303b733a383a226368696c6472656e223b613a323a7b693a303b693a2d31373b693a313b693a2d31383b7d733a333a22706964223b733a313a2235223b7d693a31313b613a373a7b733a343a2270617468223b733a31343a2261646d696e2f73657474696e6773223b733a353a227469746c65223b733a383a2273657474696e6773223b733a363a22616363657373223b623a313b733a343a2274797065223b693a32323b733a363a22776569676874223b693a303b733a333a22706964223b733a313a2235223b733a383a226368696c6472656e223b613a393a7b693a303b693a32313b693a313b693a32323b693a323b693a32333b693a333b693a32343b693a343b693a32353b693a353b693a33343b693a363b693a33393b693a373b693a34333b693a383b693a34343b7d7d693a31323b613a363a7b733a343a2270617468223b733a31333a2261646d696e2f6d6f64756c6573223b733a353a227469746c65223b733a373a226d6f64756c6573223b733a363a22616363657373223b623a313b733a343a2274797065223b693a32323b733a363a22776569676874223b693a303b733a333a22706964223b733a313a2235223b7d693a31333b613a373a7b733a343a2270617468223b733a31303a2261646d696e2f75736572223b733a353a227469746c65223b733a353a227573657273223b733a363a22616363657373223b623a313b733a343a2274797065223b693a32323b733a363a22776569676874223b693a303b733a383a226368696c6472656e223b613a333a7b693a303b693a2d33353b693a313b693a2d33363b693a323b693a2d34383b7d733a333a22706964223b733a313a2235223b7d693a31343b613a373a7b733a343a2270617468223b733a31323a2261646d696e2f616363657373223b733a353a227469746c65223b733a31343a2261636365737320636f6e74726f6c223b733a363a22616363657373223b623a313b733a343a2274797065223b693a32323b733a363a22776569676874223b693a303b733a383a226368696c6472656e223b613a333a7b693a303b693a2d33393b693a313b693a2d34303b693a323b693a2d34323b7d733a333a22706964223b733a313a2235223b7d693a31353b613a363a7b733a343a2270617468223b733a31303a2261646d696e2f6c6f6773223b733a353a227469746c65223b733a343a226c6f6773223b733a343a2274797065223b693a32323b733a363a22776569676874223b693a303b733a383a226368696c6472656e223b613a363a7b693a303b693a2d35323b693a313b693a2d3131343b693a323b693a33353b693a333b693a33363b693a343b693a33373b693a353b693a33383b7d733a333a22706964223b733a313a2235223b7d693a31363b613a373a7b733a343a2270617468223b733a31313a2261646d696e2f626c6f636b223b733a353a227469746c65223b733a363a22626c6f636b73223b733a363a22616363657373223b623a313b733a343a2274797065223b693a32323b733a363a22776569676874223b693a303b733a383a226368696c6472656e223b613a343a7b693a303b693a2d35343b693a313b693a2d35353b693a323b693a2d35363b693a333b693a2d35373b7d733a333a22706964223b733a313a2235223b7d693a31373b613a373a7b733a343a2270617468223b733a31333a2261646d696e2f636f6d6d656e74223b733a353a227469746c65223b733a383a22636f6d6d656e7473223b733a363a22616363657373223b623a313b733a343a2274797065223b693a32323b733a363a22776569676874223b693a303b733a383a226368696c6472656e223b613a323a7b693a303b693a2d36343b693a313b693a2d36353b7d733a333a22706964223b733a313a2235223b7d693a31383b613a373a7b733a343a2270617468223b733a31303a2261646d696e2f68656c70223b733a353a227469746c65223b733a343a2268656c70223b733a363a22616363657373223b623a313b733a363a22776569676874223b693a393b733a343a2274797065223b693a32323b733a383a226368696c6472656e223b613a31393a7b693a303b693a2d37323b693a313b693a2d37333b693a323b693a2d37343b693a333b693a2d37353b693a343b693a2d37363b693a353b693a2d37373b693a363b693a2d37383b693a373b693a2d37393b693a383b693a2d38303b693a393b693a2d38313b693a31303b693a2d38323b693a31313b693a2d38333b693a31323b693a2d38343b693a31333b693a2d38353b693a31343b693a2d38363b693a31353b693a2d38373b693a31363b693a2d38383b693a31373b693a2d38393b693a31383b693a2d39303b7d733a333a22706964223b733a313a2235223b7d693a31393b613a373a7b733a343a2270617468223b733a31303a2261646d696e2f6d656e75223b733a353a227469746c65223b733a353a226d656e7573223b733a363a22616363657373223b623a313b733a343a2274797065223b693a32323b733a363a22776569676874223b693a303b733a383a226368696c6472656e223b613a393a7b693a303b693a2d39323b693a313b693a2d39333b693a323b693a2d39343b693a333b693a2d39353b693a343b693a2d39363b693a353b693a2d39373b693a363b693a2d39383b693a373b693a2d39393b693a383b693a2d3130303b7d733a333a22706964223b733a313a2235223b7d693a32303b613a373a7b733a343a2270617468223b733a31343a2261646d696e2f7461786f6e6f6d79223b733a353a227469746c65223b733a31303a2263617465676f72696573223b733a363a22616363657373223b623a313b733a343a2274797065223b693a32323b733a363a22776569676874223b693a303b733a383a226368696c6472656e223b613a343a7b693a303b693a2d3131373b693a313b693a2d3131383b693a323b693a2d3131393b693a333b693a2d3132303b7d733a333a22706964223b733a313a2235223b7d693a32313b613a363a7b733a343a2270617468223b733a31393a2261646d696e2f73657474696e67732f6e6f6465223b733a353a227469746c65223b733a353a22706f737473223b733a363a22616363657373223b623a313b733a343a2274797065223b693a32323b733a363a22776569676874223b693a303b733a333a22706964223b733a323a223131223b7d693a32323b613a363a7b733a343a2270617468223b733a32383a2261646d696e2f73657474696e67732f636f6e74656e742d7479706573223b733a353a227469746c65223b733a31333a22636f6e74656e74207479706573223b733a363a22616363657373223b623a313b733a343a2274797065223b693a32323b733a363a22776569676874223b693a303b733a333a22706964223b733a323a223131223b7d693a32333b613a363a7b733a343a2270617468223b733a32313a2261646d696e2f73657474696e67732f736561726368223b733a353a227469746c65223b733a363a22736561726368223b733a343a2274797065223b693a32323b733a363a22776569676874223b693a303b733a383a226368696c6472656e223b613a313a7b693a303b693a2d3130393b7d733a333a22706964223b733a323a223131223b7d693a32343b613a353a7b733a343a2270617468223b733a31393a2261646d696e2f73657474696e67732f75736572223b733a353a227469746c65223b733a353a227573657273223b733a343a2274797065223b693a32323b733a363a22776569676874223b693a303b733a333a22706964223b733a323a223131223b7d693a32353b613a353a7b733a343a2270617468223b733a31393a2261646d696e2f73657474696e67732f6d656e75223b733a353a227469746c65223b733a353a226d656e7573223b733a343a2274797065223b693a32323b733a363a22776569676874223b693a303b733a333a22706964223b733a323a223131223b7d693a32363b613a363a7b733a343a2270617468223b733a31333a226e6f64652f6164642f70616765223b733a353a227469746c65223b733a343a2270616765223b733a363a22616363657373223b623a313b733a343a2274797065223b693a32323b733a363a22776569676874223b693a303b733a333a22706964223b733a313a2239223b7d693a32373b613a363a7b733a343a2270617468223b733a31343a226e6f64652f6164642f73746f7279223b733a353a227469746c65223b733a353a2273746f7279223b733a363a22616363657373223b623a313b733a343a2274797065223b693a32323b733a363a22776569676874223b693a303b733a333a22706964223b733a313a2239223b7d693a32383b613a363a7b733a343a2270617468223b733a31333a226e6f64652f6164642f626c6f67223b733a353a227469746c65223b733a31303a22626c6f6720656e747279223b733a363a22616363657373223b623a313b733a343a2274797065223b693a32323b733a363a22776569676874223b693a303b733a333a22706964223b733a313a2239223b7d693a32393b613a373a7b733a343a2270617468223b733a343a22626c6f67223b733a353a227469746c65223b733a353a22626c6f6773223b733a363a22616363657373223b623a313b733a343a2274797065223b693a32303b733a363a22776569676874223b693a303b733a383a226368696c6472656e223b613a313a7b693a303b693a2d36313b7d733a333a22706964223b693a313b7d693a33303b613a363a7b733a343a2270617468223b733a363a22736561726368223b733a353a227469746c65223b733a363a22736561726368223b733a363a22616363657373223b623a313b733a343a2274797065223b693a32303b733a363a22776569676874223b693a303b733a333a22706964223b693a313b7d693a33313b613a363a7b733a343a2270617468223b733a34383a22687474703a2f2f646576656c6f7065722e6265726c696f732e64652f70726f6a656374732f6172676f6e61757473766e223b733a353a227469746c65223b733a31323a2250726f6a6563742070616765223b733a31313a226465736372697074696f6e223b733a32333a2250726f6a6563742070616765206f6e204265726c694f53223b733a333a22706964223b733a313a2232223b733a363a22776569676874223b733a323a222d38223b733a343a2274797065223b733a333a22313138223b7d693a33323b613a363a7b733a343a2270617468223b733a36333a22687474703a2f2f646576656c6f7065722e6265726c696f732e64652f70726f6a6563742f73686f7766696c65732e7068703f67726f75705f69643d37363336223b733a353a227469746c65223b733a383a22446f776e6c6f6164223b733a31313a226465736372697074696f6e223b733a32303a22446f776e6c6f6164204172676f6e61757453564e223b733a333a22706964223b733a313a2232223b733a363a22776569676874223b733a313a2230223b733a343a2274797065223b733a333a22313132223b7d693a33333b613a373a7b733a343a2270617468223b733a363a226e6f64652f33223b733a353a227469746c65223b733a353a2241626f7574223b733a31313a226465736372697074696f6e223b733a303a22223b733a333a22706964223b733a313a2232223b733a363a22776569676874223b733a333a222d3130223b733a343a2274797065223b733a333a22313138223b733a383a226368696c6472656e223b613a313a7b693a303b693a34323b7d7d693a33343b613a353a7b733a343a2270617468223b733a32353a2261646d696e2f73657474696e67732f73746174697374696373223b733a353a227469746c65223b733a31303a2273746174697374696373223b733a343a2274797065223b693a32323b733a363a22776569676874223b693a303b733a333a22706964223b733a323a223131223b7d693a33353b613a363a7b733a343a2270617468223b733a31353a2261646d696e2f6c6f67732f68697473223b733a353a227469746c65223b733a31313a22726563656e742068697473223b733a363a22616363657373223b623a313b733a363a22776569676874223b693a333b733a343a2274797065223b693a32323b733a333a22706964223b733a323a223135223b7d693a33363b613a363a7b733a343a2270617468223b733a31363a2261646d696e2f6c6f67732f7061676573223b733a353a227469746c65223b733a393a22746f70207061676573223b733a363a22616363657373223b623a313b733a363a22776569676874223b693a313b733a343a2274797065223b693a32323b733a333a22706964223b733a323a223135223b7d693a33373b613a363a7b733a343a2270617468223b733a31393a2261646d696e2f6c6f67732f76697369746f7273223b733a353a227469746c65223b733a31323a22746f702076697369746f7273223b733a363a22616363657373223b623a313b733a363a22776569676874223b693a323b733a343a2274797065223b693a32323b733a333a22706964223b733a323a223135223b7d693a33383b613a363a7b733a343a2270617468223b733a32303a2261646d696e2f6c6f67732f726566657272657273223b733a353a227469746c65223b733a393a22726566657272657273223b733a363a22616363657373223b623a313b733a343a2274797065223b693a32323b733a363a22776569676874223b693a303b733a333a22706964223b733a323a223135223b7d693a33393b613a363a7b733a343a2270617468223b733a32323a2261646d696e2f73657474696e67732f74696e796d6365223b733a353a227469746c65223b733a373a2274696e796d6365223b733a363a22616363657373223b623a313b733a343a2274797065223b693a32323b733a363a22776569676874223b693a303b733a333a22706964223b733a323a223131223b7d693a34303b613a373a7b733a343a2270617468223b733a31303a2261646d696e2f70617468223b733a353a227469746c65223b733a31313a2275726c20616c6961736573223b733a363a22616363657373223b623a313b733a343a2274797065223b693a32323b733a363a22776569676874223b693a303b733a383a226368696c6472656e223b613a343a7b693a303b693a2d3130343b693a313b693a2d3130353b693a323b693a2d3130363b693a333b693a2d3130373b7d733a333a22706964223b733a313a2235223b7d693a34323b613a363a7b733a343a2270617468223b733a363a226e6f64652f35223b733a353a227469746c65223b733a31363a22506c616e6e6564206665617475726573223b733a31313a226465736372697074696f6e223b733a303a22223b733a333a22706964223b733a323a223333223b733a363a22776569676874223b733a313a2230223b733a343a2274797065223b733a333a22313138223b7d693a34333b613a353a7b733a343a2270617468223b733a32333a2261646d696e2f73657474696e67732f67736974656d6170223b733a353a227469746c65223b733a383a2267736974656d6170223b733a343a2274797065223b693a32323b733a363a22776569676874223b693a303b733a333a22706964223b733a323a223131223b7d693a34343b613a353a7b733a343a2270617468223b733a32323a2261646d696e2f73657474696e67732f626c6f67617069223b733a353a227469746c65223b733a373a22626c6f67617069223b733a343a2274797065223b693a32323b733a363a22776569676874223b693a303b733a333a22706964223b733a323a223131223b7d7d733a393a2263616c6c6261636b73223b613a3130363a7b733a31333a2261646d696e2f66696c74657273223b613a313a7b733a383a2263616c6c6261636b223b733a32313a2266696c7465725f61646d696e5f6f76657276696577223b7d733a31383a2261646d696e2f66696c746572732f6c697374223b613a313a7b733a383a2263616c6c6261636b223b733a32313a2266696c7465725f61646d696e5f6f76657276696577223b7d733a31373a2261646d696e2f66696c746572732f616464223b613a313a7b733a383a2263616c6c6261636b223b733a32343a2266696c7465725f61646d696e5f666f726d61745f666f726d223b7d733a32303a2261646d696e2f66696c746572732f64656c657465223b613a313a7b733a383a2263616c6c6261636b223b733a31393a2266696c7465725f61646d696e5f64656c657465223b7d733a31313a2266696c7465722f74697073223b613a313a7b733a383a2263616c6c6261636b223b733a31363a2266696c7465725f746970735f6c6f6e67223b7d733a31303a2261646d696e2f6e6f6465223b613a313a7b733a383a2263616c6c6261636b223b733a31363a226e6f64655f61646d696e5f6e6f646573223b7d733a31373a2261646d696e2f6e6f64652f736561726368223b613a313a7b733a383a2263616c6c6261636b223b733a31373a226e6f64655f61646d696e5f736561726368223b7d733a31393a2261646d696e2f73657474696e67732f6e6f6465223b613a313a7b733a383a2263616c6c6261636b223b733a31343a226e6f64655f636f6e666967757265223b7d733a32383a2261646d696e2f73657474696e67732f636f6e74656e742d7479706573223b613a313a7b733a383a2263616c6c6261636b223b733a32303a226e6f64655f74797065735f636f6e666967757265223b7d733a343a226e6f6465223b613a313a7b733a383a2263616c6c6261636b223b733a393a226e6f64655f70616765223b7d733a383a226e6f64652f616464223b613a313a7b733a383a2263616c6c6261636b223b733a393a226e6f64655f70616765223b7d733a373a227273732e786d6c223b613a313a7b733a383a2263616c6c6261636b223b733a393a226e6f64655f66656564223b7d733a31323a2273797374656d2f66696c6573223b613a313a7b733a383a2263616c6c6261636b223b733a31333a2266696c655f646f776e6c6f6164223b7d733a353a2261646d696e223b613a313a7b733a383a2263616c6c6261636b223b733a31373a227761746368646f675f6f76657276696577223b7d733a31323a2261646d696e2f7468656d6573223b613a313a7b733a383a2263616c6c6261636b223b733a31333a2273797374656d5f7468656d6573223b7d733a31393a2261646d696e2f7468656d65732f73656c656374223b613a313a7b733a383a2263616c6c6261636b223b733a31333a2273797374656d5f7468656d6573223b7d733a32313a2261646d696e2f7468656d65732f73657474696e6773223b613a313a7b733a383a2263616c6c6261636b223b733a32313a2273797374656d5f7468656d655f73657474696e6773223b7d733a32383a2261646d696e2f7468656d65732f73657474696e67732f676c6f62616c223b613a313a7b733a383a2263616c6c6261636b223b733a32313a2273797374656d5f7468656d655f73657474696e6773223b7d733a33313a2261646d696e2f7468656d65732f73657474696e67732f6368616d656c656f6e223b613a323a7b733a383a2263616c6c6261636b223b733a32313a2273797374656d5f7468656d655f73657474696e6773223b733a31383a2263616c6c6261636b20617267756d656e7473223b613a313a7b693a303b733a393a226368616d656c656f6e223b7d7d733a31343a2261646d696e2f73657474696e6773223b613a313a7b733a383a2263616c6c6261636b223b733a32303a2273797374656d5f736974655f73657474696e6773223b7d733a31333a2261646d696e2f6d6f64756c6573223b613a313a7b733a383a2263616c6c6261636b223b733a31343a2273797374656d5f6d6f64756c6573223b7d733a343a2275736572223b613a313a7b733a383a2263616c6c6261636b223b733a31303a22757365725f6c6f67696e223b7d733a31373a22757365722f6175746f636f6d706c657465223b613a313a7b733a383a2263616c6c6261636b223b733a31373a22757365725f6175746f636f6d706c657465223b7d733a31303a22757365722f6c6f67696e223b613a313a7b733a383a2263616c6c6261636b223b733a31303a22757365725f6c6f67696e223b7d733a31333a22757365722f7265676973746572223b613a313a7b733a383a2263616c6c6261636b223b733a31333a22757365725f7265676973746572223b7d733a31333a22757365722f70617373776f7264223b613a313a7b733a383a2263616c6c6261636b223b733a393a22757365725f70617373223b7d733a31303a22757365722f7265736574223b613a313a7b733a383a2263616c6c6261636b223b733a31353a22757365725f706173735f7265736574223b7d733a393a22757365722f68656c70223b613a313a7b733a383a2263616c6c6261636b223b733a31343a22757365725f68656c705f70616765223b7d733a31303a2261646d696e2f75736572223b613a313a7b733a383a2263616c6c6261636b223b733a31303a22757365725f61646d696e223b7d733a31373a2261646d696e2f757365722f637265617465223b613a313a7b733a383a2263616c6c6261636b223b733a31303a22757365725f61646d696e223b7d733a31393a2261646d696e2f73657474696e67732f75736572223b613a313a7b733a383a2263616c6c6261636b223b733a31343a22757365725f636f6e666967757265223b7d733a31323a2261646d696e2f616363657373223b613a313a7b733a383a2263616c6c6261636b223b733a31353a22757365725f61646d696e5f7065726d223b7d733a32343a2261646d696e2f6163636573732f7065726d697373696f6e73223b613a313a7b733a383a2263616c6c6261636b223b733a31353a22757365725f61646d696e5f7065726d223b7d733a31383a2261646d696e2f6163636573732f726f6c6573223b613a313a7b733a383a2263616c6c6261636b223b733a31353a22757365725f61646d696e5f726f6c65223b7d733a32333a2261646d696e2f6163636573732f726f6c65732f65646974223b613a313a7b733a383a2263616c6c6261636b223b733a31353a22757365725f61646d696e5f726f6c65223b7d733a31383a2261646d696e2f6163636573732f72756c6573223b613a313a7b733a383a2263616c6c6261636b223b733a31373a22757365725f61646d696e5f616363657373223b7d733a32323a2261646d696e2f6163636573732f72756c65732f616464223b613a313a7b733a383a2263616c6c6261636b223b733a32313a22757365725f61646d696e5f6163636573735f616464223b7d733a32343a2261646d696e2f6163636573732f72756c65732f636865636b223b613a313a7b733a383a2263616c6c6261636b223b733a32333a22757365725f61646d696e5f6163636573735f636865636b223b7d733a32333a2261646d696e2f6163636573732f72756c65732f65646974223b613a313a7b733a383a2263616c6c6261636b223b733a32323a22757365725f61646d696e5f6163636573735f65646974223b7d733a32353a2261646d696e2f6163636573732f72756c65732f64656c657465223b613a313a7b733a383a2263616c6c6261636b223b733a32343a22757365725f61646d696e5f6163636573735f64656c657465223b7d733a31373a2261646d696e2f757365722f736561726368223b613a313a7b733a383a2263616c6c6261636b223b733a31303a22757365725f61646d696e223b7d733a363a22757365722f31223b613a323a7b733a383a2263616c6c6261636b223b733a393a22757365725f76696577223b733a31383a2263616c6c6261636b20617267756d656e7473223b613a313a7b693a303b733a373a226d6f64756c6573223b7d7d733a363a226c6f676f7574223b613a313a7b733a383a2263616c6c6261636b223b733a31313a22757365725f6c6f676f7574223b7d733a31303a2261646d696e2f6c6f6773223b613a313a7b733a383a2263616c6c6261636b223b733a31373a227761746368646f675f6f76657276696577223b7d733a31363a2261646d696e2f6c6f67732f6576656e74223b613a313a7b733a383a2263616c6c6261636b223b733a31343a227761746368646f675f6576656e74223b7d733a31313a2261646d696e2f626c6f636b223b613a313a7b733a383a2263616c6c6261636b223b733a31393a22626c6f636b5f61646d696e5f646973706c6179223b7d733a32313a2261646d696e2f626c6f636b2f636f6e666967757265223b613a313a7b733a383a2263616c6c6261636b223b733a32313a22626c6f636b5f61646d696e5f636f6e666967757265223b7d733a31383a2261646d696e2f626c6f636b2f64656c657465223b613a313a7b733a383a2263616c6c6261636b223b733a31363a22626c6f636b5f626f785f64656c657465223b7d733a31353a2261646d696e2f626c6f636b2f616464223b613a313a7b733a383a2263616c6c6261636b223b733a31333a22626c6f636b5f626f785f616464223b7d733a343a22626c6f67223b613a313a7b733a383a2263616c6c6261636b223b733a393a22626c6f675f70616765223b7d733a373a22626c6f67617069223b613a313a7b733a383a2263616c6c6261636b223b733a31353a22626c6f676170695f626c6f67617069223b7d733a31333a2261646d696e2f636f6d6d656e74223b613a313a7b733a383a2263616c6c6261636b223b733a32323a22636f6d6d656e745f61646d696e5f6f76657276696577223b7d733a32333a2261646d696e2f636f6d6d656e742f636f6e666967757265223b613a313a7b733a383a2263616c6c6261636b223b733a31373a22636f6d6d656e745f636f6e666967757265223b7d733a32373a2261646d696e2f636f6d6d656e742f6c6973742f617070726f76616c223b613a323a7b733a383a2263616c6c6261636b223b733a32323a22636f6d6d656e745f61646d696e5f6f76657276696577223b733a31383a2263616c6c6261636b20617267756d656e7473223b613a313a7b693a303b733a383a22617070726f76616c223b7d7d733a31343a22636f6d6d656e742f64656c657465223b613a313a7b733a383a2263616c6c6261636b223b733a31343a22636f6d6d656e745f64656c657465223b7d733a31323a22636f6d6d656e742f65646974223b613a313a7b733a383a2263616c6c6261636b223b733a31323a22636f6d6d656e745f65646974223b7d733a31303a2261646d696e2f68656c70223b613a313a7b733a383a2263616c6c6261636b223b733a393a2268656c705f6d61696e223b7d733a31363a2261646d696e2f68656c702f626c6f636b223b613a313a7b733a383a2263616c6c6261636b223b733a393a2268656c705f70616765223b7d733a31353a2261646d696e2f68656c702f626c6f67223b613a313a7b733a383a2263616c6c6261636b223b733a393a2268656c705f70616765223b7d733a31383a2261646d696e2f68656c702f626c6f67617069223b613a313a7b733a383a2263616c6c6261636b223b733a393a2268656c705f70616765223b7d733a31383a2261646d696e2f68656c702f636f6d6d656e74223b613a313a7b733a383a2263616c6c6261636b223b733a393a2268656c705f70616765223b7d733a31373a2261646d696e2f68656c702f66696c746572223b613a313a7b733a383a2263616c6c6261636b223b733a393a2268656c705f70616765223b7d733a31393a2261646d696e2f68656c702f67736974656d6170223b613a313a7b733a383a2263616c6c6261636b223b733a393a2268656c705f70616765223b7d733a31353a2261646d696e2f68656c702f68656c70223b613a313a7b733a383a2263616c6c6261636b223b733a393a2268656c705f70616765223b7d733a31353a2261646d696e2f68656c702f6d656e75223b613a313a7b733a383a2263616c6c6261636b223b733a393a2268656c705f70616765223b7d733a31353a2261646d696e2f68656c702f6e6f6465223b613a313a7b733a383a2263616c6c6261636b223b733a393a2268656c705f70616765223b7d733a31353a2261646d696e2f68656c702f70616765223b613a313a7b733a383a2263616c6c6261636b223b733a393a2268656c705f70616765223b7d733a31353a2261646d696e2f68656c702f70617468223b613a313a7b733a383a2263616c6c6261636b223b733a393a2268656c705f70616765223b7d733a31373a2261646d696e2f68656c702f736561726368223b613a313a7b733a383a2263616c6c6261636b223b733a393a2268656c705f70616765223b7d733a32313a2261646d696e2f68656c702f73746174697374696373223b613a313a7b733a383a2263616c6c6261636b223b733a393a2268656c705f70616765223b7d733a31363a2261646d696e2f68656c702f73746f7279223b613a313a7b733a383a2263616c6c6261636b223b733a393a2268656c705f70616765223b7d733a31373a2261646d696e2f68656c702f73797374656d223b613a313a7b733a383a2263616c6c6261636b223b733a393a2268656c705f70616765223b7d733a31393a2261646d696e2f68656c702f7461786f6e6f6d79223b613a313a7b733a383a2263616c6c6261636b223b733a393a2268656c705f70616765223b7d733a31383a2261646d696e2f68656c702f74696e796d6365223b613a313a7b733a383a2263616c6c6261636b223b733a393a2268656c705f70616765223b7d733a31353a2261646d696e2f68656c702f75736572223b613a313a7b733a383a2263616c6c6261636b223b733a393a2268656c705f70616765223b7d733a31393a2261646d696e2f68656c702f7761746368646f67223b613a313a7b733a383a2263616c6c6261636b223b733a393a2268656c705f70616765223b7d733a31303a2261646d696e2f6d656e75223b613a313a7b733a383a2263616c6c6261636b223b733a31333a226d656e755f6f76657276696577223b7d733a31393a2261646d696e2f6d656e752f6974656d2f616464223b613a313a7b733a383a2263616c6c6261636b223b733a31393a226d656e755f656469745f6974656d5f666f726d223b7d733a32303a2261646d696e2f6d656e752f6974656d2f65646974223b613a313a7b733a383a2263616c6c6261636b223b733a31393a226d656e755f656469745f6974656d5f666f726d223b7d733a32313a2261646d696e2f6d656e752f6974656d2f7265736574223b613a313a7b733a383a2263616c6c6261636b223b733a31353a226d656e755f72657365745f6974656d223b7d733a32333a2261646d696e2f6d656e752f6974656d2f64697361626c65223b613a313a7b733a383a2263616c6c6261636b223b733a31373a226d656e755f64697361626c655f6974656d223b7d733a32323a2261646d696e2f6d656e752f6974656d2f64656c657465223b613a313a7b733a383a2263616c6c6261636b223b733a32313a226d656e755f6974656d5f64656c6574655f666f726d223b7d733a31393a2261646d696e2f6d656e752f6d656e752f616464223b613a313a7b733a383a2263616c6c6261636b223b733a31393a226d656e755f656469745f6d656e755f666f726d223b7d733a32303a2261646d696e2f6d656e752f6d656e752f65646974223b613a313a7b733a383a2263616c6c6261636b223b733a31393a226d656e755f656469745f6d656e755f666f726d223b7d733a32323a2261646d696e2f6d656e752f6d656e752f64656c657465223b613a313a7b733a383a2263616c6c6261636b223b733a32313a226d656e755f6974656d5f64656c6574655f666f726d223b7d733a31393a2261646d696e2f73657474696e67732f6d656e75223b613a313a7b733a383a2263616c6c6261636b223b733a31343a226d656e755f636f6e666967757265223b7d733a31303a2261646d696e2f70617468223b613a313a7b733a383a2263616c6c6261636b223b733a31303a22706174685f61646d696e223b7d733a31353a2261646d696e2f706174682f65646974223b613a313a7b733a383a2263616c6c6261636b223b733a31353a22706174685f61646d696e5f65646974223b7d733a31373a2261646d696e2f706174682f64656c657465223b613a313a7b733a383a2263616c6c6261636b223b733a32353a22706174685f61646d696e5f64656c6574655f636f6e6669726d223b7d733a31343a2261646d696e2f706174682f616464223b613a313a7b733a383a2263616c6c6261636b223b733a31353a22706174685f61646d696e5f65646974223b7d733a363a22736561726368223b613a313a7b733a383a2263616c6c6261636b223b733a31313a227365617263685f76696577223b7d733a32363a2261646d696e2f73657474696e67732f7365617263682f77697065223b613a313a7b733a383a2263616c6c6261636b223b733a31393a227365617263685f776970655f636f6e6669726d223b7d733a31353a2261646d696e2f6c6f67732f68697473223b613a313a7b733a383a2263616c6c6261636b223b733a32323a22737461746973746963735f726563656e745f68697473223b7d733a31363a2261646d696e2f6c6f67732f7061676573223b613a313a7b733a383a2263616c6c6261636b223b733a32303a22737461746973746963735f746f705f7061676573223b7d733a31393a2261646d696e2f6c6f67732f76697369746f7273223b613a313a7b733a383a2263616c6c6261636b223b733a32333a22737461746973746963735f746f705f76697369746f7273223b7d733a32303a2261646d696e2f6c6f67732f726566657272657273223b613a313a7b733a383a2263616c6c6261636b223b733a32343a22737461746973746963735f746f705f726566657272657273223b7d733a31373a2261646d696e2f6c6f67732f616363657373223b613a313a7b733a383a2263616c6c6261636b223b733a32313a22737461746973746963735f6163636573735f6c6f67223b7d733a31343a2261646d696e2f7461786f6e6f6d79223b613a313a7b733a383a2263616c6c6261636b223b733a33303a227461786f6e6f6d795f6f766572766965775f766f636162756c6172696573223b7d733a32393a2261646d696e2f7461786f6e6f6d792f6164642f766f636162756c617279223b613a313a7b733a383a2263616c6c6261636b223b733a33303a227461786f6e6f6d795f61646d696e5f766f636162756c6172795f65646974223b7d733a33303a2261646d696e2f7461786f6e6f6d792f656469742f766f636162756c617279223b613a313a7b733a383a2263616c6c6261636b223b733a33303a227461786f6e6f6d795f61646d696e5f766f636162756c6172795f65646974223b7d733a32343a2261646d696e2f7461786f6e6f6d792f656469742f7465726d223b613a313a7b733a383a2263616c6c6261636b223b733a32343a227461786f6e6f6d795f61646d696e5f7465726d5f65646974223b7d733a31333a227461786f6e6f6d792f7465726d223b613a313a7b733a383a2263616c6c6261636b223b733a31383a227461786f6e6f6d795f7465726d5f70616765223b7d733a32313a227461786f6e6f6d792f6175746f636f6d706c657465223b613a313a7b733a383a2263616c6c6261636b223b733a32313a227461786f6e6f6d795f6175746f636f6d706c657465223b7d733a32323a2261646d696e2f73657474696e67732f74696e796d6365223b613a313a7b733a383a2263616c6c6261636b223b733a31333a2274696e796d63655f61646d696e223b7d733a383a2267736974656d6170223b613a313a7b733a383a2263616c6c6261636b223b733a31353a2267736974656d61705f6f7574707574223b7d733a32373a22676f6f676c65336265643966633163636362373734652e68746d6c223b613a313a7b733a383a2263616c6c6261636b223b733a31353a2267736974656d61705f766572696679223b7d7d733a373a2276697369626c65223b613a34313a7b693a2d36313b613a353a7b733a353a227469746c65223b733a373a226d7920626c6f67223b733a343a2270617468223b733a363a22626c6f672f31223b733a383a226368696c6472656e223b613a303a7b7d733a343a2274797065223b693a363b733a333a22706964223b693a313b7d693a32383b613a353a7b733a353a227469746c65223b733a31303a22626c6f6720656e747279223b733a343a2270617468223b733a31333a226e6f64652f6164642f626c6f67223b733a383a226368696c6472656e223b613a303a7b7d733a343a2274797065223b693a32323b733a333a22706964223b693a393b7d693a32363b613a353a7b733a353a227469746c65223b733a343a2270616765223b733a343a2270617468223b733a31333a226e6f64652f6164642f70616765223b733a383a226368696c6472656e223b613a303a7b7d733a343a2274797065223b693a32323b733a333a22706964223b693a393b7d693a32373b613a353a7b733a353a227469746c65223b733a353a2273746f7279223b733a343a2270617468223b733a31343a226e6f64652f6164642f73746f7279223b733a383a226368696c6472656e223b613a303a7b7d733a343a2274797065223b693a32323b733a333a22706964223b693a393b7d693a393b613a353a7b733a353a227469746c65223b733a31343a2263726561746520636f6e74656e74223b733a343a2270617468223b733a383a226e6f64652f616464223b733a383a226368696c6472656e223b613a333a7b693a303b693a32383b693a313b693a32363b693a323b693a32373b7d733a343a2274797065223b693a32383b733a333a22706964223b693a313b7d693a2d34393b613a353a7b733a353a227469746c65223b733a31303a226d79206163636f756e74223b733a343a2270617468223b733a363a22757365722f31223b733a383a226368696c6472656e223b613a303a7b7d733a343a2274797065223b693a363b733a333a22706964223b693a313b7d693a31343b613a353a7b733a353a227469746c65223b733a31343a2261636365737320636f6e74726f6c223b733a343a2270617468223b733a31323a2261646d696e2f616363657373223b733a383a226368696c6472656e223b613a303a7b7d733a343a2274797065223b693a32323b733a333a22706964223b693a353b7d693a31363b613a353a7b733a353a227469746c65223b733a363a22626c6f636b73223b733a343a2270617468223b733a31313a2261646d696e2f626c6f636b223b733a383a226368696c6472656e223b613a303a7b7d733a343a2274797065223b693a32323b733a333a22706964223b693a353b7d693a32303b613a353a7b733a353a227469746c65223b733a31303a2263617465676f72696573223b733a343a2270617468223b733a31343a2261646d696e2f7461786f6e6f6d79223b733a383a226368696c6472656e223b613a303a7b7d733a343a2274797065223b693a32323b733a333a22706964223b693a353b7d693a31373b613a353a7b733a353a227469746c65223b733a383a22636f6d6d656e7473223b733a343a2270617468223b733a31333a2261646d696e2f636f6d6d656e74223b733a383a226368696c6472656e223b613a303a7b7d733a343a2274797065223b693a32323b733a333a22706964223b693a353b7d693a383b613a353a7b733a353a227469746c65223b733a373a22636f6e74656e74223b733a343a2270617468223b733a31303a2261646d696e2f6e6f6465223b733a383a226368696c6472656e223b613a303a7b7d733a343a2274797065223b693a32323b733a333a22706964223b693a353b7d693a373b613a353a7b733a353a227469746c65223b733a31333a22696e70757420666f726d617473223b733a343a2270617468223b733a31333a2261646d696e2f66696c74657273223b733a383a226368696c6472656e223b613a303a7b7d733a343a2274797065223b693a32323b733a333a22706964223b693a353b7d693a33383b613a353a7b733a353a227469746c65223b733a393a22726566657272657273223b733a343a2270617468223b733a32303a2261646d696e2f6c6f67732f726566657272657273223b733a383a226368696c6472656e223b613a303a7b7d733a343a2274797065223b693a32323b733a333a22706964223b693a31353b7d693a33363b613a353a7b733a353a227469746c65223b733a393a22746f70207061676573223b733a343a2270617468223b733a31363a2261646d696e2f6c6f67732f7061676573223b733a383a226368696c6472656e223b613a303a7b7d733a343a2274797065223b693a32323b733a333a22706964223b693a31353b7d693a33373b613a353a7b733a353a227469746c65223b733a31323a22746f702076697369746f7273223b733a343a2270617468223b733a31393a2261646d696e2f6c6f67732f76697369746f7273223b733a383a226368696c6472656e223b613a303a7b7d733a343a2274797065223b693a32323b733a333a22706964223b693a31353b7d693a33353b613a353a7b733a353a227469746c65223b733a31313a22726563656e742068697473223b733a343a2270617468223b733a31353a2261646d696e2f6c6f67732f68697473223b733a383a226368696c6472656e223b613a303a7b7d733a343a2274797065223b693a32323b733a333a22706964223b693a31353b7d693a31353b613a353a7b733a353a227469746c65223b733a343a226c6f6773223b733a343a2270617468223b733a31303a2261646d696e2f6c6f6773223b733a383a226368696c6472656e223b613a343a7b693a303b693a33383b693a313b693a33363b693a323b693a33373b693a333b693a33353b7d733a343a2274797065223b693a32323b733a333a22706964223b693a353b7d693a31393b613a353a7b733a353a227469746c65223b733a353a226d656e7573223b733a343a2270617468223b733a31303a2261646d696e2f6d656e75223b733a383a226368696c6472656e223b613a303a7b7d733a343a2274797065223b693a32323b733a333a22706964223b693a353b7d693a31323b613a353a7b733a353a227469746c65223b733a373a226d6f64756c6573223b733a343a2270617468223b733a31333a2261646d696e2f6d6f64756c6573223b733a383a226368696c6472656e223b613a303a7b7d733a343a2274797065223b693a32323b733a333a22706964223b693a353b7d693a34343b613a353a7b733a353a227469746c65223b733a373a22626c6f67617069223b733a343a2270617468223b733a32323a2261646d696e2f73657474696e67732f626c6f67617069223b733a383a226368696c6472656e223b613a303a7b7d733a343a2274797065223b693a32323b733a333a22706964223b693a31313b7d693a32323b613a353a7b733a353a227469746c65223b733a31333a22636f6e74656e74207479706573223b733a343a2270617468223b733a32383a2261646d696e2f73657474696e67732f636f6e74656e742d7479706573223b733a383a226368696c6472656e223b613a303a7b7d733a343a2274797065223b693a32323b733a333a22706964223b693a31313b7d693a34333b613a353a7b733a353a227469746c65223b733a383a2267736974656d6170223b733a343a2270617468223b733a32333a2261646d696e2f73657474696e67732f67736974656d6170223b733a383a226368696c6472656e223b613a303a7b7d733a343a2274797065223b693a32323b733a333a22706964223b693a31313b7d693a32353b613a353a7b733a353a227469746c65223b733a353a226d656e7573223b733a343a2270617468223b733a31393a2261646d696e2f73657474696e67732f6d656e75223b733a383a226368696c6472656e223b613a303a7b7d733a343a2274797065223b693a32323b733a333a22706964223b693a31313b7d693a32313b613a353a7b733a353a227469746c65223b733a353a22706f737473223b733a343a2270617468223b733a31393a2261646d696e2f73657474696e67732f6e6f6465223b733a383a226368696c6472656e223b613a303a7b7d733a343a2274797065223b693a32323b733a333a22706964223b693a31313b7d693a32333b613a353a7b733a353a227469746c65223b733a363a22736561726368223b733a343a2270617468223b733a32313a2261646d696e2f73657474696e67732f736561726368223b733a383a226368696c6472656e223b613a303a7b7d733a343a2274797065223b693a32323b733a333a22706964223b693a31313b7d693a33343b613a353a7b733a353a227469746c65223b733a31303a2273746174697374696373223b733a343a2270617468223b733a32353a2261646d696e2f73657474696e67732f73746174697374696373223b733a383a226368696c6472656e223b613a303a7b7d733a343a2274797065223b693a32323b733a333a22706964223b693a31313b7d693a33393b613a353a7b733a353a227469746c65223b733a373a2274696e796d6365223b733a343a2270617468223b733a32323a2261646d696e2f73657474696e67732f74696e796d6365223b733a383a226368696c6472656e223b613a303a7b7d733a343a2274797065223b693a32323b733a333a22706964223b693a31313b7d693a32343b613a353a7b733a353a227469746c65223b733a353a227573657273223b733a343a2270617468223b733a31393a2261646d696e2f73657474696e67732f75736572223b733a383a226368696c6472656e223b613a303a7b7d733a343a2274797065223b693a32323b733a333a22706964223b693a31313b7d693a31313b613a353a7b733a353a227469746c65223b733a383a2273657474696e6773223b733a343a2270617468223b733a31343a2261646d696e2f73657474696e6773223b733a383a226368696c6472656e223b613a393a7b693a303b693a34343b693a313b693a32323b693a323b693a34333b693a333b693a32353b693a343b693a32313b693a353b693a32333b693a363b693a33343b693a373b693a33393b693a383b693a32343b7d733a343a2274797065223b693a32323b733a333a22706964223b693a353b7d693a31303b613a353a7b733a353a227469746c65223b733a363a227468656d6573223b733a343a2270617468223b733a31323a2261646d696e2f7468656d6573223b733a383a226368696c6472656e223b613a303a7b7d733a343a2274797065223b693a32323b733a333a22706964223b693a353b7d693a34303b613a353a7b733a353a227469746c65223b733a31313a2275726c20616c6961736573223b733a343a2270617468223b733a31303a2261646d696e2f70617468223b733a383a226368696c6472656e223b613a303a7b7d733a343a2274797065223b693a32323b733a333a22706964223b693a353b7d693a31333b613a353a7b733a353a227469746c65223b733a353a227573657273223b733a343a2270617468223b733a31303a2261646d696e2f75736572223b733a383a226368696c6472656e223b613a303a7b7d733a343a2274797065223b693a32323b733a333a22706964223b693a353b7d693a31383b613a353a7b733a353a227469746c65223b733a343a2268656c70223b733a343a2270617468223b733a31303a2261646d696e2f68656c70223b733a383a226368696c6472656e223b613a303a7b7d733a343a2274797065223b693a32323b733a333a22706964223b693a353b7d693a353b613a353a7b733a353a227469746c65223b733a31303a2261646d696e6973746572223b733a343a2270617468223b733a353a2261646d696e223b733a383a226368696c6472656e223b613a31343a7b693a303b693a31343b693a313b693a31363b693a323b693a32303b693a333b693a31373b693a343b693a383b693a353b693a373b693a363b693a31353b693a373b693a31393b693a383b693a31323b693a393b693a31313b693a31303b693a31303b693a31313b693a34303b693a31323b693a31333b693a31333b693a31383b7d733a343a2274797065223b693a32323b733a333a22706964223b693a313b7d693a363b613a353a7b733a353a227469746c65223b733a373a226c6f67206f7574223b733a343a2270617468223b733a363a226c6f676f7574223b733a383a226368696c6472656e223b613a303a7b7d733a343a2274797065223b693a32323b733a333a22706964223b693a313b7d693a313b613a353a7b733a353a227469746c65223b733a31303a224e617669676174696f6e223b733a343a2270617468223b733a303a22223b733a383a226368696c6472656e223b613a353a7b693a303b693a2d36313b693a313b693a393b693a323b693a2d34393b693a333b693a353b693a343b693a363b7d733a343a2274797065223b693a333b733a333a22706964223b693a303b7d693a34323b613a353a7b733a353a227469746c65223b733a31363a22506c616e6e6564206665617475726573223b733a343a2270617468223b733a363a226e6f64652f35223b733a383a226368696c6472656e223b613a303a7b7d733a343a2274797065223b733a333a22313138223b733a333a22706964223b693a33333b7d693a33333b613a353a7b733a353a227469746c65223b733a353a2241626f7574223b733a343a2270617468223b733a363a226e6f64652f33223b733a383a226368696c6472656e223b613a313a7b693a303b693a34323b7d733a343a2274797065223b733a333a22313138223b733a333a22706964223b693a323b7d693a33313b613a353a7b733a353a227469746c65223b733a31323a2250726f6a6563742070616765223b733a343a2270617468223b733a34383a22687474703a2f2f646576656c6f7065722e6265726c696f732e64652f70726f6a656374732f6172676f6e61757473766e223b733a383a226368696c6472656e223b613a303a7b7d733a343a2274797065223b733a333a22313138223b733a333a22706964223b693a323b7d693a323b613a353a7b733a353a227469746c65223b733a31333a225072696d617279206c696e6b73223b733a343a2270617468223b733a303a22223b733a383a226368696c6472656e223b613a323a7b693a303b693a33333b693a313b693a33313b7d733a343a2274797065223b733a333a22313135223b733a333a22706964223b693a303b7d693a303b613a343a7b733a353a227469746c65223b733a303a22223b733a343a2270617468223b733a303a22223b733a383a226368696c6472656e223b613a323a7b693a303b693a313b693a313b693a323b7d733a343a2274797065223b693a313b7d7d7d, 1166291077, 1166204677, '');
INSERT INTO `cache` (`cid`, `data`, `expire`, `created`, `headers`) VALUES 
('menu:2:en', 0x613a343a7b733a31303a227061746820696e646578223b613a3132393a7b733a31333a2261646d696e2f66696c74657273223b733a313a2237223b733a31383a2261646d696e2f66696c746572732f6c697374223b693a2d323b733a31373a2261646d696e2f66696c746572732f616464223b693a2d333b733a32303a2261646d696e2f66696c746572732f64656c657465223b693a2d343b733a31313a2266696c7465722f74697073223b733a313a2233223b733a31303a2261646d696e2f6e6f6465223b733a313a2238223b733a31393a2261646d696e2f6e6f64652f6f76657276696577223b693a2d373b733a31373a2261646d696e2f6e6f64652f736561726368223b693a2d383b733a31393a2261646d696e2f73657474696e67732f6e6f6465223b733a323a223231223b733a32383a2261646d696e2f73657474696e67732f636f6e74656e742d7479706573223b733a323a223232223b733a343a226e6f6465223b733a313a2234223b733a383a226e6f64652f616464223b733a313a2239223b733a373a227273732e786d6c223b693a2d31333b733a31323a2273797374656d2f66696c6573223b693a2d31343b733a353a2261646d696e223b733a313a2235223b733a31323a2261646d696e2f7468656d6573223b733a323a223130223b733a31393a2261646d696e2f7468656d65732f73656c656374223b693a2d31373b733a32313a2261646d696e2f7468656d65732f73657474696e6773223b693a2d31383b733a32383a2261646d696e2f7468656d65732f73657474696e67732f676c6f62616c223b693a2d31393b733a33313a2261646d696e2f7468656d65732f73657474696e67732f6368616d656c656f6e223b693a2d32303b733a31343a2261646d696e2f73657474696e6773223b733a323a223131223b733a32323a2261646d696e2f73657474696e67732f626c6f67617069223b733a323a223434223b733a32313a2261646d696e2f73657474696e67732f736561726368223b733a323a223233223b733a32353a2261646d696e2f73657474696e67732f73746174697374696373223b733a323a223334223b733a32333a2261646d696e2f73657474696e67732f67736974656d6170223b733a323a223433223b733a31333a2261646d696e2f6d6f64756c6573223b733a323a223132223b733a343a2275736572223b693a2d32373b733a31373a22757365722f6175746f636f6d706c657465223b693a2d32383b733a31303a22757365722f6c6f67696e223b693a2d32393b733a31333a22757365722f7265676973746572223b693a2d33303b733a31333a22757365722f70617373776f7264223b693a2d33313b733a31303a22757365722f7265736574223b693a2d33323b733a393a22757365722f68656c70223b693a2d33333b733a31303a2261646d696e2f75736572223b733a323a223133223b733a31353a2261646d696e2f757365722f6c697374223b693a2d33353b733a31373a2261646d696e2f757365722f637265617465223b693a2d33363b733a31393a2261646d696e2f73657474696e67732f75736572223b733a323a223234223b733a31323a2261646d696e2f616363657373223b733a323a223134223b733a32343a2261646d696e2f6163636573732f7065726d697373696f6e73223b693a2d33393b733a31383a2261646d696e2f6163636573732f726f6c6573223b693a2d34303b733a32333a2261646d696e2f6163636573732f726f6c65732f65646974223b693a2d34313b733a31383a2261646d696e2f6163636573732f72756c6573223b693a2d34323b733a32333a2261646d696e2f6163636573732f72756c65732f6c697374223b693a2d34333b733a32323a2261646d696e2f6163636573732f72756c65732f616464223b693a2d34343b733a32343a2261646d696e2f6163636573732f72756c65732f636865636b223b693a2d34353b733a32333a2261646d696e2f6163636573732f72756c65732f65646974223b693a2d34363b733a32353a2261646d696e2f6163636573732f72756c65732f64656c657465223b693a2d34373b733a31373a2261646d696e2f757365722f736561726368223b693a2d34383b733a363a22757365722f32223b693a2d34393b733a363a226c6f676f7574223b733a313a2236223b733a31303a2261646d696e2f6c6f6773223b733a323a223135223b733a31363a2261646d696e2f6c6f67732f6576656e74223b693a2d35323b733a31313a2261646d696e2f626c6f636b223b733a323a223136223b733a31363a2261646d696e2f626c6f636b2f6c697374223b693a2d35343b733a32313a2261646d696e2f626c6f636b2f636f6e666967757265223b693a2d35353b733a31383a2261646d696e2f626c6f636b2f64656c657465223b693a2d35363b733a31353a2261646d696e2f626c6f636b2f616464223b693a2d35373b733a32363a2261646d696e2f626c6f636b2f6c6973742f6368616d656c656f6e223b693a2d35383b733a31333a226e6f64652f6164642f626c6f67223b733a323a223238223b733a343a22626c6f67223b733a323a223239223b733a363a22626c6f672f32223b693a2d36313b733a373a22626c6f67617069223b693a2d36323b733a31333a2261646d696e2f636f6d6d656e74223b733a323a223137223b733a31383a2261646d696e2f636f6d6d656e742f6c697374223b693a2d36343b733a32333a2261646d696e2f636f6d6d656e742f636f6e666967757265223b693a2d36353b733a32323a2261646d696e2f636f6d6d656e742f6c6973742f6e6577223b693a2d36363b733a32373a2261646d696e2f636f6d6d656e742f6c6973742f617070726f76616c223b693a2d36373b733a33323a2261646d696e2f636f6d6d656e742f636f6e6669677572652f73657474696e6773223b693a2d36383b733a31343a22636f6d6d656e742f64656c657465223b693a2d36393b733a31323a22636f6d6d656e742f65646974223b693a2d37303b733a31303a2261646d696e2f68656c70223b733a323a223138223b733a31363a2261646d696e2f68656c702f626c6f636b223b693a2d37323b733a31353a2261646d696e2f68656c702f626c6f67223b693a2d37333b733a31383a2261646d696e2f68656c702f626c6f67617069223b693a2d37343b733a31383a2261646d696e2f68656c702f636f6d6d656e74223b693a2d37353b733a31373a2261646d696e2f68656c702f66696c746572223b693a2d37363b733a31393a2261646d696e2f68656c702f67736974656d6170223b693a2d37373b733a31353a2261646d696e2f68656c702f68656c70223b693a2d37383b733a31353a2261646d696e2f68656c702f6d656e75223b693a2d37393b733a31353a2261646d696e2f68656c702f6e6f6465223b693a2d38303b733a31353a2261646d696e2f68656c702f70616765223b693a2d38313b733a31353a2261646d696e2f68656c702f70617468223b693a2d38323b733a31373a2261646d696e2f68656c702f736561726368223b693a2d38333b733a32313a2261646d696e2f68656c702f73746174697374696373223b693a2d38343b733a31363a2261646d696e2f68656c702f73746f7279223b693a2d38353b733a31373a2261646d696e2f68656c702f73797374656d223b693a2d38363b733a31393a2261646d696e2f68656c702f7461786f6e6f6d79223b693a2d38373b733a31383a2261646d696e2f68656c702f74696e796d6365223b693a2d38383b733a31353a2261646d696e2f68656c702f75736572223b693a2d38393b733a31393a2261646d696e2f68656c702f7761746368646f67223b693a2d39303b733a31303a2261646d696e2f6d656e75223b733a323a223139223b733a31353a2261646d696e2f6d656e752f6c697374223b693a2d39323b733a31393a2261646d696e2f6d656e752f6974656d2f616464223b693a2d39333b733a32303a2261646d696e2f6d656e752f6974656d2f65646974223b693a2d39343b733a32313a2261646d696e2f6d656e752f6974656d2f7265736574223b693a2d39353b733a32333a2261646d696e2f6d656e752f6974656d2f64697361626c65223b693a2d39363b733a32323a2261646d696e2f6d656e752f6974656d2f64656c657465223b693a2d39373b733a31393a2261646d696e2f6d656e752f6d656e752f616464223b693a2d39383b733a32303a2261646d696e2f6d656e752f6d656e752f65646974223b693a2d39393b733a32323a2261646d696e2f6d656e752f6d656e752f64656c657465223b693a2d3130303b733a31393a2261646d696e2f73657474696e67732f6d656e75223b733a323a223235223b733a31333a226e6f64652f6164642f70616765223b733a323a223236223b733a31303a2261646d696e2f70617468223b733a323a223430223b733a31353a2261646d696e2f706174682f65646974223b693a2d3130343b733a31373a2261646d696e2f706174682f64656c657465223b693a2d3130353b733a31353a2261646d696e2f706174682f6c697374223b693a2d3130363b733a31343a2261646d696e2f706174682f616464223b693a2d3130373b733a363a22736561726368223b733a323a223330223b733a32363a2261646d696e2f73657474696e67732f7365617263682f77697065223b693a2d3130393b733a31353a2261646d696e2f6c6f67732f68697473223b733a323a223335223b733a31363a2261646d696e2f6c6f67732f7061676573223b733a323a223336223b733a31393a2261646d696e2f6c6f67732f76697369746f7273223b733a323a223337223b733a32303a2261646d696e2f6c6f67732f726566657272657273223b733a323a223338223b733a31373a2261646d696e2f6c6f67732f616363657373223b693a2d3131343b733a31343a226e6f64652f6164642f73746f7279223b733a323a223237223b733a31343a2261646d696e2f7461786f6e6f6d79223b733a323a223230223b733a31393a2261646d696e2f7461786f6e6f6d792f6c697374223b693a2d3131373b733a32393a2261646d696e2f7461786f6e6f6d792f6164642f766f636162756c617279223b693a2d3131383b733a33303a2261646d696e2f7461786f6e6f6d792f656469742f766f636162756c617279223b693a2d3131393b733a32343a2261646d696e2f7461786f6e6f6d792f656469742f7465726d223b693a2d3132303b733a31333a227461786f6e6f6d792f7465726d223b693a2d3132313b733a32313a227461786f6e6f6d792f6175746f636f6d706c657465223b693a2d3132323b733a32323a2261646d696e2f73657474696e67732f74696e796d6365223b733a323a223339223b733a383a2267736974656d6170223b693a2d3132343b733a32373a22676f6f676c65336265643966633163636362373734652e68746d6c223b693a2d3132353b733a34383a22687474703a2f2f646576656c6f7065722e6265726c696f732e64652f70726f6a656374732f6172676f6e61757473766e223b733a323a223331223b733a36333a22687474703a2f2f646576656c6f7065722e6265726c696f732e64652f70726f6a6563742f73686f7766696c65732e7068703f67726f75705f69643d37363336223b733a323a223332223b733a363a226e6f64652f33223b733a323a223333223b733a363a226e6f64652f35223b733a323a223432223b7d733a353a226974656d73223b613a3133323a7b693a303b613a353a7b733a343a2270617468223b733a303a22223b733a353a227469746c65223b733a303a22223b733a343a2274797065223b693a313b733a333a22706964223b693a313b733a383a226368696c6472656e223b613a323a7b693a303b693a313b693a313b693a323b7d7d693a313b613a373a7b733a333a22706964223b693a303b733a343a2270617468223b733a303a22223b733a353a227469746c65223b733a31303a224e617669676174696f6e223b733a363a22776569676874223b693a2d35303b733a363a22616363657373223b623a313b733a343a2274797065223b693a333b733a383a226368696c6472656e223b613a31363a7b693a303b693a2d31333b693a313b693a2d31343b693a323b693a2d32373b693a333b693a2d36323b693a343b693a2d36393b693a353b693a2d37303b693a363b693a2d3132313b693a373b693a2d3132323b693a383b693a2d3132343b693a393b693a2d3132353b693a31303b693a333b693a31313b693a343b693a31323b693a353b693a31333b693a363b693a31343b693a32393b693a31353b693a33303b7d7d693a2d323b613a363a7b733a343a2270617468223b733a31383a2261646d696e2f66696c746572732f6c697374223b733a353a227469746c65223b733a343a226c697374223b733a343a2274797065223b693a3634303b733a363a22616363657373223b623a303b733a363a22776569676874223b693a303b733a333a22706964223b733a313a2237223b7d693a2d333b613a363a7b733a343a2270617468223b733a31373a2261646d696e2f66696c746572732f616464223b733a353a227469746c65223b733a31363a2261646420696e70757420666f726d6174223b733a343a2274797065223b693a3132383b733a363a22776569676874223b693a313b733a363a22616363657373223b623a303b733a333a22706964223b733a313a2237223b7d693a2d343b613a363a7b733a343a2270617468223b733a32303a2261646d696e2f66696c746572732f64656c657465223b733a353a227469746c65223b733a31393a2264656c65746520696e70757420666f726d6174223b733a343a2274797065223b693a343b733a363a22616363657373223b623a303b733a363a22776569676874223b693a303b733a333a22706964223b733a313a2237223b7d693a2d373b613a353a7b733a343a2270617468223b733a31393a2261646d696e2f6e6f64652f6f76657276696577223b733a353a227469746c65223b733a343a226c697374223b733a343a2274797065223b693a3634303b733a363a22776569676874223b693a2d31303b733a333a22706964223b733a313a2238223b7d693a2d383b613a363a7b733a343a2270617468223b733a31373a2261646d696e2f6e6f64652f736561726368223b733a353a227469746c65223b733a363a22736561726368223b733a363a22616363657373223b623a313b733a343a2274797065223b693a3132383b733a363a22776569676874223b693a303b733a333a22706964223b733a313a2238223b7d693a2d31333b613a363a7b733a343a2270617468223b733a373a227273732e786d6c223b733a353a227469746c65223b733a383a227273732066656564223b733a363a22616363657373223b623a313b733a343a2274797065223b693a343b733a363a22776569676874223b693a303b733a333a22706964223b693a313b7d693a2d31343b613a363a7b733a343a2270617468223b733a31323a2273797374656d2f66696c6573223b733a353a227469746c65223b733a31333a2266696c6520646f776e6c6f6164223b733a363a22616363657373223b623a313b733a343a2274797065223b693a343b733a363a22776569676874223b693a303b733a333a22706964223b693a313b7d693a2d31373b613a363a7b733a343a2270617468223b733a31393a2261646d696e2f7468656d65732f73656c656374223b733a353a227469746c65223b733a343a226c697374223b733a363a22616363657373223b623a303b733a343a2274797065223b693a3634303b733a363a22776569676874223b693a2d313b733a333a22706964223b733a323a223130223b7d693a2d31383b613a373a7b733a343a2270617468223b733a32313a2261646d696e2f7468656d65732f73657474696e6773223b733a353a227469746c65223b733a393a22636f6e666967757265223b733a363a22616363657373223b623a303b733a343a2274797065223b693a3132383b733a363a22776569676874223b693a303b733a333a22706964223b733a323a223130223b733a383a226368696c6472656e223b613a323a7b693a303b693a2d31393b693a313b693a2d32303b7d7d693a2d31393b613a363a7b733a343a2270617468223b733a32383a2261646d696e2f7468656d65732f73657474696e67732f676c6f62616c223b733a353a227469746c65223b733a31353a22676c6f62616c2073657474696e6773223b733a363a22616363657373223b623a303b733a343a2274797065223b693a3634303b733a363a22776569676874223b693a2d313b733a333a22706964223b693a2d31383b7d693a2d32303b613a363a7b733a343a2270617468223b733a33313a2261646d696e2f7468656d65732f73657474696e67732f6368616d656c656f6e223b733a353a227469746c65223b733a393a226368616d656c656f6e223b733a363a22616363657373223b623a303b733a343a2274797065223b693a3132383b733a363a22776569676874223b693a303b733a333a22706964223b693a2d31383b7d693a2d32373b613a373a7b733a343a2270617468223b733a343a2275736572223b733a353a227469746c65223b733a31323a2275736572206163636f756e74223b733a363a22616363657373223b623a313b733a343a2274797065223b693a343b733a363a22776569676874223b693a303b733a333a22706964223b693a313b733a383a226368696c6472656e223b613a373a7b693a303b693a2d32383b693a313b693a2d32393b693a323b693a2d33303b693a333b693a2d33313b693a343b693a2d33323b693a353b693a2d33333b693a363b693a2d34393b7d7d693a2d32383b613a363a7b733a343a2270617468223b733a31373a22757365722f6175746f636f6d706c657465223b733a353a227469746c65223b733a31373a2275736572206175746f636f6d706c657465223b733a363a22616363657373223b623a303b733a343a2274797065223b693a343b733a363a22776569676874223b693a303b733a333a22706964223b693a2d32373b7d693a2d32393b613a353a7b733a343a2270617468223b733a31303a22757365722f6c6f67696e223b733a353a227469746c65223b733a363a226c6f6720696e223b733a343a2274797065223b693a3634303b733a363a22776569676874223b693a303b733a333a22706964223b693a2d32373b7d693a2d33303b613a363a7b733a343a2270617468223b733a31333a22757365722f7265676973746572223b733a353a227469746c65223b733a383a227265676973746572223b733a363a22616363657373223b623a303b733a343a2274797065223b693a3132383b733a363a22776569676874223b693a303b733a333a22706964223b693a2d32373b7d693a2d33313b613a363a7b733a343a2270617468223b733a31333a22757365722f70617373776f7264223b733a353a227469746c65223b733a32303a2272657175657374206e65772070617373776f7264223b733a363a22616363657373223b623a303b733a343a2274797065223b693a3132383b733a363a22776569676874223b693a303b733a333a22706964223b693a2d32373b7d693a2d33323b613a363a7b733a343a2270617468223b733a31303a22757365722f7265736574223b733a353a227469746c65223b733a31343a2272657365742070617373776f7264223b733a363a22616363657373223b623a313b733a343a2274797065223b693a343b733a363a22776569676874223b693a303b733a333a22706964223b693a2d32373b7d693a2d33333b613a353a7b733a343a2270617468223b733a393a22757365722f68656c70223b733a353a227469746c65223b733a343a2268656c70223b733a343a2274797065223b693a343b733a363a22776569676874223b693a303b733a333a22706964223b693a2d32373b7d693a2d33353b613a353a7b733a343a2270617468223b733a31353a2261646d696e2f757365722f6c697374223b733a353a227469746c65223b733a343a226c697374223b733a343a2274797065223b693a3634303b733a363a22776569676874223b693a2d31303b733a333a22706964223b733a323a223133223b7d693a2d33363b613a363a7b733a343a2270617468223b733a31373a2261646d696e2f757365722f637265617465223b733a353a227469746c65223b733a383a226164642075736572223b733a363a22616363657373223b623a303b733a343a2274797065223b693a3132383b733a363a22776569676874223b693a303b733a333a22706964223b733a323a223133223b7d693a2d33393b613a363a7b733a343a2270617468223b733a32343a2261646d696e2f6163636573732f7065726d697373696f6e73223b733a353a227469746c65223b733a31313a227065726d697373696f6e73223b733a363a22616363657373223b623a303b733a343a2274797065223b693a3634303b733a363a22776569676874223b693a2d31303b733a333a22706964223b733a323a223134223b7d693a2d34303b613a373a7b733a343a2270617468223b733a31383a2261646d696e2f6163636573732f726f6c6573223b733a353a227469746c65223b733a353a22726f6c6573223b733a363a22616363657373223b623a303b733a343a2274797065223b693a3132383b733a363a22776569676874223b693a303b733a333a22706964223b733a323a223134223b733a383a226368696c6472656e223b613a313a7b693a303b693a2d34313b7d7d693a2d34313b613a363a7b733a343a2270617468223b733a32333a2261646d696e2f6163636573732f726f6c65732f65646974223b733a353a227469746c65223b733a393a226564697420726f6c65223b733a363a22616363657373223b623a303b733a343a2274797065223b693a343b733a363a22776569676874223b693a303b733a333a22706964223b693a2d34303b7d693a2d34323b613a373a7b733a343a2270617468223b733a31383a2261646d696e2f6163636573732f72756c6573223b733a353a227469746c65223b733a31323a226163636573732072756c6573223b733a363a22616363657373223b623a303b733a343a2274797065223b693a3132383b733a363a22776569676874223b693a31303b733a333a22706964223b733a323a223134223b733a383a226368696c6472656e223b613a353a7b693a303b693a2d34333b693a313b693a2d34343b693a323b693a2d34353b693a333b693a2d34363b693a343b693a2d34373b7d7d693a2d34333b613a363a7b733a343a2270617468223b733a32333a2261646d696e2f6163636573732f72756c65732f6c697374223b733a353a227469746c65223b733a343a226c697374223b733a363a22616363657373223b623a303b733a343a2274797065223b693a3634303b733a363a22776569676874223b693a2d31303b733a333a22706964223b693a2d34323b7d693a2d34343b613a363a7b733a343a2270617468223b733a32323a2261646d696e2f6163636573732f72756c65732f616464223b733a353a227469746c65223b733a383a226164642072756c65223b733a363a22616363657373223b623a303b733a343a2274797065223b693a3132383b733a363a22776569676874223b693a303b733a333a22706964223b693a2d34323b7d693a2d34353b613a363a7b733a343a2270617468223b733a32343a2261646d696e2f6163636573732f72756c65732f636865636b223b733a353a227469746c65223b733a31313a22636865636b2072756c6573223b733a363a22616363657373223b623a303b733a343a2274797065223b693a3132383b733a363a22776569676874223b693a303b733a333a22706964223b693a2d34323b7d693a2d34363b613a363a7b733a343a2270617468223b733a32333a2261646d696e2f6163636573732f72756c65732f65646974223b733a353a227469746c65223b733a393a22656469742072756c65223b733a363a22616363657373223b623a303b733a343a2274797065223b693a343b733a363a22776569676874223b693a303b733a333a22706964223b693a2d34323b7d693a2d34373b613a363a7b733a343a2270617468223b733a32353a2261646d696e2f6163636573732f72756c65732f64656c657465223b733a353a227469746c65223b733a31313a2264656c6574652072756c65223b733a363a22616363657373223b623a303b733a343a2274797065223b693a343b733a363a22776569676874223b693a303b733a333a22706964223b693a2d34323b7d693a2d34383b613a363a7b733a343a2270617468223b733a31373a2261646d696e2f757365722f736561726368223b733a353a227469746c65223b733a363a22736561726368223b733a363a22616363657373223b623a303b733a343a2274797065223b693a3132383b733a363a22776569676874223b693a303b733a333a22706964223b733a323a223133223b7d693a2d34393b613a363a7b733a343a2270617468223b733a363a22757365722f32223b733a353a227469746c65223b733a31303a226d79206163636f756e74223b733a363a22616363657373223b623a313b733a343a2274797065223b693a363b733a363a22776569676874223b693a303b733a333a22706964223b693a2d32373b7d693a2d35323b613a353a7b733a343a2270617468223b733a31363a2261646d696e2f6c6f67732f6576656e74223b733a353a227469746c65223b733a373a2264657461696c73223b733a343a2274797065223b693a343b733a363a22776569676874223b693a303b733a333a22706964223b733a323a223135223b7d693a2d35343b613a363a7b733a343a2270617468223b733a31363a2261646d696e2f626c6f636b2f6c697374223b733a353a227469746c65223b733a343a226c697374223b733a343a2274797065223b693a3634303b733a363a22776569676874223b693a2d31303b733a333a22706964223b733a323a223136223b733a383a226368696c6472656e223b613a313a7b693a303b693a2d35383b7d7d693a2d35353b613a363a7b733a343a2270617468223b733a32313a2261646d696e2f626c6f636b2f636f6e666967757265223b733a353a227469746c65223b733a31353a22636f6e66696775726520626c6f636b223b733a363a22616363657373223b623a313b733a343a2274797065223b693a343b733a363a22776569676874223b693a303b733a333a22706964223b733a323a223136223b7d693a2d35363b613a363a7b733a343a2270617468223b733a31383a2261646d696e2f626c6f636b2f64656c657465223b733a353a227469746c65223b733a31323a2264656c65746520626c6f636b223b733a363a22616363657373223b623a313b733a343a2274797065223b693a343b733a363a22776569676874223b693a303b733a333a22706964223b733a323a223136223b7d693a2d35373b613a363a7b733a343a2270617468223b733a31353a2261646d696e2f626c6f636b2f616464223b733a353a227469746c65223b733a393a2261646420626c6f636b223b733a363a22616363657373223b623a313b733a343a2274797065223b693a3132383b733a363a22776569676874223b693a303b733a333a22706964223b733a323a223136223b7d693a2d35383b613a363a7b733a343a2270617468223b733a32363a2261646d696e2f626c6f636b2f6c6973742f6368616d656c656f6e223b733a353a227469746c65223b733a31383a226368616d656c656f6e2073657474696e6773223b733a363a22616363657373223b623a313b733a343a2274797065223b693a3634303b733a363a22776569676874223b693a2d31303b733a333a22706964223b693a2d35343b7d693a2d36313b613a363a7b733a343a2270617468223b733a363a22626c6f672f32223b733a353a227469746c65223b733a373a226d7920626c6f67223b733a363a22616363657373223b623a313b733a343a2274797065223b693a363b733a363a22776569676874223b693a303b733a333a22706964223b733a323a223239223b7d693a2d36323b613a363a7b733a343a2270617468223b733a373a22626c6f67617069223b733a353a227469746c65223b733a333a22525344223b733a363a22616363657373223b623a313b733a343a2274797065223b693a343b733a363a22776569676874223b693a303b733a333a22706964223b693a313b7d693a2d36343b613a363a7b733a343a2270617468223b733a31383a2261646d696e2f636f6d6d656e742f6c697374223b733a353a227469746c65223b733a343a226c697374223b733a343a2274797065223b693a3634303b733a363a22776569676874223b693a2d31303b733a333a22706964223b733a323a223137223b733a383a226368696c6472656e223b613a323a7b693a303b693a2d36363b693a313b693a2d36373b7d7d693a2d36353b613a373a7b733a343a2270617468223b733a32333a2261646d696e2f636f6d6d656e742f636f6e666967757265223b733a353a227469746c65223b733a393a22636f6e666967757265223b733a363a22616363657373223b623a313b733a343a2274797065223b693a3132383b733a363a22776569676874223b693a303b733a333a22706964223b733a323a223137223b733a383a226368696c6472656e223b613a313a7b693a303b693a2d36383b7d7d693a2d36363b613a353a7b733a343a2270617468223b733a32323a2261646d696e2f636f6d6d656e742f6c6973742f6e6577223b733a353a227469746c65223b733a31383a227075626c697368656420636f6d6d656e7473223b733a343a2274797065223b693a3634303b733a363a22776569676874223b693a2d31303b733a333a22706964223b693a2d36343b7d693a2d36373b613a363a7b733a343a2270617468223b733a32373a2261646d696e2f636f6d6d656e742f6c6973742f617070726f76616c223b733a353a227469746c65223b733a31343a22617070726f76616c207175657565223b733a363a22616363657373223b623a313b733a343a2274797065223b693a3132383b733a363a22776569676874223b693a303b733a333a22706964223b693a2d36343b7d693a2d36383b613a353a7b733a343a2270617468223b733a33323a2261646d696e2f636f6d6d656e742f636f6e6669677572652f73657474696e6773223b733a353a227469746c65223b733a383a2273657474696e6773223b733a343a2274797065223b693a3634303b733a363a22776569676874223b693a2d31303b733a333a22706964223b693a2d36353b7d693a2d36393b613a363a7b733a343a2270617468223b733a31343a22636f6d6d656e742f64656c657465223b733a353a227469746c65223b733a31343a2264656c65746520636f6d6d656e74223b733a363a22616363657373223b623a313b733a343a2274797065223b693a343b733a363a22776569676874223b693a303b733a333a22706964223b693a313b7d693a2d37303b613a363a7b733a343a2270617468223b733a31323a22636f6d6d656e742f65646974223b733a353a227469746c65223b733a31323a226564697420636f6d6d656e74223b733a363a22616363657373223b623a313b733a343a2274797065223b693a343b733a363a22776569676874223b693a303b733a333a22706964223b693a313b7d693a2d37323b613a363a7b733a343a2270617468223b733a31363a2261646d696e2f68656c702f626c6f636b223b733a353a227469746c65223b733a353a22626c6f636b223b733a343a2274797065223b693a343b733a363a22616363657373223b623a313b733a363a22776569676874223b693a303b733a333a22706964223b733a323a223138223b7d693a2d37333b613a363a7b733a343a2270617468223b733a31353a2261646d696e2f68656c702f626c6f67223b733a353a227469746c65223b733a343a22626c6f67223b733a343a2274797065223b693a343b733a363a22616363657373223b623a313b733a363a22776569676874223b693a303b733a333a22706964223b733a323a223138223b7d693a2d37343b613a363a7b733a343a2270617468223b733a31383a2261646d696e2f68656c702f626c6f67617069223b733a353a227469746c65223b733a373a22626c6f67617069223b733a343a2274797065223b693a343b733a363a22616363657373223b623a313b733a363a22776569676874223b693a303b733a333a22706964223b733a323a223138223b7d693a2d37353b613a363a7b733a343a2270617468223b733a31383a2261646d696e2f68656c702f636f6d6d656e74223b733a353a227469746c65223b733a373a22636f6d6d656e74223b733a343a2274797065223b693a343b733a363a22616363657373223b623a313b733a363a22776569676874223b693a303b733a333a22706964223b733a323a223138223b7d693a2d37363b613a363a7b733a343a2270617468223b733a31373a2261646d696e2f68656c702f66696c746572223b733a353a227469746c65223b733a363a2266696c746572223b733a343a2274797065223b693a343b733a363a22616363657373223b623a313b733a363a22776569676874223b693a303b733a333a22706964223b733a323a223138223b7d693a2d37373b613a363a7b733a343a2270617468223b733a31393a2261646d696e2f68656c702f67736974656d6170223b733a353a227469746c65223b733a383a2267736974656d6170223b733a343a2274797065223b693a343b733a363a22616363657373223b623a313b733a363a22776569676874223b693a303b733a333a22706964223b733a323a223138223b7d693a2d37383b613a363a7b733a343a2270617468223b733a31353a2261646d696e2f68656c702f68656c70223b733a353a227469746c65223b733a343a2268656c70223b733a343a2274797065223b693a343b733a363a22616363657373223b623a313b733a363a22776569676874223b693a303b733a333a22706964223b733a323a223138223b7d693a2d37393b613a363a7b733a343a2270617468223b733a31353a2261646d696e2f68656c702f6d656e75223b733a353a227469746c65223b733a343a226d656e75223b733a343a2274797065223b693a343b733a363a22616363657373223b623a313b733a363a22776569676874223b693a303b733a333a22706964223b733a323a223138223b7d693a2d38303b613a363a7b733a343a2270617468223b733a31353a2261646d696e2f68656c702f6e6f6465223b733a353a227469746c65223b733a343a226e6f6465223b733a343a2274797065223b693a343b733a363a22616363657373223b623a313b733a363a22776569676874223b693a303b733a333a22706964223b733a323a223138223b7d693a2d38313b613a363a7b733a343a2270617468223b733a31353a2261646d696e2f68656c702f70616765223b733a353a227469746c65223b733a343a2270616765223b733a343a2274797065223b693a343b733a363a22616363657373223b623a313b733a363a22776569676874223b693a303b733a333a22706964223b733a323a223138223b7d693a2d38323b613a363a7b733a343a2270617468223b733a31353a2261646d696e2f68656c702f70617468223b733a353a227469746c65223b733a343a2270617468223b733a343a2274797065223b693a343b733a363a22616363657373223b623a313b733a363a22776569676874223b693a303b733a333a22706964223b733a323a223138223b7d693a2d38333b613a363a7b733a343a2270617468223b733a31373a2261646d696e2f68656c702f736561726368223b733a353a227469746c65223b733a363a22736561726368223b733a343a2274797065223b693a343b733a363a22616363657373223b623a313b733a363a22776569676874223b693a303b733a333a22706964223b733a323a223138223b7d693a2d38343b613a363a7b733a343a2270617468223b733a32313a2261646d696e2f68656c702f73746174697374696373223b733a353a227469746c65223b733a31303a2273746174697374696373223b733a343a2274797065223b693a343b733a363a22616363657373223b623a313b733a363a22776569676874223b693a303b733a333a22706964223b733a323a223138223b7d693a2d38353b613a363a7b733a343a2270617468223b733a31363a2261646d696e2f68656c702f73746f7279223b733a353a227469746c65223b733a353a2273746f7279223b733a343a2274797065223b693a343b733a363a22616363657373223b623a313b733a363a22776569676874223b693a303b733a333a22706964223b733a323a223138223b7d693a2d38363b613a363a7b733a343a2270617468223b733a31373a2261646d696e2f68656c702f73797374656d223b733a353a227469746c65223b733a363a2273797374656d223b733a343a2274797065223b693a343b733a363a22616363657373223b623a313b733a363a22776569676874223b693a303b733a333a22706964223b733a323a223138223b7d693a2d38373b613a363a7b733a343a2270617468223b733a31393a2261646d696e2f68656c702f7461786f6e6f6d79223b733a353a227469746c65223b733a383a227461786f6e6f6d79223b733a343a2274797065223b693a343b733a363a22616363657373223b623a313b733a363a22776569676874223b693a303b733a333a22706964223b733a323a223138223b7d693a2d38383b613a363a7b733a343a2270617468223b733a31383a2261646d696e2f68656c702f74696e796d6365223b733a353a227469746c65223b733a373a2274696e796d6365223b733a343a2274797065223b693a343b733a363a22616363657373223b623a313b733a363a22776569676874223b693a303b733a333a22706964223b733a323a223138223b7d693a2d38393b613a363a7b733a343a2270617468223b733a31353a2261646d696e2f68656c702f75736572223b733a353a227469746c65223b733a343a2275736572223b733a343a2274797065223b693a343b733a363a22616363657373223b623a313b733a363a22776569676874223b693a303b733a333a22706964223b733a323a223138223b7d693a2d39303b613a363a7b733a343a2270617468223b733a31393a2261646d696e2f68656c702f7761746368646f67223b733a353a227469746c65223b733a383a227761746368646f67223b733a343a2274797065223b693a343b733a363a22616363657373223b623a313b733a363a22776569676874223b693a303b733a333a22706964223b733a323a223138223b7d693a2d39323b613a353a7b733a343a2270617468223b733a31353a2261646d696e2f6d656e752f6c697374223b733a353a227469746c65223b733a343a226c697374223b733a343a2274797065223b693a3634303b733a363a22776569676874223b693a2d31303b733a333a22706964223b733a323a223139223b7d693a2d39333b613a363a7b733a343a2270617468223b733a31393a2261646d696e2f6d656e752f6974656d2f616464223b733a353a227469746c65223b733a31333a22616464206d656e75206974656d223b733a363a22616363657373223b623a313b733a343a2274797065223b693a3132383b733a363a22776569676874223b693a303b733a333a22706964223b733a323a223139223b7d693a2d39343b613a363a7b733a343a2270617468223b733a32303a2261646d696e2f6d656e752f6974656d2f65646974223b733a353a227469746c65223b733a31343a2265646974206d656e75206974656d223b733a363a22616363657373223b623a313b733a343a2274797065223b693a343b733a363a22776569676874223b693a303b733a333a22706964223b733a323a223139223b7d693a2d39353b613a363a7b733a343a2270617468223b733a32313a2261646d696e2f6d656e752f6974656d2f7265736574223b733a353a227469746c65223b733a31353a227265736574206d656e75206974656d223b733a363a22616363657373223b623a313b733a343a2274797065223b693a343b733a363a22776569676874223b693a303b733a333a22706964223b733a323a223139223b7d693a2d39363b613a363a7b733a343a2270617468223b733a32333a2261646d696e2f6d656e752f6974656d2f64697361626c65223b733a353a227469746c65223b733a31373a2264697361626c65206d656e75206974656d223b733a363a22616363657373223b623a313b733a343a2274797065223b693a343b733a363a22776569676874223b693a303b733a333a22706964223b733a323a223139223b7d693a2d39373b613a363a7b733a343a2270617468223b733a32323a2261646d696e2f6d656e752f6974656d2f64656c657465223b733a353a227469746c65223b733a31363a2264656c657465206d656e75206974656d223b733a363a22616363657373223b623a313b733a343a2274797065223b693a343b733a363a22776569676874223b693a303b733a333a22706964223b733a323a223139223b7d693a2d39383b613a363a7b733a343a2270617468223b733a31393a2261646d696e2f6d656e752f6d656e752f616464223b733a353a227469746c65223b733a383a22616464206d656e75223b733a363a22616363657373223b623a313b733a343a2274797065223b693a3132383b733a363a22776569676874223b693a303b733a333a22706964223b733a323a223139223b7d693a2d39393b613a363a7b733a343a2270617468223b733a32303a2261646d696e2f6d656e752f6d656e752f65646974223b733a353a227469746c65223b733a393a2265646974206d656e75223b733a363a22616363657373223b623a313b733a343a2274797065223b693a343b733a363a22776569676874223b693a303b733a333a22706964223b733a323a223139223b7d693a2d3130303b613a363a7b733a343a2270617468223b733a32323a2261646d696e2f6d656e752f6d656e752f64656c657465223b733a353a227469746c65223b733a31313a2264656c657465206d656e75223b733a363a22616363657373223b623a313b733a343a2274797065223b693a343b733a363a22776569676874223b693a303b733a333a22706964223b733a323a223139223b7d693a2d3130343b613a363a7b733a343a2270617468223b733a31353a2261646d696e2f706174682f65646974223b733a353a227469746c65223b733a31303a226564697420616c696173223b733a363a22616363657373223b623a313b733a343a2274797065223b693a343b733a363a22776569676874223b693a303b733a333a22706964223b733a323a223430223b7d693a2d3130353b613a363a7b733a343a2270617468223b733a31373a2261646d696e2f706174682f64656c657465223b733a353a227469746c65223b733a31323a2264656c65746520616c696173223b733a363a22616363657373223b623a313b733a343a2274797065223b693a343b733a363a22776569676874223b693a303b733a333a22706964223b733a323a223430223b7d693a2d3130363b613a353a7b733a343a2270617468223b733a31353a2261646d696e2f706174682f6c697374223b733a353a227469746c65223b733a343a226c697374223b733a343a2274797065223b693a3634303b733a363a22776569676874223b693a2d31303b733a333a22706964223b733a323a223430223b7d693a2d3130373b613a363a7b733a343a2270617468223b733a31343a2261646d696e2f706174682f616464223b733a353a227469746c65223b733a393a2261646420616c696173223b733a363a22616363657373223b623a313b733a343a2274797065223b693a3132383b733a363a22776569676874223b693a303b733a333a22706964223b733a323a223430223b7d693a2d3130393b613a363a7b733a343a2270617468223b733a32363a2261646d696e2f73657474696e67732f7365617263682f77697065223b733a353a227469746c65223b733a31313a22436c65617220696e646578223b733a363a22616363657373223b623a303b733a343a2274797065223b693a343b733a363a22776569676874223b693a303b733a333a22706964223b733a323a223233223b7d693a2d3131343b613a363a7b733a343a2270617468223b733a31373a2261646d696e2f6c6f67732f616363657373223b733a353a227469746c65223b733a373a2264657461696c73223b733a363a22616363657373223b623a313b733a343a2274797065223b693a343b733a363a22776569676874223b693a303b733a333a22706964223b733a323a223135223b7d693a2d3131373b613a353a7b733a343a2270617468223b733a31393a2261646d696e2f7461786f6e6f6d792f6c697374223b733a353a227469746c65223b733a343a226c697374223b733a343a2274797065223b693a3634303b733a363a22776569676874223b693a2d31303b733a333a22706964223b733a323a223230223b7d693a2d3131383b613a363a7b733a343a2270617468223b733a32393a2261646d696e2f7461786f6e6f6d792f6164642f766f636162756c617279223b733a353a227469746c65223b733a31343a2261646420766f636162756c617279223b733a363a22616363657373223b623a313b733a343a2274797065223b693a3132383b733a363a22776569676874223b693a303b733a333a22706964223b733a323a223230223b7d693a2d3131393b613a363a7b733a343a2270617468223b733a33303a2261646d696e2f7461786f6e6f6d792f656469742f766f636162756c617279223b733a353a227469746c65223b733a31353a226564697420766f636162756c617279223b733a363a22616363657373223b623a313b733a343a2274797065223b693a343b733a363a22776569676874223b693a303b733a333a22706964223b733a323a223230223b7d693a2d3132303b613a363a7b733a343a2270617468223b733a32343a2261646d696e2f7461786f6e6f6d792f656469742f7465726d223b733a353a227469746c65223b733a393a2265646974207465726d223b733a363a22616363657373223b623a313b733a343a2274797065223b693a343b733a363a22776569676874223b693a303b733a333a22706964223b733a323a223230223b7d693a2d3132313b613a363a7b733a343a2270617468223b733a31333a227461786f6e6f6d792f7465726d223b733a353a227469746c65223b733a31333a227461786f6e6f6d79207465726d223b733a363a22616363657373223b623a313b733a343a2274797065223b693a343b733a363a22776569676874223b693a303b733a333a22706964223b693a313b7d693a2d3132323b613a363a7b733a343a2270617468223b733a32313a227461786f6e6f6d792f6175746f636f6d706c657465223b733a353a227469746c65223b733a32313a226175746f636f6d706c657465207461786f6e6f6d79223b733a363a22616363657373223b623a313b733a343a2274797065223b693a343b733a363a22776569676874223b693a303b733a333a22706964223b693a313b7d693a2d3132343b613a363a7b733a343a2270617468223b733a383a2267736974656d6170223b733a353a227469746c65223b733a383a2267736974656d6170223b733a343a2274797065223b693a343b733a363a22616363657373223b693a313b733a363a22776569676874223b693a303b733a333a22706964223b693a313b7d693a2d3132353b613a363a7b733a343a2270617468223b733a32373a22676f6f676c65336265643966633163636362373734652e68746d6c223b733a353a227469746c65223b733a32363a2267736974656d617020766572696669636174696f6e2070616765223b733a343a2274797065223b693a343b733a363a22616363657373223b693a313b733a363a22776569676874223b693a303b733a333a22706964223b693a313b7d693a323b613a373a7b733a343a2270617468223b733a303a22223b733a353a227469746c65223b733a31333a225072696d617279206c696e6b73223b733a31313a226465736372697074696f6e223b733a303a22223b733a333a22706964223b733a313a2230223b733a363a22776569676874223b733a313a2230223b733a343a2274797065223b733a333a22313135223b733a383a226368696c6472656e223b613a333a7b693a303b693a33313b693a313b693a33323b693a323b693a33333b7d7d693a333b613a363a7b733a343a2270617468223b733a31313a2266696c7465722f74697073223b733a353a227469746c65223b733a31323a22636f6d706f73652074697073223b733a363a22616363657373223b623a313b733a343a2274797065223b693a32303b733a363a22776569676874223b693a303b733a333a22706964223b693a313b7d693a343b613a373a7b733a343a2270617468223b733a343a226e6f6465223b733a353a227469746c65223b733a373a22636f6e74656e74223b733a363a22616363657373223b623a313b733a343a2274797065223b693a31363b733a363a22776569676874223b693a303b733a333a22706964223b693a313b733a383a226368696c6472656e223b613a313a7b693a303b693a393b7d7d693a353b613a373a7b733a343a2270617468223b733a353a2261646d696e223b733a353a227469746c65223b733a31303a2261646d696e6973746572223b733a363a22616363657373223b623a313b733a363a22776569676874223b693a393b733a343a2274797065223b693a32323b733a333a22706964223b693a313b733a383a226368696c6472656e223b613a31343a7b693a303b693a373b693a313b693a383b693a323b693a31303b693a333b693a31313b693a343b693a31323b693a353b693a31333b693a363b693a31343b693a373b693a31353b693a383b693a31363b693a393b693a31373b693a31303b693a31383b693a31313b693a31393b693a31323b693a32303b693a31333b693a34303b7d7d693a363b613a363a7b733a343a2270617468223b733a363a226c6f676f7574223b733a353a227469746c65223b733a373a226c6f67206f7574223b733a363a22616363657373223b623a313b733a363a22776569676874223b693a31303b733a343a2274797065223b693a32323b733a333a22706964223b693a313b7d693a373b613a373a7b733a343a2270617468223b733a31333a2261646d696e2f66696c74657273223b733a353a227469746c65223b733a31333a22696e70757420666f726d617473223b733a363a22616363657373223b623a303b733a343a2274797065223b693a32323b733a363a22776569676874223b693a303b733a383a226368696c6472656e223b613a333a7b693a303b693a2d323b693a313b693a2d333b693a323b693a2d343b7d733a333a22706964223b733a313a2235223b7d693a383b613a373a7b733a343a2270617468223b733a31303a2261646d696e2f6e6f6465223b733a353a227469746c65223b733a373a22636f6e74656e74223b733a363a22616363657373223b623a313b733a343a2274797065223b693a32323b733a363a22776569676874223b693a303b733a383a226368696c6472656e223b613a323a7b693a303b693a2d373b693a313b693a2d383b7d733a333a22706964223b733a313a2235223b7d693a393b613a373a7b733a343a2270617468223b733a383a226e6f64652f616464223b733a353a227469746c65223b733a31343a2263726561746520636f6e74656e74223b733a363a22616363657373223b623a313b733a343a2274797065223b693a32383b733a363a22776569676874223b693a313b733a333a22706964223b733a313a2234223b733a383a226368696c6472656e223b613a333a7b693a303b693a32363b693a313b693a32373b693a323b693a32383b7d7d693a31303b613a373a7b733a343a2270617468223b733a31323a2261646d696e2f7468656d6573223b733a353a227469746c65223b733a363a227468656d6573223b733a363a22616363657373223b623a303b733a343a2274797065223b693a32323b733a363a22776569676874223b693a303b733a383a226368696c6472656e223b613a323a7b693a303b693a2d31373b693a313b693a2d31383b7d733a333a22706964223b733a313a2235223b7d693a31313b613a373a7b733a343a2270617468223b733a31343a2261646d696e2f73657474696e6773223b733a353a227469746c65223b733a383a2273657474696e6773223b733a363a22616363657373223b623a303b733a343a2274797065223b693a32323b733a363a22776569676874223b693a303b733a333a22706964223b733a313a2235223b733a383a226368696c6472656e223b613a393a7b693a303b693a32313b693a313b693a32323b693a323b693a32333b693a333b693a32343b693a343b693a32353b693a353b693a33343b693a363b693a33393b693a373b693a34333b693a383b693a34343b7d7d693a31323b613a363a7b733a343a2270617468223b733a31333a2261646d696e2f6d6f64756c6573223b733a353a227469746c65223b733a373a226d6f64756c6573223b733a363a22616363657373223b623a303b733a343a2274797065223b693a32323b733a363a22776569676874223b693a303b733a333a22706964223b733a313a2235223b7d693a31333b613a373a7b733a343a2270617468223b733a31303a2261646d696e2f75736572223b733a353a227469746c65223b733a353a227573657273223b733a363a22616363657373223b623a303b733a343a2274797065223b693a32323b733a363a22776569676874223b693a303b733a383a226368696c6472656e223b613a333a7b693a303b693a2d33353b693a313b693a2d33363b693a323b693a2d34383b7d733a333a22706964223b733a313a2235223b7d693a31343b613a373a7b733a343a2270617468223b733a31323a2261646d696e2f616363657373223b733a353a227469746c65223b733a31343a2261636365737320636f6e74726f6c223b733a363a22616363657373223b623a303b733a343a2274797065223b693a32323b733a363a22776569676874223b693a303b733a383a226368696c6472656e223b613a333a7b693a303b693a2d33393b693a313b693a2d34303b693a323b693a2d34323b7d733a333a22706964223b733a313a2235223b7d693a31353b613a363a7b733a343a2270617468223b733a31303a2261646d696e2f6c6f6773223b733a353a227469746c65223b733a343a226c6f6773223b733a343a2274797065223b693a32323b733a363a22776569676874223b693a303b733a383a226368696c6472656e223b613a363a7b693a303b693a2d35323b693a313b693a2d3131343b693a323b693a33353b693a333b693a33363b693a343b693a33373b693a353b693a33383b7d733a333a22706964223b733a313a2235223b7d693a31363b613a373a7b733a343a2270617468223b733a31313a2261646d696e2f626c6f636b223b733a353a227469746c65223b733a363a22626c6f636b73223b733a363a22616363657373223b623a313b733a343a2274797065223b693a32323b733a363a22776569676874223b693a303b733a383a226368696c6472656e223b613a343a7b693a303b693a2d35343b693a313b693a2d35353b693a323b693a2d35363b693a333b693a2d35373b7d733a333a22706964223b733a313a2235223b7d693a31373b613a373a7b733a343a2270617468223b733a31333a2261646d696e2f636f6d6d656e74223b733a353a227469746c65223b733a383a22636f6d6d656e7473223b733a363a22616363657373223b623a313b733a343a2274797065223b693a32323b733a363a22776569676874223b693a303b733a383a226368696c6472656e223b613a323a7b693a303b693a2d36343b693a313b693a2d36353b7d733a333a22706964223b733a313a2235223b7d693a31383b613a373a7b733a343a2270617468223b733a31303a2261646d696e2f68656c70223b733a353a227469746c65223b733a343a2268656c70223b733a363a22616363657373223b623a313b733a363a22776569676874223b693a393b733a343a2274797065223b693a32323b733a383a226368696c6472656e223b613a31393a7b693a303b693a2d37323b693a313b693a2d37333b693a323b693a2d37343b693a333b693a2d37353b693a343b693a2d37363b693a353b693a2d37373b693a363b693a2d37383b693a373b693a2d37393b693a383b693a2d38303b693a393b693a2d38313b693a31303b693a2d38323b693a31313b693a2d38333b693a31323b693a2d38343b693a31333b693a2d38353b693a31343b693a2d38363b693a31353b693a2d38373b693a31363b693a2d38383b693a31373b693a2d38393b693a31383b693a2d39303b7d733a333a22706964223b733a313a2235223b7d693a31393b613a373a7b733a343a2270617468223b733a31303a2261646d696e2f6d656e75223b733a353a227469746c65223b733a353a226d656e7573223b733a363a22616363657373223b623a313b733a343a2274797065223b693a32323b733a363a22776569676874223b693a303b733a383a226368696c6472656e223b613a393a7b693a303b693a2d39323b693a313b693a2d39333b693a323b693a2d39343b693a333b693a2d39353b693a343b693a2d39363b693a353b693a2d39373b693a363b693a2d39383b693a373b693a2d39393b693a383b693a2d3130303b7d733a333a22706964223b733a313a2235223b7d693a32303b613a373a7b733a343a2270617468223b733a31343a2261646d696e2f7461786f6e6f6d79223b733a353a227469746c65223b733a31303a2263617465676f72696573223b733a363a22616363657373223b623a313b733a343a2274797065223b693a32323b733a363a22776569676874223b693a303b733a383a226368696c6472656e223b613a343a7b693a303b693a2d3131373b693a313b693a2d3131383b693a323b693a2d3131393b693a333b693a2d3132303b7d733a333a22706964223b733a313a2235223b7d693a32313b613a363a7b733a343a2270617468223b733a31393a2261646d696e2f73657474696e67732f6e6f6465223b733a353a227469746c65223b733a353a22706f737473223b733a363a22616363657373223b623a313b733a343a2274797065223b693a32323b733a363a22776569676874223b693a303b733a333a22706964223b733a323a223131223b7d693a32323b613a363a7b733a343a2270617468223b733a32383a2261646d696e2f73657474696e67732f636f6e74656e742d7479706573223b733a353a227469746c65223b733a31333a22636f6e74656e74207479706573223b733a363a22616363657373223b623a313b733a343a2274797065223b693a32323b733a363a22776569676874223b693a303b733a333a22706964223b733a323a223131223b7d693a32333b613a363a7b733a343a2270617468223b733a32313a2261646d696e2f73657474696e67732f736561726368223b733a353a227469746c65223b733a363a22736561726368223b733a343a2274797065223b693a32323b733a363a22776569676874223b693a303b733a383a226368696c6472656e223b613a313a7b693a303b693a2d3130393b7d733a333a22706964223b733a323a223131223b7d693a32343b613a353a7b733a343a2270617468223b733a31393a2261646d696e2f73657474696e67732f75736572223b733a353a227469746c65223b733a353a227573657273223b733a343a2274797065223b693a32323b733a363a22776569676874223b693a303b733a333a22706964223b733a323a223131223b7d693a32353b613a353a7b733a343a2270617468223b733a31393a2261646d696e2f73657474696e67732f6d656e75223b733a353a227469746c65223b733a353a226d656e7573223b733a343a2274797065223b693a32323b733a363a22776569676874223b693a303b733a333a22706964223b733a323a223131223b7d693a32363b613a363a7b733a343a2270617468223b733a31333a226e6f64652f6164642f70616765223b733a353a227469746c65223b733a343a2270616765223b733a363a22616363657373223b623a313b733a343a2274797065223b693a32323b733a363a22776569676874223b693a303b733a333a22706964223b733a313a2239223b7d693a32373b613a363a7b733a343a2270617468223b733a31343a226e6f64652f6164642f73746f7279223b733a353a227469746c65223b733a353a2273746f7279223b733a363a22616363657373223b623a313b733a343a2274797065223b693a32323b733a363a22776569676874223b693a303b733a333a22706964223b733a313a2239223b7d693a32383b613a363a7b733a343a2270617468223b733a31333a226e6f64652f6164642f626c6f67223b733a353a227469746c65223b733a31303a22626c6f6720656e747279223b733a363a22616363657373223b623a313b733a343a2274797065223b693a32323b733a363a22776569676874223b693a303b733a333a22706964223b733a313a2239223b7d693a32393b613a373a7b733a343a2270617468223b733a343a22626c6f67223b733a353a227469746c65223b733a353a22626c6f6773223b733a363a22616363657373223b623a313b733a343a2274797065223b693a32303b733a363a22776569676874223b693a303b733a383a226368696c6472656e223b613a313a7b693a303b693a2d36313b7d733a333a22706964223b693a313b7d693a33303b613a363a7b733a343a2270617468223b733a363a22736561726368223b733a353a227469746c65223b733a363a22736561726368223b733a363a22616363657373223b623a313b733a343a2274797065223b693a32303b733a363a22776569676874223b693a303b733a333a22706964223b693a313b7d693a33313b613a363a7b733a343a2270617468223b733a34383a22687474703a2f2f646576656c6f7065722e6265726c696f732e64652f70726f6a656374732f6172676f6e61757473766e223b733a353a227469746c65223b733a31323a2250726f6a6563742070616765223b733a31313a226465736372697074696f6e223b733a32333a2250726f6a6563742070616765206f6e204265726c694f53223b733a333a22706964223b733a313a2232223b733a363a22776569676874223b733a323a222d38223b733a343a2274797065223b733a333a22313138223b7d693a33323b613a363a7b733a343a2270617468223b733a36333a22687474703a2f2f646576656c6f7065722e6265726c696f732e64652f70726f6a6563742f73686f7766696c65732e7068703f67726f75705f69643d37363336223b733a353a227469746c65223b733a383a22446f776e6c6f6164223b733a31313a226465736372697074696f6e223b733a32303a22446f776e6c6f6164204172676f6e61757453564e223b733a333a22706964223b733a313a2232223b733a363a22776569676874223b733a313a2230223b733a343a2274797065223b733a333a22313132223b7d693a33333b613a373a7b733a343a2270617468223b733a363a226e6f64652f33223b733a353a227469746c65223b733a353a2241626f7574223b733a31313a226465736372697074696f6e223b733a303a22223b733a333a22706964223b733a313a2232223b733a363a22776569676874223b733a333a222d3130223b733a343a2274797065223b733a333a22313138223b733a383a226368696c6472656e223b613a313a7b693a303b693a34323b7d7d693a33343b613a353a7b733a343a2270617468223b733a32353a2261646d696e2f73657474696e67732f73746174697374696373223b733a353a227469746c65223b733a31303a2273746174697374696373223b733a343a2274797065223b693a32323b733a363a22776569676874223b693a303b733a333a22706964223b733a323a223131223b7d693a33353b613a363a7b733a343a2270617468223b733a31353a2261646d696e2f6c6f67732f68697473223b733a353a227469746c65223b733a31313a22726563656e742068697473223b733a363a22616363657373223b623a313b733a363a22776569676874223b693a333b733a343a2274797065223b693a32323b733a333a22706964223b733a323a223135223b7d693a33363b613a363a7b733a343a2270617468223b733a31363a2261646d696e2f6c6f67732f7061676573223b733a353a227469746c65223b733a393a22746f70207061676573223b733a363a22616363657373223b623a313b733a363a22776569676874223b693a313b733a343a2274797065223b693a32323b733a333a22706964223b733a323a223135223b7d693a33373b613a363a7b733a343a2270617468223b733a31393a2261646d696e2f6c6f67732f76697369746f7273223b733a353a227469746c65223b733a31323a22746f702076697369746f7273223b733a363a22616363657373223b623a313b733a363a22776569676874223b693a323b733a343a2274797065223b693a32323b733a333a22706964223b733a323a223135223b7d693a33383b613a363a7b733a343a2270617468223b733a32303a2261646d696e2f6c6f67732f726566657272657273223b733a353a227469746c65223b733a393a22726566657272657273223b733a363a22616363657373223b623a313b733a343a2274797065223b693a32323b733a363a22776569676874223b693a303b733a333a22706964223b733a323a223135223b7d693a33393b613a363a7b733a343a2270617468223b733a32323a2261646d696e2f73657474696e67732f74696e796d6365223b733a353a227469746c65223b733a373a2274696e796d6365223b733a363a22616363657373223b623a313b733a343a2274797065223b693a32323b733a363a22776569676874223b693a303b733a333a22706964223b733a323a223131223b7d693a34303b613a373a7b733a343a2270617468223b733a31303a2261646d696e2f70617468223b733a353a227469746c65223b733a31313a2275726c20616c6961736573223b733a363a22616363657373223b623a313b733a343a2274797065223b693a32323b733a363a22776569676874223b693a303b733a383a226368696c6472656e223b613a343a7b693a303b693a2d3130343b693a313b693a2d3130353b693a323b693a2d3130363b693a333b693a2d3130373b7d733a333a22706964223b733a313a2235223b7d693a34323b613a363a7b733a343a2270617468223b733a363a226e6f64652f35223b733a353a227469746c65223b733a31363a22506c616e6e6564206665617475726573223b733a31313a226465736372697074696f6e223b733a303a22223b733a333a22706964223b733a323a223333223b733a363a22776569676874223b733a313a2230223b733a343a2274797065223b733a333a22313138223b7d693a34333b613a353a7b733a343a2270617468223b733a32333a2261646d696e2f73657474696e67732f67736974656d6170223b733a353a227469746c65223b733a383a2267736974656d6170223b733a343a2274797065223b693a32323b733a363a22776569676874223b693a303b733a333a22706964223b733a323a223131223b7d693a34343b613a353a7b733a343a2270617468223b733a32323a2261646d696e2f73657474696e67732f626c6f67617069223b733a353a227469746c65223b733a373a22626c6f67617069223b733a343a2274797065223b693a32323b733a363a22776569676874223b693a303b733a333a22706964223b733a323a223131223b7d7d733a393a2263616c6c6261636b73223b613a3130363a7b733a31333a2261646d696e2f66696c74657273223b613a313a7b733a383a2263616c6c6261636b223b733a32313a2266696c7465725f61646d696e5f6f76657276696577223b7d733a31383a2261646d696e2f66696c746572732f6c697374223b613a313a7b733a383a2263616c6c6261636b223b733a32313a2266696c7465725f61646d696e5f6f76657276696577223b7d733a31373a2261646d696e2f66696c746572732f616464223b613a313a7b733a383a2263616c6c6261636b223b733a32343a2266696c7465725f61646d696e5f666f726d61745f666f726d223b7d733a32303a2261646d696e2f66696c746572732f64656c657465223b613a313a7b733a383a2263616c6c6261636b223b733a31393a2266696c7465725f61646d696e5f64656c657465223b7d733a31313a2266696c7465722f74697073223b613a313a7b733a383a2263616c6c6261636b223b733a31363a2266696c7465725f746970735f6c6f6e67223b7d733a31303a2261646d696e2f6e6f6465223b613a313a7b733a383a2263616c6c6261636b223b733a31363a226e6f64655f61646d696e5f6e6f646573223b7d733a31373a2261646d696e2f6e6f64652f736561726368223b613a313a7b733a383a2263616c6c6261636b223b733a31373a226e6f64655f61646d696e5f736561726368223b7d733a31393a2261646d696e2f73657474696e67732f6e6f6465223b613a313a7b733a383a2263616c6c6261636b223b733a31343a226e6f64655f636f6e666967757265223b7d733a32383a2261646d696e2f73657474696e67732f636f6e74656e742d7479706573223b613a313a7b733a383a2263616c6c6261636b223b733a32303a226e6f64655f74797065735f636f6e666967757265223b7d733a343a226e6f6465223b613a313a7b733a383a2263616c6c6261636b223b733a393a226e6f64655f70616765223b7d733a383a226e6f64652f616464223b613a313a7b733a383a2263616c6c6261636b223b733a393a226e6f64655f70616765223b7d733a373a227273732e786d6c223b613a313a7b733a383a2263616c6c6261636b223b733a393a226e6f64655f66656564223b7d733a31323a2273797374656d2f66696c6573223b613a313a7b733a383a2263616c6c6261636b223b733a31333a2266696c655f646f776e6c6f6164223b7d733a353a2261646d696e223b613a313a7b733a383a2263616c6c6261636b223b733a31373a227761746368646f675f6f76657276696577223b7d733a31323a2261646d696e2f7468656d6573223b613a313a7b733a383a2263616c6c6261636b223b733a31333a2273797374656d5f7468656d6573223b7d733a31393a2261646d696e2f7468656d65732f73656c656374223b613a313a7b733a383a2263616c6c6261636b223b733a31333a2273797374656d5f7468656d6573223b7d733a32313a2261646d696e2f7468656d65732f73657474696e6773223b613a313a7b733a383a2263616c6c6261636b223b733a32313a2273797374656d5f7468656d655f73657474696e6773223b7d733a32383a2261646d696e2f7468656d65732f73657474696e67732f676c6f62616c223b613a313a7b733a383a2263616c6c6261636b223b733a32313a2273797374656d5f7468656d655f73657474696e6773223b7d733a33313a2261646d696e2f7468656d65732f73657474696e67732f6368616d656c656f6e223b613a323a7b733a383a2263616c6c6261636b223b733a32313a2273797374656d5f7468656d655f73657474696e6773223b733a31383a2263616c6c6261636b20617267756d656e7473223b613a313a7b693a303b733a393a226368616d656c656f6e223b7d7d733a31343a2261646d696e2f73657474696e6773223b613a313a7b733a383a2263616c6c6261636b223b733a32303a2273797374656d5f736974655f73657474696e6773223b7d733a31333a2261646d696e2f6d6f64756c6573223b613a313a7b733a383a2263616c6c6261636b223b733a31343a2273797374656d5f6d6f64756c6573223b7d733a343a2275736572223b613a313a7b733a383a2263616c6c6261636b223b733a31303a22757365725f6c6f67696e223b7d733a31373a22757365722f6175746f636f6d706c657465223b613a313a7b733a383a2263616c6c6261636b223b733a31373a22757365725f6175746f636f6d706c657465223b7d733a31303a22757365722f6c6f67696e223b613a313a7b733a383a2263616c6c6261636b223b733a31303a22757365725f6c6f67696e223b7d733a31333a22757365722f7265676973746572223b613a313a7b733a383a2263616c6c6261636b223b733a31333a22757365725f7265676973746572223b7d733a31333a22757365722f70617373776f7264223b613a313a7b733a383a2263616c6c6261636b223b733a393a22757365725f70617373223b7d733a31303a22757365722f7265736574223b613a313a7b733a383a2263616c6c6261636b223b733a31353a22757365725f706173735f7265736574223b7d733a393a22757365722f68656c70223b613a313a7b733a383a2263616c6c6261636b223b733a31343a22757365725f68656c705f70616765223b7d733a31303a2261646d696e2f75736572223b613a313a7b733a383a2263616c6c6261636b223b733a31303a22757365725f61646d696e223b7d733a31373a2261646d696e2f757365722f637265617465223b613a313a7b733a383a2263616c6c6261636b223b733a31303a22757365725f61646d696e223b7d733a31393a2261646d696e2f73657474696e67732f75736572223b613a313a7b733a383a2263616c6c6261636b223b733a31343a22757365725f636f6e666967757265223b7d733a31323a2261646d696e2f616363657373223b613a313a7b733a383a2263616c6c6261636b223b733a31353a22757365725f61646d696e5f7065726d223b7d733a32343a2261646d696e2f6163636573732f7065726d697373696f6e73223b613a313a7b733a383a2263616c6c6261636b223b733a31353a22757365725f61646d696e5f7065726d223b7d733a31383a2261646d696e2f6163636573732f726f6c6573223b613a313a7b733a383a2263616c6c6261636b223b733a31353a22757365725f61646d696e5f726f6c65223b7d733a32333a2261646d696e2f6163636573732f726f6c65732f65646974223b613a313a7b733a383a2263616c6c6261636b223b733a31353a22757365725f61646d696e5f726f6c65223b7d733a31383a2261646d696e2f6163636573732f72756c6573223b613a313a7b733a383a2263616c6c6261636b223b733a31373a22757365725f61646d696e5f616363657373223b7d733a32323a2261646d696e2f6163636573732f72756c65732f616464223b613a313a7b733a383a2263616c6c6261636b223b733a32313a22757365725f61646d696e5f6163636573735f616464223b7d733a32343a2261646d696e2f6163636573732f72756c65732f636865636b223b613a313a7b733a383a2263616c6c6261636b223b733a32333a22757365725f61646d696e5f6163636573735f636865636b223b7d733a32333a2261646d696e2f6163636573732f72756c65732f65646974223b613a313a7b733a383a2263616c6c6261636b223b733a32323a22757365725f61646d696e5f6163636573735f65646974223b7d733a32353a2261646d696e2f6163636573732f72756c65732f64656c657465223b613a313a7b733a383a2263616c6c6261636b223b733a32343a22757365725f61646d696e5f6163636573735f64656c657465223b7d733a31373a2261646d696e2f757365722f736561726368223b613a313a7b733a383a2263616c6c6261636b223b733a31303a22757365725f61646d696e223b7d733a363a22757365722f32223b613a323a7b733a383a2263616c6c6261636b223b733a393a22757365725f76696577223b733a31383a2263616c6c6261636b20617267756d656e7473223b613a313a7b693a303b4e3b7d7d733a363a226c6f676f7574223b613a313a7b733a383a2263616c6c6261636b223b733a31313a22757365725f6c6f676f7574223b7d733a31303a2261646d696e2f6c6f6773223b613a313a7b733a383a2263616c6c6261636b223b733a31373a227761746368646f675f6f76657276696577223b7d733a31363a2261646d696e2f6c6f67732f6576656e74223b613a313a7b733a383a2263616c6c6261636b223b733a31343a227761746368646f675f6576656e74223b7d733a31313a2261646d696e2f626c6f636b223b613a313a7b733a383a2263616c6c6261636b223b733a31393a22626c6f636b5f61646d696e5f646973706c6179223b7d733a32313a2261646d696e2f626c6f636b2f636f6e666967757265223b613a313a7b733a383a2263616c6c6261636b223b733a32313a22626c6f636b5f61646d696e5f636f6e666967757265223b7d733a31383a2261646d696e2f626c6f636b2f64656c657465223b613a313a7b733a383a2263616c6c6261636b223b733a31363a22626c6f636b5f626f785f64656c657465223b7d733a31353a2261646d696e2f626c6f636b2f616464223b613a313a7b733a383a2263616c6c6261636b223b733a31333a22626c6f636b5f626f785f616464223b7d733a343a22626c6f67223b613a313a7b733a383a2263616c6c6261636b223b733a393a22626c6f675f70616765223b7d733a373a22626c6f67617069223b613a313a7b733a383a2263616c6c6261636b223b733a31353a22626c6f676170695f626c6f67617069223b7d733a31333a2261646d696e2f636f6d6d656e74223b613a313a7b733a383a2263616c6c6261636b223b733a32323a22636f6d6d656e745f61646d696e5f6f76657276696577223b7d733a32333a2261646d696e2f636f6d6d656e742f636f6e666967757265223b613a313a7b733a383a2263616c6c6261636b223b733a31373a22636f6d6d656e745f636f6e666967757265223b7d733a32373a2261646d696e2f636f6d6d656e742f6c6973742f617070726f76616c223b613a323a7b733a383a2263616c6c6261636b223b733a32323a22636f6d6d656e745f61646d696e5f6f76657276696577223b733a31383a2263616c6c6261636b20617267756d656e7473223b613a313a7b693a303b733a383a22617070726f76616c223b7d7d733a31343a22636f6d6d656e742f64656c657465223b613a313a7b733a383a2263616c6c6261636b223b733a31343a22636f6d6d656e745f64656c657465223b7d733a31323a22636f6d6d656e742f65646974223b613a313a7b733a383a2263616c6c6261636b223b733a31323a22636f6d6d656e745f65646974223b7d733a31303a2261646d696e2f68656c70223b613a313a7b733a383a2263616c6c6261636b223b733a393a2268656c705f6d61696e223b7d733a31363a2261646d696e2f68656c702f626c6f636b223b613a313a7b733a383a2263616c6c6261636b223b733a393a2268656c705f70616765223b7d733a31353a2261646d696e2f68656c702f626c6f67223b613a313a7b733a383a2263616c6c6261636b223b733a393a2268656c705f70616765223b7d733a31383a2261646d696e2f68656c702f626c6f67617069223b613a313a7b733a383a2263616c6c6261636b223b733a393a2268656c705f70616765223b7d733a31383a2261646d696e2f68656c702f636f6d6d656e74223b613a313a7b733a383a2263616c6c6261636b223b733a393a2268656c705f70616765223b7d733a31373a2261646d696e2f68656c702f66696c746572223b613a313a7b733a383a2263616c6c6261636b223b733a393a2268656c705f70616765223b7d733a31393a2261646d696e2f68656c702f67736974656d6170223b613a313a7b733a383a2263616c6c6261636b223b733a393a2268656c705f70616765223b7d733a31353a2261646d696e2f68656c702f68656c70223b613a313a7b733a383a2263616c6c6261636b223b733a393a2268656c705f70616765223b7d733a31353a2261646d696e2f68656c702f6d656e75223b613a313a7b733a383a2263616c6c6261636b223b733a393a2268656c705f70616765223b7d733a31353a2261646d696e2f68656c702f6e6f6465223b613a313a7b733a383a2263616c6c6261636b223b733a393a2268656c705f70616765223b7d733a31353a2261646d696e2f68656c702f70616765223b613a313a7b733a383a2263616c6c6261636b223b733a393a2268656c705f70616765223b7d733a31353a2261646d696e2f68656c702f70617468223b613a313a7b733a383a2263616c6c6261636b223b733a393a2268656c705f70616765223b7d733a31373a2261646d696e2f68656c702f736561726368223b613a313a7b733a383a2263616c6c6261636b223b733a393a2268656c705f70616765223b7d733a32313a2261646d696e2f68656c702f73746174697374696373223b613a313a7b733a383a2263616c6c6261636b223b733a393a2268656c705f70616765223b7d733a31363a2261646d696e2f68656c702f73746f7279223b613a313a7b733a383a2263616c6c6261636b223b733a393a2268656c705f70616765223b7d733a31373a2261646d696e2f68656c702f73797374656d223b613a313a7b733a383a2263616c6c6261636b223b733a393a2268656c705f70616765223b7d733a31393a2261646d696e2f68656c702f7461786f6e6f6d79223b613a313a7b733a383a2263616c6c6261636b223b733a393a2268656c705f70616765223b7d733a31383a2261646d696e2f68656c702f74696e796d6365223b613a313a7b733a383a2263616c6c6261636b223b733a393a2268656c705f70616765223b7d733a31353a2261646d696e2f68656c702f75736572223b613a313a7b733a383a2263616c6c6261636b223b733a393a2268656c705f70616765223b7d733a31393a2261646d696e2f68656c702f7761746368646f67223b613a313a7b733a383a2263616c6c6261636b223b733a393a2268656c705f70616765223b7d733a31303a2261646d696e2f6d656e75223b613a313a7b733a383a2263616c6c6261636b223b733a31333a226d656e755f6f76657276696577223b7d733a31393a2261646d696e2f6d656e752f6974656d2f616464223b613a313a7b733a383a2263616c6c6261636b223b733a31393a226d656e755f656469745f6974656d5f666f726d223b7d733a32303a2261646d696e2f6d656e752f6974656d2f65646974223b613a313a7b733a383a2263616c6c6261636b223b733a31393a226d656e755f656469745f6974656d5f666f726d223b7d733a32313a2261646d696e2f6d656e752f6974656d2f7265736574223b613a313a7b733a383a2263616c6c6261636b223b733a31353a226d656e755f72657365745f6974656d223b7d733a32333a2261646d696e2f6d656e752f6974656d2f64697361626c65223b613a313a7b733a383a2263616c6c6261636b223b733a31373a226d656e755f64697361626c655f6974656d223b7d733a32323a2261646d696e2f6d656e752f6974656d2f64656c657465223b613a313a7b733a383a2263616c6c6261636b223b733a32313a226d656e755f6974656d5f64656c6574655f666f726d223b7d733a31393a2261646d696e2f6d656e752f6d656e752f616464223b613a313a7b733a383a2263616c6c6261636b223b733a31393a226d656e755f656469745f6d656e755f666f726d223b7d733a32303a2261646d696e2f6d656e752f6d656e752f65646974223b613a313a7b733a383a2263616c6c6261636b223b733a31393a226d656e755f656469745f6d656e755f666f726d223b7d733a32323a2261646d696e2f6d656e752f6d656e752f64656c657465223b613a313a7b733a383a2263616c6c6261636b223b733a32313a226d656e755f6974656d5f64656c6574655f666f726d223b7d733a31393a2261646d696e2f73657474696e67732f6d656e75223b613a313a7b733a383a2263616c6c6261636b223b733a31343a226d656e755f636f6e666967757265223b7d733a31303a2261646d696e2f70617468223b613a313a7b733a383a2263616c6c6261636b223b733a31303a22706174685f61646d696e223b7d733a31353a2261646d696e2f706174682f65646974223b613a313a7b733a383a2263616c6c6261636b223b733a31353a22706174685f61646d696e5f65646974223b7d733a31373a2261646d696e2f706174682f64656c657465223b613a313a7b733a383a2263616c6c6261636b223b733a32353a22706174685f61646d696e5f64656c6574655f636f6e6669726d223b7d733a31343a2261646d696e2f706174682f616464223b613a313a7b733a383a2263616c6c6261636b223b733a31353a22706174685f61646d696e5f65646974223b7d733a363a22736561726368223b613a313a7b733a383a2263616c6c6261636b223b733a31313a227365617263685f76696577223b7d733a32363a2261646d696e2f73657474696e67732f7365617263682f77697065223b613a313a7b733a383a2263616c6c6261636b223b733a31393a227365617263685f776970655f636f6e6669726d223b7d733a31353a2261646d696e2f6c6f67732f68697473223b613a313a7b733a383a2263616c6c6261636b223b733a32323a22737461746973746963735f726563656e745f68697473223b7d733a31363a2261646d696e2f6c6f67732f7061676573223b613a313a7b733a383a2263616c6c6261636b223b733a32303a22737461746973746963735f746f705f7061676573223b7d733a31393a2261646d696e2f6c6f67732f76697369746f7273223b613a313a7b733a383a2263616c6c6261636b223b733a32333a22737461746973746963735f746f705f76697369746f7273223b7d733a32303a2261646d696e2f6c6f67732f726566657272657273223b613a313a7b733a383a2263616c6c6261636b223b733a32343a22737461746973746963735f746f705f726566657272657273223b7d733a31373a2261646d696e2f6c6f67732f616363657373223b613a313a7b733a383a2263616c6c6261636b223b733a32313a22737461746973746963735f6163636573735f6c6f67223b7d733a31343a2261646d696e2f7461786f6e6f6d79223b613a313a7b733a383a2263616c6c6261636b223b733a33303a227461786f6e6f6d795f6f766572766965775f766f636162756c6172696573223b7d733a32393a2261646d696e2f7461786f6e6f6d792f6164642f766f636162756c617279223b613a313a7b733a383a2263616c6c6261636b223b733a33303a227461786f6e6f6d795f61646d696e5f766f636162756c6172795f65646974223b7d733a33303a2261646d696e2f7461786f6e6f6d792f656469742f766f636162756c617279223b613a313a7b733a383a2263616c6c6261636b223b733a33303a227461786f6e6f6d795f61646d696e5f766f636162756c6172795f65646974223b7d733a32343a2261646d696e2f7461786f6e6f6d792f656469742f7465726d223b613a313a7b733a383a2263616c6c6261636b223b733a32343a227461786f6e6f6d795f61646d696e5f7465726d5f65646974223b7d733a31333a227461786f6e6f6d792f7465726d223b613a313a7b733a383a2263616c6c6261636b223b733a31383a227461786f6e6f6d795f7465726d5f70616765223b7d733a32313a227461786f6e6f6d792f6175746f636f6d706c657465223b613a313a7b733a383a2263616c6c6261636b223b733a32313a227461786f6e6f6d795f6175746f636f6d706c657465223b7d733a32323a2261646d696e2f73657474696e67732f74696e796d6365223b613a313a7b733a383a2263616c6c6261636b223b733a31333a2274696e796d63655f61646d696e223b7d733a383a2267736974656d6170223b613a313a7b733a383a2263616c6c6261636b223b733a31353a2267736974656d61705f6f7574707574223b7d733a32373a22676f6f676c65336265643966633163636362373734652e68746d6c223b613a313a7b733a383a2263616c6c6261636b223b733a31353a2267736974656d61705f766572696679223b7d7d733a373a2276697369626c65223b613a32393a7b693a2d36313b613a353a7b733a353a227469746c65223b733a373a226d7920626c6f67223b733a343a2270617468223b733a363a22626c6f672f32223b733a383a226368696c6472656e223b613a303a7b7d733a343a2274797065223b693a363b733a333a22706964223b693a313b7d693a32383b613a353a7b733a353a227469746c65223b733a31303a22626c6f6720656e747279223b733a343a2270617468223b733a31333a226e6f64652f6164642f626c6f67223b733a383a226368696c6472656e223b613a303a7b7d733a343a2274797065223b693a32323b733a333a22706964223b693a393b7d693a32363b613a353a7b733a353a227469746c65223b733a343a2270616765223b733a343a2270617468223b733a31333a226e6f64652f6164642f70616765223b733a383a226368696c6472656e223b613a303a7b7d733a343a2274797065223b693a32323b733a333a22706964223b693a393b7d693a32373b613a353a7b733a353a227469746c65223b733a353a2273746f7279223b733a343a2270617468223b733a31343a226e6f64652f6164642f73746f7279223b733a383a226368696c6472656e223b613a303a7b7d733a343a2274797065223b693a32323b733a333a22706964223b693a393b7d693a393b613a353a7b733a353a227469746c65223b733a31343a2263726561746520636f6e74656e74223b733a343a2270617468223b733a383a226e6f64652f616464223b733a383a226368696c6472656e223b613a333a7b693a303b693a32383b693a313b693a32363b693a323b693a32373b7d733a343a2274797065223b693a32383b733a333a22706964223b693a313b7d693a2d34393b613a353a7b733a353a227469746c65223b733a31303a226d79206163636f756e74223b733a343a2270617468223b733a363a22757365722f32223b733a383a226368696c6472656e223b613a303a7b7d733a343a2274797065223b693a363b733a333a22706964223b693a313b7d693a31363b613a353a7b733a353a227469746c65223b733a363a22626c6f636b73223b733a343a2270617468223b733a31313a2261646d696e2f626c6f636b223b733a383a226368696c6472656e223b613a303a7b7d733a343a2274797065223b693a32323b733a333a22706964223b693a353b7d693a32303b613a353a7b733a353a227469746c65223b733a31303a2263617465676f72696573223b733a343a2270617468223b733a31343a2261646d696e2f7461786f6e6f6d79223b733a383a226368696c6472656e223b613a303a7b7d733a343a2274797065223b693a32323b733a333a22706964223b693a353b7d693a31373b613a353a7b733a353a227469746c65223b733a383a22636f6d6d656e7473223b733a343a2270617468223b733a31333a2261646d696e2f636f6d6d656e74223b733a383a226368696c6472656e223b613a303a7b7d733a343a2274797065223b693a32323b733a333a22706964223b693a353b7d693a383b613a353a7b733a353a227469746c65223b733a373a22636f6e74656e74223b733a343a2270617468223b733a31303a2261646d696e2f6e6f6465223b733a383a226368696c6472656e223b613a303a7b7d733a343a2274797065223b693a32323b733a333a22706964223b693a353b7d693a33383b613a353a7b733a353a227469746c65223b733a393a22726566657272657273223b733a343a2270617468223b733a32303a2261646d696e2f6c6f67732f726566657272657273223b733a383a226368696c6472656e223b613a303a7b7d733a343a2274797065223b693a32323b733a333a22706964223b693a31353b7d693a33363b613a353a7b733a353a227469746c65223b733a393a22746f70207061676573223b733a343a2270617468223b733a31363a2261646d696e2f6c6f67732f7061676573223b733a383a226368696c6472656e223b613a303a7b7d733a343a2274797065223b693a32323b733a333a22706964223b693a31353b7d693a33373b613a353a7b733a353a227469746c65223b733a31323a22746f702076697369746f7273223b733a343a2270617468223b733a31393a2261646d696e2f6c6f67732f76697369746f7273223b733a383a226368696c6472656e223b613a303a7b7d733a343a2274797065223b693a32323b733a333a22706964223b693a31353b7d693a33353b613a353a7b733a353a227469746c65223b733a31313a22726563656e742068697473223b733a343a2270617468223b733a31353a2261646d696e2f6c6f67732f68697473223b733a383a226368696c6472656e223b613a303a7b7d733a343a2274797065223b693a32323b733a333a22706964223b693a31353b7d693a31353b613a353a7b733a353a227469746c65223b733a343a226c6f6773223b733a343a2270617468223b733a31303a2261646d696e2f6c6f6773223b733a383a226368696c6472656e223b613a343a7b693a303b693a33383b693a313b693a33363b693a323b693a33373b693a333b693a33353b7d733a343a2274797065223b693a32323b733a333a22706964223b693a353b7d693a31393b613a353a7b733a353a227469746c65223b733a353a226d656e7573223b733a343a2270617468223b733a31303a2261646d696e2f6d656e75223b733a383a226368696c6472656e223b613a303a7b7d733a343a2274797065223b693a32323b733a333a22706964223b693a353b7d693a32323b613a353a7b733a353a227469746c65223b733a31333a22636f6e74656e74207479706573223b733a343a2270617468223b733a32383a2261646d696e2f73657474696e67732f636f6e74656e742d7479706573223b733a383a226368696c6472656e223b613a303a7b7d733a343a2274797065223b693a32323b733a333a22706964223b693a353b7d693a32313b613a353a7b733a353a227469746c65223b733a353a22706f737473223b733a343a2270617468223b733a31393a2261646d696e2f73657474696e67732f6e6f6465223b733a383a226368696c6472656e223b613a303a7b7d733a343a2274797065223b693a32323b733a333a22706964223b693a353b7d693a33393b613a353a7b733a353a227469746c65223b733a373a2274696e796d6365223b733a343a2270617468223b733a32323a2261646d696e2f73657474696e67732f74696e796d6365223b733a383a226368696c6472656e223b613a303a7b7d733a343a2274797065223b693a32323b733a333a22706964223b693a353b7d693a34303b613a353a7b733a353a227469746c65223b733a31313a2275726c20616c6961736573223b733a343a2270617468223b733a31303a2261646d696e2f70617468223b733a383a226368696c6472656e223b613a303a7b7d733a343a2274797065223b693a32323b733a333a22706964223b693a353b7d693a31383b613a353a7b733a353a227469746c65223b733a343a2268656c70223b733a343a2270617468223b733a31303a2261646d696e2f68656c70223b733a383a226368696c6472656e223b613a303a7b7d733a343a2274797065223b693a32323b733a333a22706964223b693a353b7d693a353b613a353a7b733a353a227469746c65223b733a31303a2261646d696e6973746572223b733a343a2270617468223b733a353a2261646d696e223b733a383a226368696c6472656e223b613a31313a7b693a303b693a31363b693a313b693a32303b693a323b693a31373b693a333b693a383b693a343b693a31353b693a353b693a31393b693a363b693a32323b693a373b693a32313b693a383b693a33393b693a393b693a34303b693a31303b693a31383b7d733a343a2274797065223b693a32323b733a333a22706964223b693a313b7d693a363b613a353a7b733a353a227469746c65223b733a373a226c6f67206f7574223b733a343a2270617468223b733a363a226c6f676f7574223b733a383a226368696c6472656e223b613a303a7b7d733a343a2274797065223b693a32323b733a333a22706964223b693a313b7d693a313b613a353a7b733a353a227469746c65223b733a31303a224e617669676174696f6e223b733a343a2270617468223b733a303a22223b733a383a226368696c6472656e223b613a353a7b693a303b693a2d36313b693a313b693a393b693a323b693a2d34393b693a333b693a353b693a343b693a363b7d733a343a2274797065223b693a333b733a333a22706964223b693a303b7d693a34323b613a353a7b733a353a227469746c65223b733a31363a22506c616e6e6564206665617475726573223b733a343a2270617468223b733a363a226e6f64652f35223b733a383a226368696c6472656e223b613a303a7b7d733a343a2274797065223b733a333a22313138223b733a333a22706964223b693a33333b7d693a33333b613a353a7b733a353a227469746c65223b733a353a2241626f7574223b733a343a2270617468223b733a363a226e6f64652f33223b733a383a226368696c6472656e223b613a313a7b693a303b693a34323b7d733a343a2274797065223b733a333a22313138223b733a333a22706964223b693a323b7d693a33313b613a353a7b733a353a227469746c65223b733a31323a2250726f6a6563742070616765223b733a343a2270617468223b733a34383a22687474703a2f2f646576656c6f7065722e6265726c696f732e64652f70726f6a656374732f6172676f6e61757473766e223b733a383a226368696c6472656e223b613a303a7b7d733a343a2274797065223b733a333a22313138223b733a333a22706964223b693a323b7d693a323b613a353a7b733a353a227469746c65223b733a31333a225072696d617279206c696e6b73223b733a343a2270617468223b733a303a22223b733a383a226368696c6472656e223b613a323a7b693a303b693a33333b693a313b693a33313b7d733a343a2274797065223b733a333a22313135223b733a333a22706964223b693a303b7d693a303b613a343a7b733a353a227469746c65223b733a303a22223b733a343a2270617468223b733a303a22223b733a383a226368696c6472656e223b613a323a7b693a303b693a313b693a313b693a323b7d733a343a2274797065223b693a313b7d7d7d, 1166291156, 1166204756, '');
INSERT INTO `cache` (`cid`, `data`, `expire`, `created`, `headers`) VALUES 
('variables', 0x613a39393a7b733a393a22616e6f6e796d6f7573223b733a393a22416e6f6e796d6f7573223b733a31323a2261727261795f66696c746572223b623a313b733a353a226361636865223b733a313a2231223b733a31343a2263616368655f6c69666574696d65223b733a313a2230223b733a393a22636c65616e5f75726c223b733a313a2231223b733a31373a22636f6d6d656e745f616e6f6e796d6f7573223b733a313a2231223b733a31363a22636f6d6d656e745f636f6e74726f6c73223b733a313a2233223b733a32303a22636f6d6d656e745f64656661756c745f6d6f6465223b733a313a2234223b733a32313a22636f6d6d656e745f64656661756c745f6f72646572223b733a313a2231223b733a32343a22636f6d6d656e745f64656661756c745f7065725f70616765223b733a323a223530223b733a32313a22636f6d6d656e745f666f726d5f6c6f636174696f6e223b733a313a2231223b733a31323a22636f6d6d656e745f70616765223b733a313a2230223b733a31353a22636f6d6d656e745f70726576696577223b733a313a2231223b733a32313a22636f6d6d656e745f7375626a6563745f6669656c64223b733a313a2231223b733a32323a22636f6e666967757261626c655f74696d657a6f6e6573223b733a313a2231223b733a393a2263726f6e5f62757379223b623a303b733a393a2263726f6e5f6c617374223b693a313136363139343535313b733a32313a22646174655f64656661756c745f74696d657a6f6e65223b733a343a2233363030223b733a31343a22646174655f66697273745f646179223b733a313a2231223b733a31363a22646174655f666f726d61745f6c6f6e67223b733a31353a226c2c2046206a2c2059202d20483a69223b733a31383a22646174655f666f726d61745f6d656469756d223b733a31323a22442c20592d6d2d6420483a69223b733a31373a22646174655f666f726d61745f73686f7274223b733a393a22592d6d2d6420483a69223b733a31383a2264656661756c745f6e6f6465735f6d61696e223b733a323a223130223b733a31383a2264727570616c5f707269766174655f6b6579223b693a3432333137313530313b733a31313a226572726f725f6c6576656c223b733a313a2230223b733a31383a22666565645f64656661756c745f6974656d73223b733a323a223130223b733a31363a22666565645f6974656d5f6c656e677468223b733a363a22746561736572223b733a31393a2266696c655f6469726563746f72795f70617468223b733a353a2266696c6573223b733a31393a2266696c655f6469726563746f72795f74656d70223b733a343a222f746d70223b733a31343a2266696c655f646f776e6c6f616473223b733a313a2231223b733a31333a2266696c7465725f68746d6c5f31223b693a313b733a31303a22666f726d5f746f6b656e223b733a33323a223064353034666631343131373861666431386439613838396665363834353632223b733a31353a2267736974656d61705f626c6f677774223b733a333a22302e31223b733a31383a2267736974656d61705f636f6d6d656e747774223b733a333a22302e35223b733a31373a2267736974656d61705f636f756e74636f6d223b693a313b733a32303a2267736974656d61705f63726f6e5f7375626d6974223b693a303b733a31383a2267736974656d61705f66726f6e7470616765223b733a333a22312e30223b733a31353a2267736974656d61705f6c6f67616363223b693a313b733a31353a2267736974656d61705f706167657774223b733a333a22302e31223b733a31383a2267736974656d61705f70726f6d6f74657774223b733a333a22302e33223b733a31383a2267736974656d61705f73686f777465726d73223b693a303b733a31363a2267736974656d61705f73746f72797774223b733a333a22302e31223b733a31353a2267736974656d61705f7375626d6974223b693a303b733a31353a2267736974656d61705f766572696679223b733a32373a22676f6f676c65336265643966633163636362373734652e68746d6c223b733a31373a226d656e755f706172656e745f6974656d73223b733a313a2232223b733a31373a226d656e755f7072696d6172795f6d656e75223b733a313a2232223b733a31393a226d656e755f7365636f6e646172795f6d656e75223b733a313a2232223b733a31373a226d696e696d756d5f706167655f73697a65223b733a313a2230223b733a31373a226d696e696d756d5f776f72645f73697a65223b733a313a2233223b733a32343a226e6f64655f63726f6e5f636f6d6d656e74735f7363616c65223b643a313b733a31343a226e6f64655f63726f6e5f6c617374223b733a31303a2231313634363638383832223b733a31383a226e6f64655f63726f6e5f6c6173745f6e6964223b733a313a2235223b733a32313a226e6f64655f63726f6e5f76696577735f7363616c65223b643a302e303538383233353239343131373634373130303632303136303932373036343731363831353934383438363332383132353b733a31383a226e6f64655f6f7074696f6e735f666f72756d223b613a313a7b693a303b733a363a22737461747573223b7d733a31373a226e6f64655f6f7074696f6e735f70616765223b613a323a7b693a303b733a363a22737461747573223b693a313b733a383a227265766973696f6e223b7d733a31323a226e6f64655f70726576696577223b733a313a2231223b733a31383a226e6f64655f72616e6b5f636f6d6d656e7473223b733a313a2235223b733a31363a226e6f64655f72616e6b5f726563656e74223b733a313a2235223b733a31393a226e6f64655f72616e6b5f72656c6576616e6365223b733a313a2235223b733a31313a226f7665726c61705f636a6b223b693a313b733a393a22706167655f68656c70223b733a303a22223b733a31373a227365617263685f63726f6e5f6c696d6974223b733a333a22313030223b733a383a22736974655f343033223b733a303a22223b733a383a22736974655f343034223b733a303a22223b733a31313a22736974655f666f6f746572223b733a303a22223b733a31343a22736974655f66726f6e7470616765223b733a343a226e6f6465223b733a393a22736974655f6d61696c223b733a32303a227068774075736572732e6265726c696f732e6465223b733a31323a22736974655f6d697373696f6e223b733a3133383a2254686520676f616c206f6620746865204172676f6e61757453564e2070726f6a65637420697320746f20646576656c6f7020612053756276657273696f6e20636c69656e742047554920696d706c656d656e74656420617320616e20657874656e73696f6e20746f204e617574696c75732c2074686520476e6f6d652066696c65206d616e616765722e223b733a393a22736974655f6e616d65223b733a31313a224172676f6e61757453564e223b733a31323a22736974655f6f66666c696e65223b733a313a2230223b733a32303a22736974655f6f66666c696e655f6d657373616765223b733a3130383a22546865204172676f6e61757453564e20736974652069732063757272656e746c7920756e646572206d61696e74656e616e63652e2057652073686f756c64206265206261636b2073686f72746c792e205468616e6b20796f7520666f7220796f75722070617469656e63652e223b733a31313a22736974655f736c6f67616e223b733a33313a2241204e617574696c75732053756276657273696f6e20657874656e73696f6e223b733a33303a22737461746973746963735f636f756e745f636f6e74656e745f7669657773223b733a313a2231223b733a32343a22737461746973746963735f6461795f74696d657374616d70223b693a313136363139343535313b733a32383a22737461746973746963735f656e61626c655f6163636573735f6c6f67223b733a313a2231223b733a33323a22737461746973746963735f666c7573685f6163636573736c6f675f74696d6572223b733a373a2232343139323030223b733a31333a227465617365725f6c656e677468223b733a333a22363030223b733a32343a227468656d655f6368616d656c656f6e5f73657474696e6773223b613a31313a7b733a31313a22746f67676c655f6c6f676f223b693a303b733a31313a22746f67676c655f6e616d65223b693a313b733a31333a22746f67676c655f736c6f67616e223b693a313b733a31343a22746f67676c655f66617669636f6e223b693a313b733a31323a2264656661756c745f6c6f676f223b693a313b733a393a226c6f676f5f70617468223b733a303a22223b733a31313a226c6f676f5f75706c6f6164223b4e3b733a31353a2264656661756c745f66617669636f6e223b693a313b733a31323a2266617669636f6e5f70617468223b733a303a22223b733a31343a2266617669636f6e5f75706c6f6164223b4e3b733a31303a22666f726d5f746f6b656e223b733a33323a223634303030643636376130313332336230386363353536313238323036323733223b7d733a31333a227468656d655f64656661756c74223b733a393a226368616d656c656f6e223b733a343a2274797065223b733a343a2270616765223b733a31393a227570646174655f6163636573735f6669786564223b623a313b733a32303a22757365725f6d61696c5f61646d696e5f626f6479223b733a3731333a2225757365726e616d652c0d0a0d0a4120736974652061646d696e6973747261746f7220617420257369746520686173206372656174656420616e206163636f756e7420666f7220796f752e20596f75206d6179206e6f77206c6f6720696e20746f20256c6f67696e5f757269207573696e672074686520666f6c6c6f77696e6720757365726e616d6520616e642070617373776f72643a0d0a0d0a757365726e616d653a2025757365726e616d650d0a70617373776f72643a202570617373776f72640d0a0d0a596f75206d617920616c736f206c6f6720696e20627920636c69636b696e67206f6e2074686973206c696e6b206f7220636f7079696e6720616e642070617374696e6720697420696e20796f75722062726f777365723a0d0a0d0a256c6f67696e5f75726c0d0a0d0a546869732069732061206f6e652d74696d65206c6f67696e2c20736f2069742063616e2062652075736564206f6e6c79206f6e63652e0d0a0d0a4166746572206c6f6767696e6720696e2c20796f752077696c6c206265207265646972656374656420746f2025656469745f75726920736f20796f752063616e206368616e676520796f75722070617373776f72642e0d0a0d0a596f7572206e6577202573697465206d656d6265727368697020616c736f20656e61626c657320746f20796f7520746f206c6f67696e20746f206f746865722044727570616c20706f77657265642077656273697465732028652e672e20687474703a2f2f7777772e64727570616c2e6f72672f2920776974686f7574207265676973746572696e672e204a757374207573652074686520666f6c6c6f77696e672044727570616c20494420616e642070617373776f72643a0d0a0d0a44727570616c2049443a2025757365726e616d6540257572695f62726965660d0a70617373776f72643a202570617373776f72640d0a0d0a0d0a2d2d20202573697465207465616d223b733a32333a22757365725f6d61696c5f61646d696e5f7375626a656374223b733a35323a22416e2061646d696e6973747261746f72206372656174656420616e206163636f756e7420666f7220796f75206174202573697465223b733a32333a22757365725f6d61696c5f617070726f76616c5f626f6479223b733a3735313a2225757365726e616d652c0d0a0d0a5468616e6b20796f7520666f72207265676973746572696e672061742025736974652e20596f7572206170706c69636174696f6e20666f7220616e206163636f756e742069732063757272656e746c792070656e64696e6720617070726f76616c2e204f6e636520697420686173206265656e206772616e7465642c20796f75206d6179206c6f6720696e20746f20256c6f67696e5f757269207573696e672074686520666f6c6c6f77696e6720757365726e616d6520616e642070617373776f72643a0d0a0d0a757365726e616d653a2025757365726e616d650d0a70617373776f72643a202570617373776f72640d0a0d0a596f75206d617920616c736f206c6f6720696e20627920636c69636b696e67206f6e2074686973206c696e6b206f7220636f7079696e6720616e642070617374696e6720697420696e20796f75722062726f777365723a0d0a0d0a256c6f67696e5f75726c0d0a0d0a546869732069732061206f6e652d74696d65206c6f67696e2c20736f2069742063616e2062652075736564206f6e6c79206f6e63652e0d0a0d0a4166746572206c6f6767696e6720696e2c20796f75206d6179207769736820746f206368616e676520796f75722070617373776f72642061742025656469745f7572690d0a0d0a596f7572206e6577202573697465206d656d6265727368697020616c736f20656e61626c657320746f20796f7520746f206c6f67696e20746f206f746865722044727570616c20706f77657265642077656273697465732028652e672e20687474703a2f2f7777772e64726f702e6f72672f2920776974686f7574207265676973746572696e672e204a757374207573652074686520666f6c6c6f77696e672044727570616c20494420616e642070617373776f72643a0d0a0d0a44727570616c2049443a2025757365726e616d6540257572695f62726965660d0a70617373776f72643a202570617373776f72640d0a0d0a0d0a2d2d20202573697465207465616d223b733a32363a22757365725f6d61696c5f617070726f76616c5f7375626a656374223b733a36333a224163636f756e742064657461696c7320666f722025757365726e616d65206174202573697465202870656e64696e672061646d696e20617070726f76616c29223b733a31393a22757365725f6d61696c5f706173735f626f6479223b733a3431363a2225757365726e616d652c0d0a0d0a41207265717565737420746f207265736574207468652070617373776f726420666f7220796f7572206163636f756e7420686173206265656e206d6164652061742025736974652e0d0a0d0a596f75206d6179206e6f77206c6f6720696e20746f20257572695f627269656620636c69636b696e67206f6e2074686973206c696e6b206f7220636f7079696e6720616e642070617374696e6720697420696e20796f75722062726f777365723a0d0a0d0a256c6f67696e5f75726c0d0a0d0a546869732069732061206f6e652d74696d65206c6f67696e2c20736f2069742063616e2062652075736564206f6e6c79206f6e63652e2049742065787069726573206166746572206f6e652064617920616e64206e6f7468696e672077696c6c2068617070656e2069662069742773206e6f7420757365642e0d0a0d0a4166746572206c6f6767696e6720696e2c20796f752077696c6c206265207265646972656374656420746f2025656469745f75726920736f20796f752063616e206368616e676520796f75722070617373776f72642e223b733a32323a22757365725f6d61696c5f706173735f7375626a656374223b733a35323a225265706c6163656d656e74206c6f67696e20696e666f726d6174696f6e20666f722025757365726e616d65206174202573697465223b733a32323a22757365725f6d61696c5f77656c636f6d655f626f6479223b733a3638333a2225757365726e616d652c0d0a0d0a5468616e6b20796f7520666f72207265676973746572696e672061742025736974652e20596f75206d6179206e6f77206c6f6720696e20746f20256c6f67696e5f757269207573696e672074686520666f6c6c6f77696e6720757365726e616d6520616e642070617373776f72643a0d0a0d0a757365726e616d653a2025757365726e616d650d0a70617373776f72643a202570617373776f72640d0a0d0a596f75206d617920616c736f206c6f6720696e20627920636c69636b696e67206f6e2074686973206c696e6b206f7220636f7079696e6720616e642070617374696e6720697420696e20796f75722062726f777365723a0d0a0d0a256c6f67696e5f75726c0d0a0d0a546869732069732061206f6e652d74696d65206c6f67696e2c20736f2069742063616e2062652075736564206f6e6c79206f6e63652e0d0a0d0a4166746572206c6f6767696e6720696e2c20796f752077696c6c206265207265646972656374656420746f2025656469745f75726920736f20796f752063616e206368616e676520796f75722070617373776f72642e0d0a0d0a596f7572206e6577202573697465206d656d6265727368697020616c736f20656e61626c657320746f20796f7520746f206c6f67696e20746f206f746865722044727570616c20706f77657265642077656273697465732028652e672e20687474703a2f2f64727570616c2e6f72672f2920776974686f7574207265676973746572696e672e204a757374207573652074686520666f6c6c6f77696e672044727570616c20494420616e642070617373776f72643a0d0a0d0a44727570616c2049443a2025757365726e616d6540257572695f62726965660d0a70617373776f72643a202570617373776f72640d0a0d0a0d0a2d2d20202573697465207465616d223b733a32353a22757365725f6d61696c5f77656c636f6d655f7375626a656374223b733a33383a224163636f756e742064657461696c7320666f722025757365726e616d65206174202573697465223b733a31333a22757365725f7069637475726573223b733a313a2230223b733a32303a22757365725f706963747572655f64656661756c74223b733a303a22223b733a32333a22757365725f706963747572655f64696d656e73696f6e73223b733a353a223835783835223b733a32323a22757365725f706963747572655f66696c655f73697a65223b733a323a223330223b733a32333a22757365725f706963747572655f67756964656c696e6573223b733a303a22223b733a31373a22757365725f706963747572655f70617468223b733a383a227069637475726573223b733a31333a22757365725f7265676973746572223b733a313a2230223b733a32323a22757365725f726567697374726174696f6e5f68656c70223b733a303a22223b733a31343a227761746368646f675f636c656172223b733a363a22363034383030223b733a343a2277697065223b733a31333a2252652d696e6465782073697465223b7d, 0, 1166199884, '');

-- --------------------------------------------------------

-- 
-- Tabellenstruktur f端r Tabelle `client`
-- 

CREATE TABLE `client` (
  `cid` int(10) unsigned NOT NULL auto_increment,
  `link` varchar(255) NOT NULL default '',
  `name` varchar(128) NOT NULL default '',
  `mail` varchar(128) NOT NULL default '',
  `slogan` longtext NOT NULL,
  `mission` longtext NOT NULL,
  `users` int(10) NOT NULL default '0',
  `nodes` int(10) NOT NULL default '0',
  `version` varchar(35) NOT NULL default '',
  `created` int(11) NOT NULL default '0',
  `changed` int(11) NOT NULL default '0',
  PRIMARY KEY  (`cid`)
) ENGINE=InnoDB DEFAULT CHARSET=utf8 AUTO_INCREMENT=1 ;

-- 
-- Daten f端r Tabelle `client`
-- 


-- --------------------------------------------------------

-- 
-- Tabellenstruktur f端r Tabelle `client_system`
-- 

CREATE TABLE `client_system` (
  `cid` int(10) NOT NULL default '0',
  `name` varchar(255) NOT NULL default '',
  `type` varchar(255) NOT NULL default '',
  PRIMARY KEY  (`cid`,`name`)
) ENGINE=InnoDB DEFAULT CHARSET=utf8;

-- 
-- Daten f端r Tabelle `client_system`
-- 


-- --------------------------------------------------------

-- 
-- Tabellenstruktur f端r Tabelle `comments`
-- 

CREATE TABLE `comments` (
  `cid` int(10) NOT NULL auto_increment,
  `pid` int(10) NOT NULL default '0',
  `nid` int(10) NOT NULL default '0',
  `uid` int(10) NOT NULL default '0',
  `subject` varchar(64) NOT NULL default '',
  `comment` longtext NOT NULL,
  `hostname` varchar(128) NOT NULL default '',
  `timestamp` int(11) NOT NULL default '0',
  `score` mediumint(9) NOT NULL default '0',
  `status` tinyint(3) unsigned NOT NULL default '0',
  `format` int(4) NOT NULL default '0',
  `thread` varchar(255) NOT NULL default '',
  `users` longtext,
  `name` varchar(60) default NULL,
  `mail` varchar(64) default NULL,
  `homepage` varchar(255) default NULL,
  PRIMARY KEY  (`cid`),
  KEY `lid` (`nid`)
) ENGINE=InnoDB DEFAULT CHARSET=utf8 AUTO_INCREMENT=2 ;

-- 
-- Daten f端r Tabelle `comments`
-- 


-- --------------------------------------------------------

-- 
-- Tabellenstruktur f端r Tabelle `contact`
-- 

CREATE TABLE `contact` (
  `cid` int(10) unsigned NOT NULL auto_increment,
  `category` varchar(255) NOT NULL default '',
  `recipients` longtext NOT NULL,
  `reply` longtext NOT NULL,
  `weight` tinyint(3) NOT NULL default '0',
  `selected` tinyint(1) NOT NULL default '0',
  PRIMARY KEY  (`cid`),
  UNIQUE KEY `category` (`category`)
) ENGINE=InnoDB DEFAULT CHARSET=utf8 AUTO_INCREMENT=1 ;

-- 
-- Daten f端r Tabelle `contact`
-- 


-- --------------------------------------------------------

-- 
-- Tabellenstruktur f端r Tabelle `file_revisions`
-- 

CREATE TABLE `file_revisions` (
  `fid` int(10) unsigned NOT NULL default '0',
  `vid` int(10) unsigned NOT NULL default '0',
  `description` varchar(255) NOT NULL default '',
  `list` tinyint(1) unsigned NOT NULL default '0',
  PRIMARY KEY  (`fid`,`vid`)
) ENGINE=InnoDB DEFAULT CHARSET=utf8;

-- 
-- Daten f端r Tabelle `file_revisions`
-- 


-- --------------------------------------------------------

-- 
-- Tabellenstruktur f端r Tabelle `files`
-- 

CREATE TABLE `files` (
  `fid` int(10) unsigned NOT NULL default '0',
  `nid` int(10) unsigned NOT NULL default '0',
  `filename` varchar(255) NOT NULL default '',
  `filepath` varchar(255) NOT NULL default '',
  `filemime` varchar(255) NOT NULL default '',
  `filesize` int(10) unsigned NOT NULL default '0',
  PRIMARY KEY  (`fid`)
) ENGINE=InnoDB DEFAULT CHARSET=utf8;

-- 
-- Daten f端r Tabelle `files`
-- 


-- --------------------------------------------------------

-- 
-- Tabellenstruktur f端r Tabelle `filter_formats`
-- 

CREATE TABLE `filter_formats` (
  `format` int(4) NOT NULL auto_increment,
  `name` varchar(255) NOT NULL default '',
  `roles` varchar(255) NOT NULL default '',
  `cache` tinyint(2) NOT NULL default '0',
  PRIMARY KEY  (`format`),
  UNIQUE KEY `name` (`name`)
) ENGINE=InnoDB DEFAULT CHARSET=utf8 AUTO_INCREMENT=4 ;

-- 
-- Daten f端r Tabelle `filter_formats`
-- 

INSERT INTO `filter_formats` (`format`, `name`, `roles`, `cache`) VALUES 
(1, 'Filtered HTML', ',1,2,', 1),
(2, 'PHP code', '', 0),
(3, 'Full HTML', ',3,4,', 1);

-- --------------------------------------------------------

-- 
-- Tabellenstruktur f端r Tabelle `filters`
-- 

CREATE TABLE `filters` (
  `format` int(4) NOT NULL default '0',
  `module` varchar(64) NOT NULL default '',
  `delta` tinyint(2) NOT NULL default '0',
  `weight` tinyint(2) NOT NULL default '0',
  KEY `weight` (`weight`)
) ENGINE=InnoDB DEFAULT CHARSET=utf8;

-- 
-- Daten f端r Tabelle `filters`
-- 

INSERT INTO `filters` (`format`, `module`, `delta`, `weight`) VALUES 
(1, 'filter', 0, 0),
(1, 'filter', 2, 1),
(2, 'filter', 1, 0),
(3, 'filter', 2, 0);

-- --------------------------------------------------------

-- 
-- Tabellenstruktur f端r Tabelle `flood`
-- 

CREATE TABLE `flood` (
  `event` varchar(64) NOT NULL default '',
  `hostname` varchar(128) NOT NULL default '',
  `timestamp` int(11) NOT NULL default '0'
) ENGINE=InnoDB DEFAULT CHARSET=utf8;

-- 
-- Daten f端r Tabelle `flood`
-- 


-- --------------------------------------------------------

-- 
-- Tabellenstruktur f端r Tabelle `forum`
-- 

CREATE TABLE `forum` (
  `nid` int(10) unsigned NOT NULL default '0',
  `vid` int(10) unsigned NOT NULL default '0',
  `tid` int(10) unsigned NOT NULL default '0',
  PRIMARY KEY  (`vid`),
  KEY `nid` (`nid`),
  KEY `tid` (`tid`)
) ENGINE=InnoDB DEFAULT CHARSET=utf8;

-- 
-- Daten f端r Tabelle `forum`
-- 


-- --------------------------------------------------------

-- 
-- Tabellenstruktur f端r Tabelle `gsitemap`
-- 

CREATE TABLE `gsitemap` (
  `nid` int(10) unsigned NOT NULL default '0',
  `last_changed` int(11) default NULL,
  `previously_changed` int(11) default NULL,
  `last_comment` int(11) default NULL,
  `previous_comment` int(11) default NULL,
  `priority_override` decimal(2,1) default NULL,
  PRIMARY KEY  (`nid`)
) ENGINE=MyISAM DEFAULT CHARSET=utf8;

-- 
-- Daten f端r Tabelle `gsitemap`
-- 

INSERT INTO `gsitemap` (`nid`, `last_changed`, `previously_changed`, `last_comment`, `previous_comment`, `priority_override`) VALUES 
(6, 1164664076, NULL, 1164663985, NULL, NULL),
(3, 1164667780, NULL, 1164474227, NULL, NULL),
(5, 1164668882, NULL, 1164580166, NULL, NULL);

-- --------------------------------------------------------

-- 
-- Tabellenstruktur f端r Tabelle `history`
-- 

CREATE TABLE `history` (
  `uid` int(10) NOT NULL default '0',
  `nid` int(10) NOT NULL default '0',
  `timestamp` int(11) NOT NULL default '0',
  PRIMARY KEY  (`uid`,`nid`)
) ENGINE=InnoDB DEFAULT CHARSET=utf8;

-- 
-- Daten f端r Tabelle `history`
-- 

INSERT INTO `history` (`uid`, `nid`, `timestamp`) VALUES 
(1, 1, 1164473959),
(1, 2, 1164474115),
(1, 3, 1164669274),
(1, 4, 1164578593),
(1, 5, 1164669293),
(1, 6, 1164664412),
(2, 3, 1166123466),
(2, 4, 1164578402),
(2, 5, 1164668487),
(2, 6, 1165434845);

-- --------------------------------------------------------

-- 
-- Tabellenstruktur f端r Tabelle `locales_meta`
-- 

CREATE TABLE `locales_meta` (
  `locale` varchar(12) NOT NULL default '',
  `name` varchar(64) NOT NULL default '',
  `enabled` int(2) NOT NULL default '0',
  `isdefault` int(2) NOT NULL default '0',
  `plurals` int(1) NOT NULL default '0',
  `formula` varchar(128) NOT NULL default '',
  PRIMARY KEY  (`locale`)
) ENGINE=InnoDB DEFAULT CHARSET=utf8;

-- 
-- Daten f端r Tabelle `locales_meta`
-- 

INSERT INTO `locales_meta` (`locale`, `name`, `enabled`, `isdefault`, `plurals`, `formula`) VALUES 
('en', 'English', 1, 1, 0, '');

-- --------------------------------------------------------

-- 
-- Tabellenstruktur f端r Tabelle `locales_source`
-- 

CREATE TABLE `locales_source` (
  `lid` int(11) NOT NULL auto_increment,
  `location` varchar(255) NOT NULL default '',
  `source` blob NOT NULL,
  PRIMARY KEY  (`lid`)
) ENGINE=InnoDB DEFAULT CHARSET=utf8 AUTO_INCREMENT=1 ;

-- 
-- Daten f端r Tabelle `locales_source`
-- 


-- --------------------------------------------------------

-- 
-- Tabellenstruktur f端r Tabelle `locales_target`
-- 

CREATE TABLE `locales_target` (
  `lid` int(11) NOT NULL default '0',
  `translation` blob NOT NULL,
  `locale` varchar(12) NOT NULL default '',
  `plid` int(11) NOT NULL default '0',
  `plural` int(1) NOT NULL default '0',
  KEY `lid` (`lid`),
  KEY `lang` (`locale`),
  KEY `plid` (`plid`),
  KEY `plural` (`plural`)
) ENGINE=InnoDB DEFAULT CHARSET=utf8;

-- 
-- Daten f端r Tabelle `locales_target`
-- 


-- --------------------------------------------------------

-- 
-- Tabellenstruktur f端r Tabelle `menu`
-- 

CREATE TABLE `menu` (
  `mid` int(10) unsigned NOT NULL default '0',
  `pid` int(10) unsigned NOT NULL default '0',
  `path` varchar(255) NOT NULL default '',
  `title` varchar(255) NOT NULL default '',
  `description` varchar(255) NOT NULL default '',
  `weight` tinyint(4) NOT NULL default '0',
  `type` int(2) unsigned NOT NULL default '0',
  PRIMARY KEY  (`mid`)
) ENGINE=InnoDB DEFAULT CHARSET=utf8;

-- 
-- Daten f端r Tabelle `menu`
-- 

INSERT INTO `menu` (`mid`, `pid`, `path`, `title`, `description`, `weight`, `type`) VALUES 
(2, 0, '', 'Primary links', '', 0, 115),
(3, 1, 'filter/tips', 'compose tips', '', 0, 20),
(4, 1, 'node', 'content', '', 0, 16),
(5, 1, 'admin', 'administer', '', 9, 22),
(6, 1, 'logout', 'log out', '', 10, 22),
(7, 5, 'admin/filters', 'input formats', '', 0, 22),
(8, 5, 'admin/node', 'content', '', 0, 22),
(9, 4, 'node/add', 'create content', '', 1, 28),
(10, 5, 'admin/themes', 'themes', '', 0, 22),
(11, 5, 'admin/settings', 'settings', '', 0, 22),
(12, 5, 'admin/modules', 'modules', '', 0, 22),
(13, 5, 'admin/user', 'users', '', 0, 22),
(14, 5, 'admin/access', 'access control', '', 0, 22),
(15, 5, 'admin/logs', 'logs', '', 0, 22),
(16, 5, 'admin/block', 'blocks', '', 0, 22),
(17, 5, 'admin/comment', 'comments', '', 0, 22),
(18, 5, 'admin/help', 'help', '', 9, 22),
(19, 5, 'admin/menu', 'menus', '', 0, 22),
(20, 5, 'admin/taxonomy', 'categories', '', 0, 22),
(21, 11, 'admin/settings/node', 'posts', '', 0, 22),
(22, 11, 'admin/settings/content-types', 'content types', '', 0, 22),
(23, 11, 'admin/settings/search', 'search', '', 0, 22),
(24, 11, 'admin/settings/user', 'users', '', 0, 22),
(25, 11, 'admin/settings/menu', 'menus', '', 0, 22),
(26, 9, 'node/add/page', 'page', '', 0, 22),
(27, 9, 'node/add/story', 'story', '', 0, 22),
(28, 9, 'node/add/blog', 'blog entry', '', 0, 22),
(29, 1, 'blog', 'blogs', '', 0, 20),
(30, 1, 'search', 'search', '', 0, 20),
(31, 2, 'http://developer.berlios.de/projects/argonautsvn', 'Project page', 'Project page on BerliOS', -8, 118),
(32, 2, 'http://developer.berlios.de/project/showfiles.php?group_id=7636', 'Download', 'Download ArgonautSVN', 0, 112),
(33, 2, 'node/3', 'About', '', -10, 118),
(34, 11, 'admin/settings/statistics', 'statistics', '', 0, 22),
(35, 15, 'admin/logs/hits', 'recent hits', '', 3, 22),
(36, 15, 'admin/logs/pages', 'top pages', '', 1, 22),
(37, 15, 'admin/logs/visitors', 'top visitors', '', 2, 22),
(38, 15, 'admin/logs/referrers', 'referrers', '', 0, 22),
(39, 11, 'admin/settings/tinymce', 'tinymce', '', 0, 22),
(40, 5, 'admin/path', 'url aliases', '', 0, 22),
(42, 33, 'node/5', 'Planned features', '', 0, 118),
(43, 11, 'admin/settings/gsitemap', 'gsitemap', '', 0, 22),
(44, 11, 'admin/settings/blogapi', 'blogapi', '', 0, 22);

-- --------------------------------------------------------

-- 
-- Tabellenstruktur f端r Tabelle `node`
-- 

CREATE TABLE `node` (
  `nid` int(10) unsigned NOT NULL auto_increment,
  `vid` int(10) unsigned NOT NULL default '0',
  `type` varchar(32) NOT NULL default '',
  `title` varchar(128) NOT NULL default '',
  `uid` int(10) NOT NULL default '0',
  `status` int(4) NOT NULL default '1',
  `created` int(11) NOT NULL default '0',
  `changed` int(11) NOT NULL default '0',
  `comment` int(2) NOT NULL default '0',
  `promote` int(2) NOT NULL default '0',
  `moderate` int(2) NOT NULL default '0',
  `sticky` int(2) NOT NULL default '0',
  PRIMARY KEY  (`nid`,`vid`),
  UNIQUE KEY `vid` (`vid`),
  KEY `node_type` (`type`(4)),
  KEY `node_title_type` (`title`,`type`(4)),
  KEY `status` (`status`),
  KEY `uid` (`uid`),
  KEY `node_moderate` (`moderate`),
  KEY `node_promote_status` (`promote`,`status`),
  KEY `node_created` (`created`),
  KEY `node_changed` (`changed`),
  KEY `node_status_type` (`status`,`type`,`nid`),
  KEY `nid` (`nid`)
) ENGINE=InnoDB DEFAULT CHARSET=utf8 AUTO_INCREMENT=7 ;

-- 
-- Daten f端r Tabelle `node`
-- 

INSERT INTO `node` (`nid`, `vid`, `type`, `title`, `uid`, `status`, `created`, `changed`, `comment`, `promote`, `moderate`, `sticky`) VALUES 
(3, 11, 'page', 'About', 2, 1, 1164474227, 1164667780, 0, 1, 0, 0),
(5, 15, 'page', 'Status', 2, 1, 1164580166, 1164668882, 0, 0, 0, 0),
(6, 9, 'blog', 'First available code and HD crash', 2, 1, 1164663985, 1164664076, 2, 1, 0, 0);

-- --------------------------------------------------------

-- 
-- Tabellenstruktur f端r Tabelle `node_access`
-- 

CREATE TABLE `node_access` (
  `nid` int(10) unsigned NOT NULL default '0',
  `gid` int(10) unsigned NOT NULL default '0',
  `realm` varchar(255) NOT NULL default '',
  `grant_view` tinyint(1) unsigned NOT NULL default '0',
  `grant_update` tinyint(1) unsigned NOT NULL default '0',
  `grant_delete` tinyint(1) unsigned NOT NULL default '0',
  PRIMARY KEY  (`nid`,`gid`,`realm`)
) ENGINE=InnoDB DEFAULT CHARSET=utf8;

-- 
-- Daten f端r Tabelle `node_access`
-- 

INSERT INTO `node_access` (`nid`, `gid`, `realm`, `grant_view`, `grant_update`, `grant_delete`) VALUES 
(0, 0, 'all', 1, 0, 0);

-- --------------------------------------------------------

-- 
-- Tabellenstruktur f端r Tabelle `node_comment_statistics`
-- 

CREATE TABLE `node_comment_statistics` (
  `nid` int(10) unsigned NOT NULL auto_increment,
  `last_comment_timestamp` int(11) NOT NULL default '0',
  `last_comment_name` varchar(60) default NULL,
  `last_comment_uid` int(10) NOT NULL default '0',
  `comment_count` int(10) unsigned NOT NULL default '0',
  PRIMARY KEY  (`nid`),
  KEY `node_comment_timestamp` (`last_comment_timestamp`)
) ENGINE=InnoDB DEFAULT CHARSET=utf8 AUTO_INCREMENT=7 ;

-- 
-- Daten f端r Tabelle `node_comment_statistics`
-- 

INSERT INTO `node_comment_statistics` (`nid`, `last_comment_timestamp`, `last_comment_name`, `last_comment_uid`, `comment_count`) VALUES 
(3, 1164474227, NULL, 1, 0),
(5, 1164580166, NULL, 2, 0),
(6, 1164663985, '', 2, 0);

-- --------------------------------------------------------

-- 
-- Tabellenstruktur f端r Tabelle `node_counter`
-- 

CREATE TABLE `node_counter` (
  `nid` int(10) NOT NULL default '0',
  `totalcount` bigint(20) unsigned NOT NULL default '0',
  `daycount` mediumint(8) unsigned NOT NULL default '0',
  `timestamp` int(11) unsigned NOT NULL default '0',
  PRIMARY KEY  (`nid`),
  KEY `totalcount` (`totalcount`),
  KEY `daycount` (`daycount`),
  KEY `timestamp` (`timestamp`)
) ENGINE=InnoDB DEFAULT CHARSET=utf8;

-- 
-- Daten f端r Tabelle `node_counter`
-- 

INSERT INTO `node_counter` (`nid`, `totalcount`, `daycount`, `timestamp`) VALUES 
(3, 17, 0, 1166123466),
(5, 13, 0, 1165427696),
(6, 6, 0, 1165434846);

-- --------------------------------------------------------

-- 
-- Tabellenstruktur f端r Tabelle `node_revisions`
-- 

CREATE TABLE `node_revisions` (
  `nid` int(10) unsigned NOT NULL default '0',
  `vid` int(10) unsigned NOT NULL default '0',
  `uid` int(10) NOT NULL default '0',
  `title` varchar(128) NOT NULL default '',
  `body` longtext NOT NULL,
  `teaser` longtext NOT NULL,
  `log` longtext NOT NULL,
  `timestamp` int(11) NOT NULL default '0',
  `format` int(4) NOT NULL default '0',
  PRIMARY KEY  (`vid`),
  KEY `nid` (`nid`),
  KEY `uid` (`uid`)
) ENGINE=InnoDB DEFAULT CHARSET=utf8;

-- 
-- Daten f端r Tabelle `node_revisions`
-- 

INSERT INTO `node_revisions` (`nid`, `vid`, `uid`, `title`, `body`, `teaser`, `log`, `timestamp`, `format`) VALUES 
(3, 3, 1, 'About', 'The goal of the ArgonautSVN project is to develop a Subversion client GUI implemented as an extension to Nautilus, the Gnome file manager. The project is inspired by TortoiseSVN, the SVN extension for the Windows Explorer. ArgonautSVN is intended to provide a similar powerfull SVN GUI for the Gnome desktop environment.\r\n\r\nHowever, ArgonautSVN will not be an exact copy of TortoiseSVN. Instead ArgonautSVN should be integrated into the Gnome desktop environment as good as possible. That means that the project should comply to common Gnome standards, such as the Gnome Human Interface Guidelines (HIG).\r\n\r\nOn a technical basis ArgonautSVN will be implemented in Python, using PyGTK. A prototype implementation of ArgonautSVN which will demonstrate all core technologies will be released soon.', 'The goal of the ArgonautSVN project is to develop a Subversion client GUI implemented as an extension to Nautilus, the Gnome file manager. The project is inspired by TortoiseSVN, the SVN extension for the Windows Explorer. ArgonautSVN is intended to provide a similar powerfull SVN GUI for the Gnome desktop environment.\r\n\r\nHowever, ArgonautSVN will not be an exact copy of TortoiseSVN. Instead ArgonautSVN should be integrated into the Gnome desktop environment as good as possible. That means that the project should comply to common Gnome standards, such as the Gnome Human Interface Guidelines (HIG).\r', '', 1164474635, 1),
(3, 4, 1, 'About', '<p>The goal of the ArgonautSVN project is to develop a <a href="http://subversion.tigris.org/">Subversion</a> client GUI implemented as an extension to <a href="http://www.gnome.org/projects/nautilus/" title="Nautilus file manager">Nautilus</a>, the <a href="http://www.gnome.org" title="Gnome desktop environment">Gnome</a> file manager. The project is inspired by <a href="http://tortoisesvn.tigris.org/">TortoiseSVN</a>, the SVN extension for the Windows Explorer. ArgonautSVN is intended to provide a similar powerfull SVN GUI for the Gnome desktop environment.</p><p>However, ArgonautSVN will not be an exact copy of TortoiseSVN. Instead ArgonautSVN should be integrated into the Gnome desktop environment as good as possible. That means that the project should comply to common Gnome standards, such as the <a href="http://developer.gnome.org/projects/gup/hig/">Gnome Human Interface Guidelines</a> (HIG).</p><p>On a technical basis ArgonautSVN will be implemented in <a href="http://www.python.org">Python</a>, using <a href="http://www.pygtk.org/">PyGTK</a>. A prototype implementation of ArgonautSVN which will demonstrate all core technologies will be released soon.</p>', '<p>The goal of the ArgonautSVN project is to develop a <a href="http://subversion.tigris.org/">Subversion</a> client GUI implemented as an extension to <a href="http://www.gnome.org/projects/nautilus/" title="Nautilus file manager">Nautilus</a>, the <a href="http://www.gnome.org" title="Gnome desktop environment">Gnome</a> file manager. The project is inspired by <a href="http://tortoisesvn.tigris.org/">TortoiseSVN</a>, the SVN extension for the Windows Explorer. ArgonautSVN is intended to provide a similar powerfull SVN GUI for the Gnome desktop environment.</p><p>However, ArgonautSVN will not be an exact copy of TortoiseSVN. Instead ArgonautSVN should be integrated into the Gnome desktop environment as good as possible. That means that the project should comply to common Gnome standards, such as the <a href="http://developer.gnome.org/projects/gup/hig/">Gnome Human Interface Guidelines</a> (HIG).</p>', '', 1164476119, 1),
(3, 5, 1, 'About', '<p>The goal of the ArgonautSVN project is to develop a <a href="http://subversion.tigris.org/">Subversion</a> client GUI implemented as an extension to <a href="http://www.gnome.org/projects/nautilus/" title="Nautilus file manager">Nautilus</a>, the <a href="http://www.gnome.org" title="Gnome desktop environment">Gnome</a> file manager. The project is inspired by <a href="http://tortoisesvn.tigris.org/">TortoiseSVN</a>, the SVN extension for the Windows Explorer. ArgonautSVN is intended to provide a similar powerfull SVN GUI for the Gnome desktop environment.</p><p>However, ArgonautSVN will not be an exact copy of TortoiseSVN. Instead ArgonautSVN should be integrated into the Gnome desktop environment as good as possible. That means that the project should comply to common Gnome standards, such as the <a href="http://developer.gnome.org/projects/gup/hig/">Gnome Human Interface Guidelines</a> (HIG).</p><p>On a technical basis ArgonautSVN will be implemented in <a href="http://www.python.org">Python</a>, using <a href="http://www.pygtk.org/">PyGTK</a>. A prototype implementation of ArgonautSVN which will demonstrate all core technologies will be released soon.</p>', '<p>The goal of the ArgonautSVN project is to develop a <a href="http://subversion.tigris.org/">Subversion</a> client GUI implemented as an extension to <a href="http://www.gnome.org/projects/nautilus/" title="Nautilus file manager">Nautilus</a>, the <a href="http://www.gnome.org" title="Gnome desktop environment">Gnome</a> file manager. The project is inspired by <a href="http://tortoisesvn.tigris.org/">TortoiseSVN</a>, the SVN extension for the Windows Explorer. ArgonautSVN is intended to provide a similar powerfull SVN GUI for the Gnome desktop environment.</p><p>However, ArgonautSVN will not be an exact copy of TortoiseSVN. Instead ArgonautSVN should be integrated into the Gnome desktop environment as good as possible. That means that the project should comply to common Gnome standards, such as the <a href="http://developer.gnome.org/projects/gup/hig/">Gnome Human Interface Guidelines</a> (HIG).</p>', '', 1164476257, 3),
(3, 7, 1, 'About', '<p>The goal of the ArgonautSVN project is to develop a <a href="http://subversion.tigris.org/">Subversion</a> client GUI implemented as an extension to <a href="http://www.gnome.org/projects/nautilus/" title="Nautilus file manager">Nautilus</a>, the <a href="http://www.gnome.org" title="Gnome desktop environment">Gnome</a> file manager. The project is inspired by <a href="http://tortoisesvn.tigris.org/">TortoiseSVN</a>, the SVN extension for the Windows Explorer. ArgonautSVN is intended to provide a similar powerfull SVN GUI for the Gnome desktop environment.</p><p>However, ArgonautSVN will not be an exact copy of TortoiseSVN. Instead ArgonautSVN should be integrated into the Gnome desktop environment as good as possible. That means that the project should comply to common Gnome standards, such as the <a href="http://developer.gnome.org/projects/gup/hig/">Gnome Human Interface Guidelines</a> (HIG).</p><p>On a technical basis ArgonautSVN will be implemented in <a href="http://www.python.org">Python</a>, using <a href="http://www.pygtk.org/">PyGTK</a>. A prototype implementation of ArgonautSVN which will demonstrate all core technologies will be released soon.</p>', '<p>The goal of the ArgonautSVN project is to develop a <a href="http://subversion.tigris.org/">Subversion</a> client GUI implemented as an extension to <a href="http://www.gnome.org/projects/nautilus/" title="Nautilus file manager">Nautilus</a>, the <a href="http://www.gnome.org" title="Gnome desktop environment">Gnome</a> file manager. The project is inspired by <a href="http://tortoisesvn.tigris.org/">TortoiseSVN</a>, the SVN extension for the Windows Explorer. ArgonautSVN is intended to provide a similar powerfull SVN GUI for the Gnome desktop environment.</p><p>However, ArgonautSVN will not be an exact copy of TortoiseSVN. Instead ArgonautSVN should be integrated into the Gnome desktop environment as good as possible. That means that the project should comply to common Gnome standards, such as the <a href="http://developer.gnome.org/projects/gup/hig/">Gnome Human Interface Guidelines</a> (HIG).</p>', '', 1164578656, 3),
(5, 8, 2, 'Status', '<p>The following features are planned for ArgonautSVN.</p><h3>Commit changes</h3><p>There will be a powerfull dialog for commiting the changes in a working copy. Following features should be supoorted:</p><ul><li>Enter log message (implemented)<br /></li><li>Choose files to commit (partially implemented)</li><li>Spell checking for log message (planned)</li><li>Option to keep locks (planned)</li><li>Remember previously entered log messages, so you can select them again, e.g. after you aborted the last operation (planned).<br /><strong>Alternative:</strong> Maybe we could always show the last log message entered for the active working copy, if it was not commited. Maybe that would be better for usabillity, since that is it what the remember function is normaly used for. </li></ul><h3>Update working copy</h3><p>Planned. Simple dialog which shows the files that have changed since the last update and allows the user to show the log.</p><p>The file list should be a sortable list similiar to the one in the commit dialog, not just the list of files as it gets delivered by Subversion. </p><h3>Show log messages</h3><p>Planned. Allows the user to show the log messages for a path.</p><h3>Overlay icons showing subversion state of files</h3><p>Partially implemented. However, the icons don&#39;t refresh on state changes of files.  </p><h3>Repository browser</h3><p>The optimum would be to teach Nautilus itself to understand the svn protocol handler. That can maybe be done and we would avoid a separate SVN browser application, which would duplicate the file operations of Nautilus itself.</p><p>&nbsp;</p>', '<p>The following features are planned for ArgonautSVN.</p><h3>Commit changes</h3><p>There will be a powerfull dialog for commiting the changes in a working copy. Following features should be supoorted:</p><ul><li>Enter log message (implemented)<br /></li><li>Choose files to commit (partially implemented)</li><li>Spell checking for log message (planned)</li><li>Option to keep locks (planned)</li><li>Remember previously entered log messages, so you can select them again, e.g. after you aborted the last operation (planned).<br /><strong>Alternative:</strong> Maybe we could always show the last log message entered for the active working copy, if it was not commited. Maybe that would be better for usabillity, since that is it what the remember function is normaly used for. </li></ul><h3>Update working copy</h3><p>Planned. Simple dialog which shows the files that have changed since the last update and allows the user to show the log.</p>', '', 1164580166, 3),
(6, 9, 2, 'First available code and HD crash', '<p>Who wants to have an early look on ArgonautSVN may check out the current code base in the Subversion repository under <a href="http://svn.berlios.de/svnroot/repos/argonautsvn/trunk">http://svn.berlios.de/svnroot/repos/argonautsvn/trunk</a>. This prototype version of ArgonautSVN features a very simple commit dialog and a first attempt to display status emblems for version-controlled files and folders, but yet without proper refreshes on status changes.</p><p>Please note that this is a prototype to test the used technologies and libraries and is neither considered working software nor a definite implementation. It is only provided for testing purposes and may make your Nautilus run amok. So play with it at your own risk. I welcome feedback, however.</p><p>So far the good news. The bad news is that the hard disk of my computer crashed very seriously. My company provided me with a laptop as a temporary replacement, but it is running Windows XP only and I can&#39;t change that. I don&#39;t believe that I will have a running Linux system for the rest of the year, so there won&#39;t be much development till next year. Anyway, I will keep on defining the requirements for ArgonautSVN and I will definitely design some user interfaces using Glade, so the time won&#39;t be lost. </p>', '<p>Who wants to have an early look on ArgonautSVN may check out the current code base in the Subversion repository under <a href="http://svn.berlios.de/svnroot/repos/argonautsvn/trunk">http://svn.berlios.de/svnroot/repos/argonautsvn/trunk</a>. This prototype version of ArgonautSVN features a very simple commit dialog and a first attempt to display status emblems for version-controlled files and folders, but yet without proper refreshes on status changes.</p><p>Please note that this is a prototype to test the used technologies and libraries and is neither considered working software nor a definite implementation. It is only provided for testing purposes and may make your Nautilus run amok. So play with it at your own risk. I welcome feedback, however.</p>', '', 1164664076, 3),
(5, 10, 2, 'Status', '<p>The following features are planned for ArgonautSVN.</p><h3>Commit changes</h3><p>There will be a powerfull dialog for commiting the changes in a working copy. Following features should be supoorted:</p><ul><li>Enter log message (implemented)<br /></li><li>Choose files to commit (partially implemented)</li><li>Spell checking for log message (planned)</li><li>Option to keep locks (planned)</li><li>Remember previously entered log messages, so you can select them again, e.g. after you aborted the last operation (planned).<br /><strong>Alternative:</strong> Maybe we could always show the last log message entered for the active working copy, if it was not commited. Maybe that would be better for usabillity, since that is it what the remember function is normaly used for. </li></ul><h3>Update working copy</h3><p>Planned. Simple dialog which shows the files that have changed since the last update and allows the user to show the log.</p><p>The file list should be a sortable list similiar to the one in the commit dialog, not just the list of files as it gets delivered by Subversion. </p><h3>Show log messages</h3><p>Planned. Allows the user to show the log messages for a path.</p><h3>Overlay icons showing subversion state of files</h3><p>Partially implemented. However, the icons don&#39;t refresh on state changes of files.  </p><h3>Repository browser</h3><p>The optimum would be to teach Nautilus itself to understand the svn protocol handler. That can maybe be done and we would avoid a separate SVN browser application, which would duplicate the file operations of Nautilus itself.</p><p>&nbsp;</p>', '<p>The following features are planned for ArgonautSVN.</p><h3>Commit changes</h3><p>There will be a powerfull dialog for commiting the changes in a working copy. Following features should be supoorted:</p><ul><li>Enter log message (implemented)<br /></li><li>Choose files to commit (partially implemented)</li><li>Spell checking for log message (planned)</li><li>Option to keep locks (planned)</li><li>Remember previously entered log messages, so you can select them again, e.g. after you aborted the last operation (planned).<br /><strong>Alternative:</strong> Maybe we could always show the last log message entered for the active working copy, if it was not commited. Maybe that would be better for usabillity, since that is it what the remember function is normaly used for. </li></ul><h3>Update working copy</h3><p>Planned. Simple dialog which shows the files that have changed since the last update and allows the user to show the log.</p>', '', 1164666409, 3),
(3, 11, 1, 'About', '<p>The goal of the ArgonautSVN project is to develop a <a href="http://subversion.tigris.org/" title="Subversion version control system">Subversion</a> client GUI implemented as an extension to <a href="http://www.gnome.org/projects/nautilus/" title="Nautilus file manager">Nautilus</a>, the <a href="http://www.gnome.org" title="Gnome desktop environment">Gnome</a> file manager. The project is inspired by <a href="http://tortoisesvn.tigris.org/">TortoiseSVN</a>, the SVN extension for the Windows Explorer. ArgonautSVN is intended to provide a similar powerfull SVN GUI for the Gnome desktop environment.</p><p>However, ArgonautSVN will not be an exact copy of TortoiseSVN. Instead ArgonautSVN should be integrated into the Gnome desktop environment as good as possible. That means that the project should comply to common Gnome standards, such as the <a href="http://developer.gnome.org/projects/gup/hig/">Gnome Human Interface Guidelines</a> (HIG).</p><p>On a technical basis ArgonautSVN will be implemented in <a href="http://www.python.org" title="Python programming language">Python</a>, using <a href="http://www.pygtk.org/">PyGTK</a>. A prototype implementation of ArgonautSVN which will demonstrate all core technologies will be released soon.</p>', '<p>The goal of the ArgonautSVN project is to develop a <a href="http://subversion.tigris.org/" title="Subversion version control system">Subversion</a> client GUI implemented as an extension to <a href="http://www.gnome.org/projects/nautilus/" title="Nautilus file manager">Nautilus</a>, the <a href="http://www.gnome.org" title="Gnome desktop environment">Gnome</a> file manager. The project is inspired by <a href="http://tortoisesvn.tigris.org/">TortoiseSVN</a>, the SVN extension for the Windows Explorer. ArgonautSVN is intended to provide a similar powerfull SVN GUI for the Gnome desktop environment.</p>', '', 1164667780, 3),
(5, 12, 2, 'Status', '<p>The following features are planned for ArgonautSVN.</p><h3>Commit changes</h3><p>There will be a powerful dialog for committing the changes in a working copy. Following features should be supported:</p><ul><li>Enter log message (implemented)<br /></li><li>Choose files to commit (partially implemented)</li><li>Spell checking for log message (planned)</li><li>Option to keep locks (planned)</li><li>Remember previously entered log messages, so you can select them again, e.g. after you aborted the last operation (planned).<br /><strong>Alternative:</strong> Maybe we could always show the last log message entered for the active working copy, if it was not committed. Maybe that would be better for usability, since that is it what the remember function is normally used for. </li></ul><h3>Update working copy</h3><p>Planned. Simple dialog which shows the files that have changed since the last update and allows the user to show the log.</p><p>The file list should be a sortable list similar to the one in the commit dialog, not just the list of files as it gets delivered by Subversion. </p><h3>Show log messages</h3><p>Planned. Allows the user to show the log messages for a path.</p><h3>Overlay icons showing subversion state of files</h3><p>Partially implemented. However, the icons don&#39;t refresh on state changes of files.  </p><h3>Repository browser</h3><p>The optimum would be to teach Nautilus itself to understand the SVN protocol handler. That can maybe be done and we would avoid a separate SVN browser application, which would duplicate the file operations of Nautilus itself.</p><h3>Diff and merge</h3><p>Integration of custom graphical diff tool such as <a href="http://meld.sourceforge.net/">Meld</a>.</p><p>&nbsp;</p>', '<p>The following features are planned for ArgonautSVN.</p><h3>Commit changes</h3><p>There will be a powerful dialog for committing the changes in a working copy. Following features should be supported:</p><ul><li>Enter log message (implemented)<br /></li><li>Choose files to commit (partially implemented)</li><li>Spell checking for log message (planned)</li><li>Option to keep locks (planned)</li><li>Remember previously entered log messages, so you can select them again, e.g. after you aborted the last operation (planned).<br /><strong>Alternative:</strong> Maybe we could always show the last log message entered for the active working copy, if it was not committed. Maybe that would be better for usability, since that is it what the remember function is normally used for. </li></ul><h3>Update working copy</h3><p>Planned. Simple dialog which shows the files that have changed since the last update and allows the user to show the log.</p>', '', 1164668163, 3),
(5, 13, 2, 'Status', '<p>The following features are planned for ArgonautSVN.</p><h3>Commit changes</h3><p>There will be a powerful dialog for committing the changes in a working copy. Following features should be supported:</p><ul><li>Enter log message (implemented)<br /></li><li>Choose files to commit (partially implemented)</li><li>Spell checking for log message (planned)</li><li>Option to keep locks (planned)</li><li>Remember previously entered log messages, so you can select them again, e.g. after you aborted the last operation (planned).<br /><strong>Alternative:</strong> Maybe we could always show the last log message entered for the active working copy, if it was not committed. Maybe that would be better for usability, since that is it what the remember function is normally used for. </li></ul><h3>Update working copy</h3><p>Planned. Simple dialog which shows the files that have changed since the last update and allows the user to show the log.</p><p>The file list should be a sortable list similar to the one in the commit dialog, not just the list of files as it gets delivered by Subversion. </p><h3>Show log messages</h3><p>Planned. Allows the user to show the log messages for a path.</p><h3>Overlay icons showing subversion state of files</h3><p>Partially implemented. However, the icons don&#39;t refresh on state changes of files.  </p><h3>Repository browser</h3><p>The optimum would be to teach Nautilus itself to understand the SVN protocol handler. That can maybe be done and we would avoid a separate SVN browser application, which would duplicate the file operations of Nautilus itself.</p><h3>Diff and merge</h3><p>Integration of custom graphical diff tools such as <a href="http://meld.sourceforge.net/">Meld</a>.</p><p>&nbsp;</p>', '<p>The following features are planned for ArgonautSVN.</p><h3>Commit changes</h3><p>There will be a powerful dialog for committing the changes in a working copy. Following features should be supported:</p><ul><li>Enter log message (implemented)<br /></li><li>Choose files to commit (partially implemented)</li><li>Spell checking for log message (planned)</li><li>Option to keep locks (planned)</li><li>Remember previously entered log messages, so you can select them again, e.g. after you aborted the last operation (planned).<br /><strong>Alternative:</strong> Maybe we could always show the last log message entered for the active working copy, if it was not committed. Maybe that would be better for usability, since that is it what the remember function is normally used for. </li></ul><h3>Update working copy</h3><p>Planned. Simple dialog which shows the files that have changed since the last update and allows the user to show the log.</p>', '', 1164668275, 3),
(5, 14, 2, 'Status', '<p>The following features are planned for ArgonautSVN.</p><h3>Commit changes</h3><p>There will be a powerful dialog for committing the changes in a working copy. Following features should be supported:</p><ul><li>Enter log message (implemented)<br /></li><li>Choose files to commit (partially implemented)</li><li>Spell checking for log message (planned)</li><li>Option to keep locks (planned)</li><li>Remember previously entered log messages, so you can select them again, e.g. after you aborted the last operation (planned).<br /><strong>Alternative:</strong> Maybe we could always show the last log message entered for the active working copy, if it was not committed. Maybe that would be better for usability, since that is it what the remember function is normally used for. </li></ul><h3>Update working copy</h3><p>Planned. Simple dialog which shows the files that have changed since the last update and allows the user to show the log.</p><p>The file list should be a sortable list similar to the one in the commit dialog, not just the list of files as it gets delivered by Subversion. </p><h3>Show log messages</h3><p>Planned. Allows the user to show the log messages for a path.</p><h3>Overlay icons showing subversion state of files</h3><p>Partially implemented. However, the icons don&#39;t refresh on state changes of files.  </p><h3>Repository browser</h3><p>The optimum would be to teach Nautilus itself to understand the SVN protocol handler. That can maybe be done and we would avoid a separate SVN browser application, which would duplicate the file operations of Nautilus itself.</p><h3>Diff and merge</h3><p>Integration of custom graphical diff tools such as <a href="http://meld.sourceforge.net/">Meld</a>.</p><p>&nbsp;</p>', '<p>The following features are planned for ArgonautSVN.</p><h3>Commit changes</h3><p>There will be a powerful dialog for committing the changes in a working copy. Following features should be supported:</p><ul><li>Enter log message (implemented)<br /></li><li>Choose files to commit (partially implemented)</li><li>Spell checking for log message (planned)</li><li>Option to keep locks (planned)</li><li>Remember previously entered log messages, so you can select them again, e.g. after you aborted the last operation (planned).<br /><strong>Alternative:</strong> Maybe we could always show the last log message entered for the active working copy, if it was not committed. Maybe that would be better for usability, since that is it what the remember function is normally used for. </li></ul><h3>Update working copy</h3><p>Planned. Simple dialog which shows the files that have changed since the last update and allows the user to show the log.</p>', '', 1164668463, 3),
(5, 15, 1, 'Status', '<p>The following features are planned for ArgonautSVN.</p><h3>Commit changes</h3><p>There will be a powerful dialog for committing the changes in a working copy. Following features should be supported:</p><ul><li>Enter log message (implemented)<br /></li><li>Choose files to commit (partially implemented)</li><li>Spell checking for log message (planned)</li><li>Option to keep locks (planned)</li><li>Remember previously entered log messages, so you can select them again, e.g. after you aborted the last operation (planned).<br /><strong>Alternative:</strong> Maybe we could always show the last log message entered for the active working copy, if it was not committed. Maybe that would be better for usability, since that is it what the remember function is normally used for. </li></ul><h3>Update working copy</h3><p>Planned. Simple dialog which shows the files that have changed since the last update and allows the user to show the log.</p><p>The file list should be a sortable list similar to the one in the commit dialog, not just the list of files as it gets delivered by Subversion. </p><h3>Show log messages</h3><p>Planned. Allows the user to show the log messages for a path.</p><h3>Overlay icons showing subversion state of files</h3><p>Partially implemented. However, the icons don&#39;t refresh on state changes of files.  </p><h3>Repository browser</h3><p>The optimum would be to teach Nautilus itself to understand the SVN protocol handler. That can maybe be done and we would avoid a separate SVN browser application, which would duplicate the file operations of Nautilus itself.</p><h3>Diff and merge</h3><p>Integration of custom graphical diff tools such as <a href="http://meld.sourceforge.net/">Meld</a>.</p><p>&nbsp;</p>', '<p>The following features are planned for ArgonautSVN.</p><h3>Commit changes</h3><p>There will be a powerful dialog for committing the changes in a working copy. Following features should be supported:</p><ul><li>Enter log message (implemented)<br /></li><li>Choose files to commit (partially implemented)</li><li>Spell checking for log message (planned)</li><li>Option to keep locks (planned)</li><li>Remember previously entered log messages, so you can select them again, e.g. after you aborted the last operation (planned).<br /><strong>Alternative:</strong> Maybe we could always show the last log message entered for the active working copy, if it was not committed. Maybe that would be better for usability, since that is it what the remember function is normally used for. </li></ul><h3>Update working copy</h3><p>Planned. Simple dialog which shows the files that have changed since the last update and allows the user to show the log.</p>', '', 1164668882, 3);

-- --------------------------------------------------------

-- 
-- Tabellenstruktur f端r Tabelle `permission`
-- 

CREATE TABLE `permission` (
  `rid` int(10) unsigned NOT NULL default '0',
  `perm` longtext,
  `tid` int(10) unsigned NOT NULL default '0',
  KEY `rid` (`rid`)
) ENGINE=InnoDB DEFAULT CHARSET=utf8;

-- 
-- Daten f端r Tabelle `permission`
-- 

INSERT INTO `permission` (`rid`, `perm`, `tid`) VALUES 
(1, 'access comments, post comments, access content, search content', 0),
(2, 'access comments, post comments, post comments without approval, access content, search content', 0),
(3, 'edit own blog, access comments, post comments, post comments without approval, access content, view revisions, create url aliases, search content, create stories, edit own stories, access tinymce', 0),
(4, 'administer blocks, edit own blog, access comments, administer comments, post comments, post comments without approval, override node priority, administer menu, access content, administer nodes, revert revisions, view revisions, create pages, edit own pages, administer url aliases, create url aliases, search content, access statistics, view post access counter, create stories, edit own stories, access administration pages, administer taxonomy, access tinymce, administer tinymce', 0);

-- --------------------------------------------------------

-- 
-- Tabellenstruktur f端r Tabelle `poll`
-- 

CREATE TABLE `poll` (
  `nid` int(10) unsigned NOT NULL default '0',
  `runtime` int(10) NOT NULL default '0',
  `active` int(2) unsigned NOT NULL default '0',
  PRIMARY KEY  (`nid`)
) ENGINE=InnoDB DEFAULT CHARSET=utf8;

-- 
-- Daten f端r Tabelle `poll`
-- 


-- --------------------------------------------------------

-- 
-- Tabellenstruktur f端r Tabelle `poll_choices`
-- 

CREATE TABLE `poll_choices` (
  `chid` int(10) unsigned NOT NULL auto_increment,
  `nid` int(10) unsigned NOT NULL default '0',
  `chtext` varchar(128) NOT NULL default '',
  `chvotes` int(6) NOT NULL default '0',
  `chorder` int(2) NOT NULL default '0',
  PRIMARY KEY  (`chid`),
  KEY `nid` (`nid`)
) ENGINE=InnoDB DEFAULT CHARSET=utf8 AUTO_INCREMENT=1 ;

-- 
-- Daten f端r Tabelle `poll_choices`
-- 


-- --------------------------------------------------------

-- 
-- Tabellenstruktur f端r Tabelle `poll_votes`
-- 

CREATE TABLE `poll_votes` (
  `nid` int(10) unsigned NOT NULL default '0',
  `uid` int(10) unsigned NOT NULL default '0',
  `hostname` varchar(128) NOT NULL default '',
  KEY `nid` (`nid`),
  KEY `uid` (`uid`),
  KEY `hostname` (`hostname`)
) ENGINE=InnoDB DEFAULT CHARSET=utf8;

-- 
-- Daten f端r Tabelle `poll_votes`
-- 


-- --------------------------------------------------------

-- 
-- Tabellenstruktur f端r Tabelle `profile_fields`
-- 

CREATE TABLE `profile_fields` (
  `fid` int(10) NOT NULL auto_increment,
  `title` varchar(255) default NULL,
  `name` varchar(128) default NULL,
  `explanation` text,
  `category` varchar(255) default NULL,
  `page` varchar(255) default NULL,
  `type` varchar(128) default NULL,
  `weight` tinyint(1) NOT NULL default '0',
  `required` tinyint(1) NOT NULL default '0',
  `register` tinyint(1) NOT NULL default '0',
  `visibility` tinyint(1) NOT NULL default '0',
  `autocomplete` tinyint(1) NOT NULL default '0',
  `options` text,
  PRIMARY KEY  (`fid`),
  UNIQUE KEY `name` (`name`),
  KEY `category` (`category`)
) ENGINE=InnoDB DEFAULT CHARSET=utf8 AUTO_INCREMENT=1 ;

-- 
-- Daten f端r Tabelle `profile_fields`
-- 


-- --------------------------------------------------------

-- 
-- Tabellenstruktur f端r Tabelle `profile_values`
-- 

CREATE TABLE `profile_values` (
  `fid` int(10) unsigned default '0',
  `uid` int(10) unsigned default '0',
  `value` text,
  KEY `uid` (`uid`),
  KEY `fid` (`fid`)
) ENGINE=InnoDB DEFAULT CHARSET=utf8;

-- 
-- Daten f端r Tabelle `profile_values`
-- 


-- --------------------------------------------------------

-- 
-- Tabellenstruktur f端r Tabelle `role`
-- 

CREATE TABLE `role` (
  `rid` int(10) unsigned NOT NULL auto_increment,
  `name` varchar(32) NOT NULL default '',
  PRIMARY KEY  (`rid`),
  UNIQUE KEY `name` (`name`)
) ENGINE=InnoDB DEFAULT CHARSET=utf8 AUTO_INCREMENT=5 ;

-- 
-- Daten f端r Tabelle `role`
-- 

INSERT INTO `role` (`rid`, `name`) VALUES 
(1, 'anonymous user'),
(2, 'authenticated user'),
(3, 'developer'),
(4, 'website administrator');

-- --------------------------------------------------------

-- 
-- Tabellenstruktur f端r Tabelle `search_dataset`
-- 

CREATE TABLE `search_dataset` (
  `sid` int(10) unsigned NOT NULL default '0',
  `type` varchar(16) default NULL,
  `data` longtext NOT NULL,
  KEY `sid_type` (`sid`,`type`)
) ENGINE=InnoDB DEFAULT CHARSET=utf8;

-- 
-- Daten f端r Tabelle `search_dataset`
-- 

INSERT INTO `search_dataset` (`sid`, `type`, `data`) VALUES 
(6, 'node', ' first available code and hd crash who wants to have an early look on argonautsvn may check out the current code base in the subversion repository under http svnberliosde svnroot repos argonautsvn trunk  this prototype version of argonautsvn features a very simple commit dialog and a first attempt to display status emblems for versioncontrolled files and folders but yet without proper refreshes on status changes please note that this is a prototype to test the used technologies and libraries and is neither considered working software nor a definite implementation it is only provided for testing purposes and may make your nautilus run amok so play with it at your own risk i welcome feedback however so far the good news the bad news is that the hard disk of my computer crashed very seriously my company provided me with a laptop as a temporary replacement but it is running windows xp only and i can t change that i don t believe that i will have a running linux system for the rest of the year so there won t be much development till next year anyway i will keep on defining the requirements for argonautsvn and i will definitely design some user interfaces using glade so the time won t be lost  '),
(3, 'node', ' about the goal of the argonautsvn project is to develop a subversion client gui implemented as an extension to nautilus  the gnome file manager the project is inspired by tortoisesvn  the svn extension for the windows explorer argonautsvn is intended to provide a similar powerfull svn gui for the gnome desktop environment however argonautsvn will not be an exact copy of tortoisesvn instead argonautsvn should be integrated into the gnome desktop environment as good as possible that means that the project should comply to common gnome standards such as the gnome human interface guidelines  hig on a technical basis argonautsvn will be implemented in python  using pygtk  a prototype implementation of argonautsvn which will demonstrate all core technologies will be released soon  '),
(5, 'node', ' status the following features are planned for argonautsvn commit changes there will be a powerful dialog for committing the changes in a working copy following features should be supported enter log message implemented choose files to commit partially implemented spell checking for log message planned option to keep locks planned remember previously entered log messages so you can select them again eg after you aborted the last operation planned  alternative  maybe we could always show the last log message entered for the active working copy if it was not committed maybe that would be better for usability since that is it what the remember function is normally used for update working copy planned simple dialog which shows the files that have changed since the last update and allows the user to show the log the file list should be a sortable list similar to the one in the commit dialog not just the list of files as it gets delivered by subversion show log messages planned allows the user to show the log messages for a path overlay icons showing subversion state of files partially implemented however the icons don t refresh on state changes of files repository browser the optimum would be to teach nautilus itself to understand the svn protocol handler that can maybe be done and we would avoid a separate svn browser application which would duplicate the file operations of nautilus itself diff and merge integration of custom graphical diff tools such as meld   ');

-- --------------------------------------------------------

-- 
-- Tabellenstruktur f端r Tabelle `search_index`
-- 

CREATE TABLE `search_index` (
  `word` varchar(50) NOT NULL default '',
  `sid` int(10) unsigned NOT NULL default '0',
  `type` varchar(16) default NULL,
  `fromsid` int(10) unsigned NOT NULL default '0',
  `fromtype` varchar(16) default NULL,
  `score` float default NULL,
  KEY `sid_type` (`sid`,`type`),
  KEY `from_sid_type` (`fromsid`,`fromtype`),
  KEY `word` (`word`)
) ENGINE=InnoDB DEFAULT CHARSET=utf8;

-- 
-- Daten f端r Tabelle `search_index`
-- 

INSERT INTO `search_index` (`word`, `sid`, `type`, `fromsid`, `fromtype`, `score`) VALUES 
('first', 6, 'node', 0, NULL, 27),
('available', 6, 'node', 0, NULL, 26),
('code', 6, 'node', 0, NULL, 27),
('and', 6, 'node', 0, NULL, 32.965),
('crash', 6, 'node', 0, NULL, 26),
('who', 6, 'node', 0, NULL, 1),
('wants', 6, 'node', 0, NULL, 1),
('have', 6, 'node', 0, NULL, 2),
('early', 6, 'node', 0, NULL, 1),
('look', 6, 'node', 0, NULL, 1),
('argonautsvn', 6, 'node', 0, NULL, 13.965),
('may', 6, 'node', 0, NULL, 2),
('check', 6, 'node', 0, NULL, 1),
('out', 6, 'node', 0, NULL, 1),
('the', 6, 'node', 0, NULL, 9.90729),
('current', 6, 'node', 0, NULL, 1),
('base', 6, 'node', 0, NULL, 1),
('subversion', 6, 'node', 0, NULL, 1),
('repository', 6, 'node', 0, NULL, 1),
('under', 6, 'node', 0, NULL, 1),
('http', 6, 'node', 0, NULL, 11),
('svnberliosde', 6, 'node', 0, NULL, 11),
('svnroot', 6, 'node', 0, NULL, 11),
('repos', 6, 'node', 0, NULL, 11),
('trunk', 6, 'node', 0, NULL, 11),
('this', 6, 'node', 0, NULL, 2),
('prototype', 6, 'node', 0, NULL, 2),
('version', 6, 'node', 0, NULL, 1),
('features', 6, 'node', 0, NULL, 1),
('very', 6, 'node', 0, NULL, 2),
('simple', 6, 'node', 0, NULL, 1),
('commit', 6, 'node', 0, NULL, 1),
('dialog', 6, 'node', 0, NULL, 1),
('attempt', 6, 'node', 0, NULL, 1),
('display', 6, 'node', 0, NULL, 1),
('status', 6, 'node', 0, NULL, 2),
('emblems', 6, 'node', 0, NULL, 1),
('for', 6, 'node', 0, NULL, 3.96498),
('versioncontrolled', 6, 'node', 0, NULL, 1),
('files', 6, 'node', 0, NULL, 1),
('folders', 6, 'node', 0, NULL, 1),
('but', 6, 'node', 0, NULL, 2),
('yet', 6, 'node', 0, NULL, 1),
('without', 6, 'node', 0, NULL, 1),
('proper', 6, 'node', 0, NULL, 1),
('refreshes', 6, 'node', 0, NULL, 1),
('changes', 6, 'node', 0, NULL, 1),
('please', 6, 'node', 0, NULL, 1),
('note', 6, 'node', 0, NULL, 1),
('that', 6, 'node', 0, NULL, 4),
('test', 6, 'node', 0, NULL, 1),
('used', 6, 'node', 0, NULL, 1),
('technologies', 6, 'node', 0, NULL, 1),
('libraries', 6, 'node', 0, NULL, 1),
('neither', 6, 'node', 0, NULL, 1),
('considered', 6, 'node', 0, NULL, 1),
('working', 6, 'node', 0, NULL, 1),
('software', 6, 'node', 0, NULL, 1),
('nor', 6, 'node', 0, NULL, 1),
('definite', 6, 'node', 0, NULL, 1),
('implementation', 6, 'node', 0, NULL, 1),
('only', 6, 'node', 0, NULL, 2),
('provided', 6, 'node', 0, NULL, 2),
('testing', 6, 'node', 0, NULL, 1),
('purposes', 6, 'node', 0, NULL, 1),
('make', 6, 'node', 0, NULL, 1),
('your', 6, 'node', 0, NULL, 2),
('nautilus', 6, 'node', 0, NULL, 1),
('run', 6, 'node', 0, NULL, 1),
('amok', 6, 'node', 0, NULL, 1),
('play', 6, 'node', 0, NULL, 1),
('with', 6, 'node', 0, NULL, 2),
('own', 6, 'node', 0, NULL, 1),
('risk', 6, 'node', 0, NULL, 1),
('welcome', 6, 'node', 0, NULL, 1),
('feedback', 6, 'node', 0, NULL, 1),
('however', 6, 'node', 0, NULL, 1),
('far', 6, 'node', 0, NULL, 1),
('good', 6, 'node', 0, NULL, 1),
('news', 6, 'node', 0, NULL, 2),
('bad', 6, 'node', 0, NULL, 1),
('hard', 6, 'node', 0, NULL, 1),
('disk', 6, 'node', 0, NULL, 1),
('computer', 6, 'node', 0, NULL, 1),
('crashed', 6, 'node', 0, NULL, 1),
('seriously', 6, 'node', 0, NULL, 1),
('company', 6, 'node', 0, NULL, 1),
('laptop', 6, 'node', 0, NULL, 1),
('temporary', 6, 'node', 0, NULL, 1),
('replacement', 6, 'node', 0, NULL, 1),
('running', 6, 'node', 0, NULL, 2),
('windows', 6, 'node', 0, NULL, 1),
('can', 6, 'node', 0, NULL, 1),
('change', 6, 'node', 0, NULL, 1),
('don', 6, 'node', 0, NULL, 1),
('believe', 6, 'node', 0, NULL, 1),
('will', 6, 'node', 0, NULL, 2.94183),
('linux', 6, 'node', 0, NULL, 1),
('system', 6, 'node', 0, NULL, 1),
('rest', 6, 'node', 0, NULL, 1),
('year', 6, 'node', 0, NULL, 1.98087),
('there', 6, 'node', 0, NULL, 1),
('won', 6, 'node', 0, NULL, 1.9347),
('much', 6, 'node', 0, NULL, 0.997306),
('development', 6, 'node', 0, NULL, 0.993146),
('till', 6, 'node', 0, NULL, 0.989021),
('next', 6, 'node', 0, NULL, 0.98493),
('anyway', 6, 'node', 0, NULL, 0.980874),
('keep', 6, 'node', 0, NULL, 0.976851),
('defining', 6, 'node', 0, NULL, 0.972861),
('requirements', 6, 'node', 0, NULL, 0.968904),
('definitely', 6, 'node', 0, NULL, 0.96498),
('design', 6, 'node', 0, NULL, 0.961087),
('some', 6, 'node', 0, NULL, 0.957226),
('user', 6, 'node', 0, NULL, 0.953396),
('interfaces', 6, 'node', 0, NULL, 0.949597),
('using', 6, 'node', 0, NULL, 0.945829),
('glade', 6, 'node', 0, NULL, 0.942091),
('time', 6, 'node', 0, NULL, 0.938382),
('lost', 6, 'node', 0, NULL, 0.934703),
('about', 3, 'node', 0, NULL, 26),
('the', 3, 'node', 0, NULL, 10),
('goal', 3, 'node', 0, NULL, 1),
('argonautsvn', 3, 'node', 0, NULL, 6),
('project', 3, 'node', 0, NULL, 3),
('develop', 3, 'node', 0, NULL, 1),
('subversion', 3, 'node', 0, NULL, 11),
('client', 3, 'node', 0, NULL, 1),
('gui', 3, 'node', 0, NULL, 2),
('implemented', 3, 'node', 0, NULL, 2),
('extension', 3, 'node', 0, NULL, 2),
('nautilus', 3, 'node', 0, NULL, 11),
('gnome', 3, 'node', 0, NULL, 25),
('file', 3, 'node', 0, NULL, 1),
('manager', 3, 'node', 0, NULL, 1),
('inspired', 3, 'node', 0, NULL, 1),
('tortoisesvn', 3, 'node', 0, NULL, 12),
('svn', 3, 'node', 0, NULL, 2),
('for', 3, 'node', 0, NULL, 2),
('windows', 3, 'node', 0, NULL, 1),
('explorer', 3, 'node', 0, NULL, 1),
('intended', 3, 'node', 0, NULL, 1),
('provide', 3, 'node', 0, NULL, 1),
('similar', 3, 'node', 0, NULL, 1),
('powerfull', 3, 'node', 0, NULL, 1),
('desktop', 3, 'node', 0, NULL, 2),
('environment', 3, 'node', 0, NULL, 2),
('however', 3, 'node', 0, NULL, 1),
('will', 3, 'node', 0, NULL, 4),
('not', 3, 'node', 0, NULL, 1),
('exact', 3, 'node', 0, NULL, 1),
('copy', 3, 'node', 0, NULL, 1),
('instead', 3, 'node', 0, NULL, 1),
('should', 3, 'node', 0, NULL, 2),
('integrated', 3, 'node', 0, NULL, 1),
('into', 3, 'node', 0, NULL, 1),
('good', 3, 'node', 0, NULL, 1),
('possible', 3, 'node', 0, NULL, 1),
('that', 3, 'node', 0, NULL, 2),
('means', 3, 'node', 0, NULL, 1),
('comply', 3, 'node', 0, NULL, 1),
('common', 3, 'node', 0, NULL, 1),
('standards', 3, 'node', 0, NULL, 1),
('such', 3, 'node', 0, NULL, 1),
('human', 3, 'node', 0, NULL, 11),
('interface', 3, 'node', 0, NULL, 11),
('guidelines', 3, 'node', 0, NULL, 11),
('hig', 3, 'node', 0, NULL, 1),
('technical', 3, 'node', 0, NULL, 1),
('basis', 3, 'node', 0, NULL, 1),
('python', 3, 'node', 0, NULL, 11),
('using', 3, 'node', 0, NULL, 1),
('pygtk', 3, 'node', 0, NULL, 11),
('prototype', 3, 'node', 0, NULL, 1),
('implementation', 3, 'node', 0, NULL, 1),
('which', 3, 'node', 0, NULL, 1),
('demonstrate', 3, 'node', 0, NULL, 1),
('all', 3, 'node', 0, NULL, 1),
('core', 3, 'node', 0, NULL, 1),
('technologies', 3, 'node', 0, NULL, 1),
('released', 3, 'node', 0, NULL, 1),
('soon', 3, 'node', 0, NULL, 1),
('status', 5, 'node', 0, NULL, 26),
('the', 5, 'node', 0, NULL, 19.9973),
('following', 5, 'node', 0, NULL, 2),
('features', 5, 'node', 0, NULL, 2),
('are', 5, 'node', 0, NULL, 1),
('planned', 5, 'node', 0, NULL, 6),
('for', 5, 'node', 0, NULL, 7),
('argonautsvn', 5, 'node', 0, NULL, 1),
('commit', 5, 'node', 0, NULL, 18),
('changes', 5, 'node', 0, NULL, 18),
('there', 5, 'node', 0, NULL, 1),
('will', 5, 'node', 0, NULL, 1),
('powerful', 5, 'node', 0, NULL, 1),
('dialog', 5, 'node', 0, NULL, 3),
('committing', 5, 'node', 0, NULL, 1),
('working', 5, 'node', 0, NULL, 18),
('copy', 5, 'node', 0, NULL, 18),
('should', 5, 'node', 0, NULL, 2),
('supported', 5, 'node', 0, NULL, 1),
('enter', 5, 'node', 0, NULL, 1),
('log', 5, 'node', 0, NULL, 22),
('message', 5, 'node', 0, NULL, 3),
('implemented', 5, 'node', 0, NULL, 3),
('choose', 5, 'node', 0, NULL, 1),
('files', 5, 'node', 0, NULL, 20),
('partially', 5, 'node', 0, NULL, 2),
('spell', 5, 'node', 0, NULL, 1),
('checking', 5, 'node', 0, NULL, 1),
('option', 5, 'node', 0, NULL, 1),
('keep', 5, 'node', 0, NULL, 1),
('locks', 5, 'node', 0, NULL, 1),
('remember', 5, 'node', 0, NULL, 2),
('previously', 5, 'node', 0, NULL, 1),
('entered', 5, 'node', 0, NULL, 2),
('messages', 5, 'node', 0, NULL, 18),
('you', 5, 'node', 0, NULL, 2),
('can', 5, 'node', 0, NULL, 2),
('select', 5, 'node', 0, NULL, 1),
('them', 5, 'node', 0, NULL, 1),
('again', 5, 'node', 0, NULL, 1),
('after', 5, 'node', 0, NULL, 1),
('aborted', 5, 'node', 0, NULL, 1),
('last', 5, 'node', 0, NULL, 3),
('operation', 5, 'node', 0, NULL, 1),
('alternative', 5, 'node', 0, NULL, 4),
('maybe', 5, 'node', 0, NULL, 3),
('could', 5, 'node', 0, NULL, 1),
('always', 5, 'node', 0, NULL, 1),
('show', 5, 'node', 0, NULL, 19),
('active', 5, 'node', 0, NULL, 1),
('was', 5, 'node', 0, NULL, 1),
('not', 5, 'node', 0, NULL, 2),
('committed', 5, 'node', 0, NULL, 1),
('that', 5, 'node', 0, NULL, 4),
('would', 5, 'node', 0, NULL, 4),
('better', 5, 'node', 0, NULL, 1),
('usability', 5, 'node', 0, NULL, 1),
('since', 5, 'node', 0, NULL, 2),
('what', 5, 'node', 0, NULL, 1),
('function', 5, 'node', 0, NULL, 1),
('normally', 5, 'node', 0, NULL, 1),
('used', 5, 'node', 0, NULL, 1),
('update', 5, 'node', 0, NULL, 17),
('simple', 5, 'node', 0, NULL, 1),
('which', 5, 'node', 0, NULL, 2),
('shows', 5, 'node', 0, NULL, 1),
('have', 5, 'node', 0, NULL, 1),
('changed', 5, 'node', 0, NULL, 1),
('and', 5, 'node', 0, NULL, 17.8243),
('allows', 5, 'node', 0, NULL, 2),
('user', 5, 'node', 0, NULL, 2),
('file', 5, 'node', 0, NULL, 1.99731),
('list', 5, 'node', 0, NULL, 3),
('sortable', 5, 'node', 0, NULL, 1),
('similar', 5, 'node', 0, NULL, 1),
('one', 5, 'node', 0, NULL, 1),
('just', 5, 'node', 0, NULL, 1),
('gets', 5, 'node', 0, NULL, 1),
('delivered', 5, 'node', 0, NULL, 1),
('subversion', 5, 'node', 0, NULL, 17),
('path', 5, 'node', 0, NULL, 1),
('overlay', 5, 'node', 0, NULL, 16),
('icons', 5, 'node', 0, NULL, 17),
('showing', 5, 'node', 0, NULL, 16),
('state', 5, 'node', 0, NULL, 17),
('however', 5, 'node', 0, NULL, 1),
('don', 5, 'node', 0, NULL, 1),
('refresh', 5, 'node', 0, NULL, 1),
('repository', 5, 'node', 0, NULL, 16),
('browser', 5, 'node', 0, NULL, 17),
('optimum', 5, 'node', 0, NULL, 1),
('teach', 5, 'node', 0, NULL, 1),
('nautilus', 5, 'node', 0, NULL, 1.99315),
('itself', 5, 'node', 0, NULL, 1.99315),
('understand', 5, 'node', 0, NULL, 1),
('svn', 5, 'node', 0, NULL, 2),
('protocol', 5, 'node', 0, NULL, 1),
('handler', 5, 'node', 0, NULL, 1),
('done', 5, 'node', 0, NULL, 1),
('avoid', 5, 'node', 0, NULL, 1),
('separate', 5, 'node', 0, NULL, 1),
('application', 5, 'node', 0, NULL, 1),
('duplicate', 5, 'node', 0, NULL, 1),
('operations', 5, 'node', 0, NULL, 0.997306),
('diff', 5, 'node', 0, NULL, 16.8632),
('merge', 5, 'node', 0, NULL, 15.8243),
('integration', 5, 'node', 0, NULL, 0.98493),
('custom', 5, 'node', 0, NULL, 0.980874),
('graphical', 5, 'node', 0, NULL, 0.976851),
('tools', 5, 'node', 0, NULL, 0.972861),
('such', 5, 'node', 0, NULL, 0.968904),
('meld', 5, 'node', 0, NULL, 10.6148);

-- --------------------------------------------------------

-- 
-- Tabellenstruktur f端r Tabelle `search_total`
-- 

CREATE TABLE `search_total` (
  `word` varchar(50) NOT NULL default '',
  `count` float default NULL,
  PRIMARY KEY  (`word`)
) ENGINE=InnoDB DEFAULT CHARSET=utf8;

-- 
-- Daten f端r Tabelle `search_total`
-- 

INSERT INTO `search_total` (`word`, `count`) VALUES 
('aborted', 0.30103),
('about', 0.0163904),
('active', 0.30103),
('after', 0.30103),
('again', 0.30103),
('all', 0.30103),
('allows', 0.176091),
('alternative', 0.09691),
('always', 0.30103),
('amok', 0.30103),
('and', 0.00846781),
('anyway', 0.30103),
('application', 0.30103),
('are', 0.30103),
('argonautsvn', 0.0202364),
('attempt', 0.30103),
('available', 0.0163904),
('avoid', 0.30103),
('bad', 0.30103),
('base', 0.30103),
('basis', 0.30103),
('believe', 0.30103),
('better', 0.30103),
('browser', 0.0248236),
('but', 0.176091),
('can', 0.124939),
('change', 0.30103),
('changed', 0.30103),
('changes', 0.0222764),
('check', 0.30103),
('checking', 0.30103),
('choose', 0.30103),
('client', 0.30103),
('code', 0.0157943),
('commit', 0.0222764),
('committed', 0.30103),
('committing', 0.30103),
('common', 0.30103),
('company', 0.30103),
('comply', 0.30103),
('computer', 0.30103),
('considered', 0.30103),
('copy', 0.0222764),
('core', 0.30103),
('could', 0.30103),
('crash', 0.0163904),
('crashed', 0.30103),
('current', 0.30103),
('custom', 0.30103),
('defining', 0.30103),
('definite', 0.30103),
('definitely', 0.30103),
('delivered', 0.30103),
('demonstrate', 0.30103),
('design', 0.30103),
('desktop', 0.176091),
('develop', 0.30103),
('development', 0.30103),
('dialog', 0.09691),
('diff', 0.0250193),
('disk', 0.30103),
('display', 0.30103),
('don', 0.176091),
('done', 0.30103),
('duplicate', 0.30103),
('early', 0.30103),
('emblems', 0.30103),
('enter', 0.30103),
('entered', 0.176091),
('environment', 0.176091),
('exact', 0.30103),
('explorer', 0.30103),
('extension', 0.176091),
('far', 0.30103),
('features', 0.124939),
('feedback', 0.30103),
('file', 0.125036),
('files', 0.0202034),
('first', 0.0157943),
('folders', 0.30103),
('following', 0.176091),
('for', 0.0322685),
('function', 0.30103),
('gets', 0.30103),
('glade', 0.30103),
('gnome', 0.0170333),
('goal', 0.30103),
('good', 0.176091),
('graphical', 0.30103),
('gui', 0.176091),
('guidelines', 0.0377886),
('handler', 0.30103),
('hard', 0.30103),
('have', 0.124939),
('hig', 0.30103),
('however', 0.124939),
('http', 0.0377886),
('human', 0.0377886),
('icons', 0.0248236),
('implementation', 0.176091),
('implemented', 0.0791812),
('inspired', 0.30103),
('instead', 0.30103),
('integrated', 0.30103),
('integration', 0.30103),
('intended', 0.30103),
('interface', 0.0377886),
('interfaces', 0.30103),
('into', 0.30103),
('itself', 0.176589),
('just', 0.30103),
('keep', 0.177783),
('laptop', 0.30103),
('last', 0.124939),
('libraries', 0.30103),
('linux', 0.30103),
('list', 0.124939),
('locks', 0.30103),
('log', 0.0193052),
('look', 0.30103),
('lost', 0.30103),
('make', 0.30103),
('manager', 0.30103),
('may', 0.176091),
('maybe', 0.124939),
('means', 0.30103),
('meld', 0.0391),
('merge', 0.0266124),
('message', 0.124939),
('messages', 0.0234811),
('much', 0.30103),
('nautilus', 0.0299774),
('neither', 0.30103),
('news', 0.176091),
('next', 0.30103),
('nor', 0.30103),
('normally', 0.30103),
('not', 0.124939),
('note', 0.30103),
('one', 0.30103),
('only', 0.176091),
('operation', 0.30103),
('operations', 0.30103),
('optimum', 0.30103),
('option', 0.30103),
('out', 0.30103),
('overlay', 0.0263289),
('own', 0.30103),
('partially', 0.176091),
('path', 0.30103),
('planned', 0.0669468),
('play', 0.30103),
('please', 0.30103),
('possible', 0.30103),
('powerful', 0.30103),
('powerfull', 0.30103),
('previously', 0.30103),
('project', 0.124939),
('proper', 0.30103),
('protocol', 0.30103),
('prototype', 0.124939),
('provide', 0.30103),
('provided', 0.176091),
('purposes', 0.30103),
('pygtk', 0.0377886),
('python', 0.0377886),
('refresh', 0.30103),
('refreshes', 0.30103),
('released', 0.30103),
('remember', 0.176091),
('replacement', 0.30103),
('repos', 0.0377886),
('repository', 0.0248236),
('requirements', 0.30103),
('rest', 0.30103),
('risk', 0.30103),
('run', 0.30103),
('running', 0.176091),
('select', 0.30103),
('separate', 0.30103),
('seriously', 0.30103),
('should', 0.09691),
('show', 0.0222764),
('showing', 0.0263289),
('shows', 0.30103),
('similar', 0.176091),
('simple', 0.176091),
('since', 0.176091),
('software', 0.30103),
('some', 0.30103),
('soon', 0.30103),
('sortable', 0.30103),
('spell', 0.30103),
('standards', 0.30103),
('state', 0.0248236),
('status', 0.01524),
('subversion', 0.0147233),
('such', 0.178372),
('supported', 0.30103),
('svn', 0.09691),
('svnberliosde', 0.0377886),
('svnroot', 0.0377886),
('system', 0.30103),
('teach', 0.30103),
('technical', 0.30103),
('technologies', 0.176091),
('temporary', 0.30103),
('test', 0.30103),
('testing', 0.30103),
('that', 0.0413927),
('the', 0.0107492),
('them', 0.30103),
('there', 0.176091),
('this', 0.176091),
('till', 0.30103),
('time', 0.30103),
('tools', 0.30103),
('tortoisesvn', 0.0347621),
('trunk', 0.0377886),
('under', 0.30103),
('understand', 0.30103),
('update', 0.0248236),
('usability', 0.30103),
('used', 0.176091),
('user', 0.126649),
('using', 0.180103),
('version', 0.30103),
('versioncontrolled', 0.30103),
('very', 0.176091),
('wants', 0.30103),
('was', 0.30103),
('welcome', 0.30103),
('what', 0.30103),
('which', 0.124939),
('who', 0.30103),
('will', 0.0515058),
('windows', 0.176091),
('with', 0.176091),
('without', 0.30103),
('won', 0.18095),
('working', 0.0222764),
('would', 0.09691),
('year', 0.177487),
('yet', 0.30103),
('you', 0.176091),
('your', 0.176091);

-- --------------------------------------------------------

-- 
-- Tabellenstruktur f端r Tabelle `sequences`
-- 

CREATE TABLE `sequences` (
  `name` varchar(255) NOT NULL default '',
  `id` int(10) unsigned NOT NULL default '0',
  PRIMARY KEY  (`name`)
) ENGINE=InnoDB DEFAULT CHARSET=utf8;

-- 
-- Daten f端r Tabelle `sequences`
-- 

INSERT INTO `sequences` (`name`, `id`) VALUES 
('comments_cid', 1),
('menu_mid', 44),
('node_nid', 6),
('node_revisions_vid', 15),
('users_uid', 2);

-- --------------------------------------------------------

-- 
-- Tabellenstruktur f端r Tabelle `sessions`
-- 

CREATE TABLE `sessions` (
  `uid` int(10) unsigned NOT NULL default '0',
  `sid` varchar(32) NOT NULL default '',
  `hostname` varchar(128) NOT NULL default '',
  `timestamp` int(11) NOT NULL default '0',
  `cache` int(11) NOT NULL default '0',
  `session` longtext,
  PRIMARY KEY  (`sid`),
  KEY `uid` (`uid`),
  KEY `timestamp` (`timestamp`)
) ENGINE=InnoDB DEFAULT CHARSET=utf8;

-- 
-- Daten f端r Tabelle `sessions`
-- 

INSERT INTO `sessions` (`uid`, `sid`, `hostname`, `timestamp`, `cache`, `session`) VALUES 
(0, '9a6742a4adec6e27830394cf7ae97d04', '62.214.254.208', 1166030677, 0, ''),
(0, 'bea7b7a5026141c1a78eb05132124061', '195.37.79.50', 1165568010, 0, ''),
(0, 'e4ef11794ab59ebaee504fb068d22488', '87.160.166.39', 1165147569, 0, ''),
(2, 'ecf775d697f61f105baf9a40dadf0b2d', '62.214.248.182', 1166204779, 0, '');

-- --------------------------------------------------------

-- 
-- Tabellenstruktur f端r Tabelle `system`
-- 

CREATE TABLE `system` (
  `filename` varchar(255) NOT NULL default '',
  `name` varchar(255) NOT NULL default '',
  `type` varchar(255) NOT NULL default '',
  `description` varchar(255) NOT NULL default '',
  `status` int(2) NOT NULL default '0',
  `throttle` tinyint(1) NOT NULL default '0',
  `bootstrap` int(2) NOT NULL default '0',
  `schema_version` smallint(3) NOT NULL default '-1',
  `weight` int(2) NOT NULL default '0',
  PRIMARY KEY  (`filename`),
  KEY `weight` (`weight`)
) ENGINE=InnoDB DEFAULT CHARSET=utf8;

-- 
-- Daten f端r Tabelle `system`
-- 

INSERT INTO `system` (`filename`, `name`, `type`, `description`, `status`, `throttle`, `bootstrap`, `schema_version`, `weight`) VALUES 
('modules/aggregator.module', 'aggregator', 'module', 'Aggregates syndicated content (RSS, RDF, and Atom feeds).', 0, 0, 0, -1, 0),
('modules/archive.module', 'archive', 'module', 'Displays a calendar for navigating older content.', 0, 0, 0, -1, 0),
('modules/block.module', 'block', 'module', 'Controls the boxes that are displayed around the main content.', 1, 0, 0, 0, 0),
('modules/blog.module', 'blog', 'module', 'Enables keeping an easily and regularly updated web page or a blog.', 1, 0, 0, 0, 0),
('modules/blogapi.module', 'blogapi', 'module', 'Allows users to post content using applications that support XML-RPC blog APIs.', 1, 0, 0, 0, 0),
('modules/book.module', 'book', 'module', 'Allows users to collaboratively author a book.', 0, 0, 0, -1, 0),
('modules/comment.module', 'comment', 'module', 'Allows users to comment on and discuss published content.', 1, 0, 0, 0, 0),
('modules/contact.module', 'contact', 'module', 'Enables the use of both personal and site-wide contact forms.', 0, 0, 0, -1, 0),
('modules/drupal.module', 'drupal', 'module', 'Lets you register your site with a central server and improve ranking of Drupal projects by posting information on your installed modules and themes; also enables users to log in using a Drupal ID.', 0, 0, 0, -1, 0),
('modules/filter.module', 'filter', 'module', 'Handles the filtering of content in preparation for display.', 1, 0, 0, 0, 0),
('modules/forum.module', 'forum', 'module', 'Enables threaded discussions about general topics.', 0, 0, 0, -1, 0),
('modules/help.module', 'help', 'module', 'Manages the display of online help.', 1, 0, 0, 0, 0),
('modules/legacy.module', 'legacy', 'module', 'Provides legacy handlers for upgrades from older Drupal installations.', 0, 0, 0, -1, 0),
('modules/locale.module', 'locale', 'module', 'Enables the translation of the user interface to languages other than English.', 0, 0, 0, -1, 0),
('modules/menu.module', 'menu', 'module', 'Allows administrators to customize the site navigation menu.', 1, 0, 0, 0, 0),
('modules/node.module', 'node', 'module', 'Allows content to be submitted to the site and displayed on pages.', 1, 0, 0, 0, 0),
('modules/page.module', 'page', 'module', 'Enables the creation of pages that can be added to the navigation system.', 1, 0, 0, 0, 0),
('modules/path.module', 'path', 'module', 'Allows users to rename URLs.', 1, 0, 0, 0, 0),
('modules/ping.module', 'ping', 'module', 'Alerts other sites when your site has been updated.', 0, 0, 0, -1, 0),
('modules/poll.module', 'poll', 'module', 'Allows your site to capture votes on different topics in the form of multiple choice questions.', 0, 0, 0, -1, 0),
('modules/profile.module', 'profile', 'module', 'Supports configurable user profiles.', 0, 0, 0, -1, 0),
('modules/search.module', 'search', 'module', 'Enables site-wide keyword searching.', 1, 0, 0, 0, 0),
('modules/statistics.module', 'statistics', 'module', 'Logs access statistics for your site.', 1, 0, 1, 0, 0),
('modules/story.module', 'story', 'module', 'Allows users to submit stories, articles or similar content.', 1, 0, 0, 0, 0),
('modules/system.module', 'system', 'module', 'Handles general site configuration for administrators.', 1, 0, 0, 182, 0),
('modules/taxonomy.module', 'taxonomy', 'module', 'Enables the categorization of content.', 1, 0, 0, 0, 0),
('modules/throttle.module', 'throttle', 'module', 'Handles the auto-throttling mechanism, to control site congestion.', 0, 0, 1, -1, 0),
('modules/tinymce/tinymce.module', 'tinymce', 'module', 'The TinyMCE Javascript HTML WYSIWYG editor.', 1, 0, 0, 1, 0),
('modules/tracker.module', 'tracker', 'module', 'Enables tracking of recent posts for users.', 0, 0, 0, -1, 0),
('modules/upload.module', 'upload', 'module', 'Allows users to upload and attach files to content.', 0, 0, 0, -1, 0),
('modules/user.module', 'user', 'module', 'Manages the user registration and login system.', 1, 0, 0, 0, 0),
('modules/watchdog.module', 'watchdog', 'module', 'Logs and records system events.', 1, 0, 0, 0, 0),
('sites/argonautsvn.berlios.de/modules/gsitemap/gsitemap.module', 'gsitemap', 'module', 'Creates a Google Sitemap at q=gsitemap', 1, 0, 0, 1, 0),
('themes/bluemarine/page.tpl.php', 'bluemarine', 'theme', 'themes/engines/phptemplate/phptemplate.engine', 0, 0, 0, -1, 0),
('themes/chameleon/chameleon.theme', 'chameleon', 'theme', 'themes/chameleon/chameleon.theme', 1, 0, 0, -1, 0),
('themes/chameleon/marvin/style.css', 'marvin', 'theme', 'themes/chameleon/chameleon.theme', 0, 0, 0, -1, 0),
('themes/engines/phptemplate/phptemplate.engine', 'phptemplate', 'theme_engine', '', 1, 0, 0, -1, 0),
('themes/pushbutton/page.tpl.php', 'pushbutton', 'theme', 'themes/engines/phptemplate/phptemplate.engine', 0, 0, 0, -1, 0);

-- --------------------------------------------------------

-- 
-- Tabellenstruktur f端r Tabelle `term_data`
-- 

CREATE TABLE `term_data` (
  `tid` int(10) unsigned NOT NULL auto_increment,
  `vid` int(10) unsigned NOT NULL default '0',
  `name` varchar(255) NOT NULL default '',
  `description` longtext,
  `weight` tinyint(4) NOT NULL default '0',
  PRIMARY KEY  (`tid`),
  KEY `vid` (`vid`)
) ENGINE=InnoDB DEFAULT CHARSET=utf8 AUTO_INCREMENT=1 ;

-- 
-- Daten f端r Tabelle `term_data`
-- 


-- --------------------------------------------------------

-- 
-- Tabellenstruktur f端r Tabelle `term_hierarchy`
-- 

CREATE TABLE `term_hierarchy` (
  `tid` int(10) unsigned NOT NULL default '0',
  `parent` int(10) unsigned NOT NULL default '0',
  PRIMARY KEY  (`tid`,`parent`),
  KEY `tid` (`tid`),
  KEY `parent` (`parent`)
) ENGINE=InnoDB DEFAULT CHARSET=utf8;

-- 
-- Daten f端r Tabelle `term_hierarchy`
-- 


-- --------------------------------------------------------

-- 
-- Tabellenstruktur f端r Tabelle `term_node`
-- 

CREATE TABLE `term_node` (
  `nid` int(10) unsigned NOT NULL default '0',
  `tid` int(10) unsigned NOT NULL default '0',
  PRIMARY KEY  (`tid`,`nid`),
  KEY `nid` (`nid`),
  KEY `tid` (`tid`)
) ENGINE=InnoDB DEFAULT CHARSET=utf8;

-- 
-- Daten f端r Tabelle `term_node`
-- 


-- --------------------------------------------------------

-- 
-- Tabellenstruktur f端r Tabelle `term_relation`
-- 

CREATE TABLE `term_relation` (
  `tid1` int(10) unsigned NOT NULL default '0',
  `tid2` int(10) unsigned NOT NULL default '0',
  KEY `tid1` (`tid1`),
  KEY `tid2` (`tid2`)
) ENGINE=InnoDB DEFAULT CHARSET=utf8;

-- 
-- Daten f端r Tabelle `term_relation`
-- 


-- --------------------------------------------------------

-- 
-- Tabellenstruktur f端r Tabelle `term_synonym`
-- 

CREATE TABLE `term_synonym` (
  `tid` int(10) unsigned NOT NULL default '0',
  `name` varchar(255) NOT NULL default '',
  KEY `tid` (`tid`),
  KEY `name` (`name`(3))
) ENGINE=InnoDB DEFAULT CHARSET=utf8;

-- 
-- Daten f端r Tabelle `term_synonym`
-- 


-- --------------------------------------------------------

-- 
-- Tabellenstruktur f端r Tabelle `tinymce_role`
-- 

CREATE TABLE `tinymce_role` (
  `name` varchar(128) NOT NULL default '',
  `rid` tinyint(3) unsigned NOT NULL default '0',
  PRIMARY KEY  (`name`,`rid`)
) ENGINE=InnoDB DEFAULT CHARSET=utf8;

-- 
-- Daten f端r Tabelle `tinymce_role`
-- 

INSERT INTO `tinymce_role` (`name`, `rid`) VALUES 
('Default', 3),
('Default', 4);

-- --------------------------------------------------------

-- 
-- Tabellenstruktur f端r Tabelle `tinymce_settings`
-- 

CREATE TABLE `tinymce_settings` (
  `name` varchar(128) NOT NULL default '',
  `settings` text NOT NULL,
  PRIMARY KEY  (`name`)
) ENGINE=InnoDB DEFAULT CHARSET=utf8;

-- 
-- Daten f端r Tabelle `tinymce_settings`
-- 

INSERT INTO `tinymce_settings` (`name`, `settings`) VALUES 
('Default', 'a:25:{s:8:"old_name";s:7:"Default";s:4:"name";s:7:"Default";s:4:"rids";a:2:{i:3;s:1:"3";i:4;s:1:"4";}s:7:"default";s:4:"true";s:11:"user_choose";s:4:"true";s:11:"show_toggle";s:4:"true";s:5:"theme";s:8:"advanced";s:8:"language";s:2:"en";s:14:"safari_message";s:4:"true";s:6:"access";s:1:"1";s:12:"access_pages";s:25:"node/*\r\nuser/*\r\ncomment/*";s:7:"buttons";a:24:{s:12:"default-bold";s:1:"1";s:14:"default-italic";s:1:"1";s:17:"default-underline";s:1:"1";s:21:"default-strikethrough";s:1:"1";s:19:"default-justifyleft";s:1:"1";s:21:"default-justifycenter";s:1:"1";s:20:"default-justifyright";s:1:"1";s:15:"default-bullist";s:1:"1";s:15:"default-numlist";s:1:"1";s:12:"default-undo";s:1:"1";s:12:"default-redo";s:1:"1";s:12:"default-link";s:1:"1";s:14:"default-unlink";s:1:"1";s:15:"default-cleanup";s:1:"1";s:11:"default-sup";s:1:"1";s:11:"default-sub";s:1:"1";s:10:"default-hr";s:1:"1";s:20:"default-removeformat";s:1:"1";s:15:"default-charmap";s:1:"1";s:12:"default-help";s:1:"1";s:17:"font-formatselect";s:1:"1";s:21:"fullscreen-fullscreen";s:1:"1";s:20:"searchreplace-search";s:1:"1";s:21:"searchreplace-replace";s:1:"1";}s:11:"toolbar_loc";s:6:"bottom";s:13:"toolbar_align";s:4:"left";s:8:"path_loc";s:6:"bottom";s:8:"resizing";s:4:"true";s:13:"block_formats";s:31:"p,address,pre,h1,h2,h3,h4,h5,h6";s:11:"verify_html";s:4:"true";s:12:"preformatted";s:5:"false";s:23:"convert_fonts_to_styles";s:4:"true";s:11:"css_setting";s:4:"none";s:8:"css_path";s:0:"";s:11:"css_classes";s:0:"";s:10:"form_token";s:32:"2b91e718ae3964428a8589c26aa3a49e";s:7:"form_id";s:20:"tinymce_profile_form";}');

-- --------------------------------------------------------

-- 
-- Tabellenstruktur f端r Tabelle `url_alias`
-- 

CREATE TABLE `url_alias` (
  `pid` int(10) unsigned NOT NULL auto_increment,
  `src` varchar(128) NOT NULL default '',
  `dst` varchar(128) NOT NULL default '',
  PRIMARY KEY  (`pid`),
  UNIQUE KEY `dst` (`dst`),
  KEY `src` (`src`)
) ENGINE=InnoDB DEFAULT CHARSET=utf8 AUTO_INCREMENT=10 ;

-- 
-- Daten f端r Tabelle `url_alias`
-- 

INSERT INTO `url_alias` (`pid`, `src`, `dst`) VALUES 
(1, 'blog/2', 'blog/phw'),
(4, 'node/3', 'about'),
(7, 'node/5', 'planned-features'),
(8, 'sitemap.xml', 'gsitemap'),
(9, 'gsitemap', 'sitemap.xml');

-- --------------------------------------------------------

-- 
-- Tabellenstruktur f端r Tabelle `users`
-- 

CREATE TABLE `users` (
  `uid` int(10) unsigned NOT NULL default '0',
  `name` varchar(60) NOT NULL default '',
  `pass` varchar(32) NOT NULL default '',
  `mail` varchar(64) default '',
  `mode` tinyint(1) NOT NULL default '0',
  `sort` tinyint(1) default '0',
  `threshold` tinyint(1) default '0',
  `theme` varchar(255) NOT NULL default '',
  `signature` varchar(255) NOT NULL default '',
  `created` int(11) NOT NULL default '0',
  `access` int(11) NOT NULL default '0',
  `login` int(11) NOT NULL default '0',
  `status` tinyint(4) NOT NULL default '0',
  `timezone` varchar(8) default NULL,
  `language` varchar(12) NOT NULL default '',
  `picture` varchar(255) NOT NULL default '',
  `init` varchar(64) default '',
  `data` longtext,
  PRIMARY KEY  (`uid`),
  UNIQUE KEY `name` (`name`),
  KEY `access` (`access`)
) ENGINE=InnoDB DEFAULT CHARSET=utf8;

-- 
-- Daten f端r Tabelle `users`
-- 

INSERT INTO `users` (`uid`, `name`, `pass`, `mail`, `mode`, `sort`, `threshold`, `theme`, `signature`, `created`, `access`, `login`, `status`, `timezone`, `language`, `picture`, `init`, `data`) VALUES 
(0, '', '', '', 0, 0, 0, '', '', 0, 0, 0, 0, NULL, '', '', '', NULL),
(1, 'admin', 'e299eec457e2e8ef7afad3fcfde81113', 'ph.wolfer@web.de', 0, 0, 0, '', '', 1164471808, 1166204710, 1166202790, 1, '3600', '', '', 'phw@users.berlios.de', 'a:4:{s:6:"submit";s:18:"Create new account";s:7:"form_id";s:13:"user_register";s:10:"form_token";s:32:"29443b1523d00cf0b533fd4c604cfbdd";s:14:"tinymce_status";s:4:"true";}'),
(2, 'phw', 'e299eec457e2e8ef7afad3fcfde81113', 'phw@users.berlios.de', 0, 0, 0, '', '', 1164578175, 1166204779, 1166204777, 1, '3600', '', '', 'phw@users.berlios.de', 'a:4:{s:6:"notify";i:0;s:6:"submit";s:18:"Create new account";s:10:"form_token";s:32:"29443b1523d00cf0b533fd4c604cfbdd";s:7:"form_id";s:13:"user_register";}');

-- --------------------------------------------------------

-- 
-- Tabellenstruktur f端r Tabelle `users_roles`
-- 

CREATE TABLE `users_roles` (
  `uid` int(10) unsigned NOT NULL default '0',
  `rid` int(10) unsigned NOT NULL default '0',
  PRIMARY KEY  (`uid`,`rid`)
) ENGINE=InnoDB DEFAULT CHARSET=utf8;

-- 
-- Daten f端r Tabelle `users_roles`
-- 

INSERT INTO `users_roles` (`uid`, `rid`) VALUES 
(1, 3),
(1, 4),
(2, 3),
(2, 4);

-- --------------------------------------------------------

-- 
-- Tabellenstruktur f端r Tabelle `variable`
-- 

CREATE TABLE `variable` (
  `name` varchar(48) NOT NULL default '',
  `value` longtext NOT NULL,
  PRIMARY KEY  (`name`)
) ENGINE=InnoDB DEFAULT CHARSET=utf8;

-- 
-- Daten f端r Tabelle `variable`
-- 

INSERT INTO `variable` (`name`, `value`) VALUES 
('anonymous', 's:9:"Anonymous";'),
('array_filter', 'b:1;'),
('cache', 's:1:"1";'),
('cache_lifetime', 's:1:"0";'),
('clean_url', 's:1:"1";'),
('comment_anonymous', 's:1:"1";'),
('comment_controls', 's:1:"3";'),
('comment_default_mode', 's:1:"4";'),
('comment_default_order', 's:1:"1";'),
('comment_default_per_page', 's:2:"50";'),
('comment_form_location', 's:1:"1";'),
('comment_page', 's:1:"0";'),
('comment_preview', 's:1:"1";'),
('comment_subject_field', 's:1:"1";'),
('configurable_timezones', 's:1:"1";'),
('cron_busy', 'b:0;'),
('cron_last', 'i:1166194551;'),
('date_default_timezone', 's:4:"3600";'),
('date_first_day', 's:1:"1";'),
('date_format_long', 's:15:"l, F j, Y - H:i";'),
('date_format_medium', 's:12:"D, Y-m-d H:i";'),
('date_format_short', 's:9:"Y-m-d H:i";'),
('default_nodes_main', 's:2:"10";'),
('drupal_private_key', 'i:423171501;'),
('error_level', 's:1:"0";'),
('feed_default_items', 's:2:"10";'),
('feed_item_length', 's:6:"teaser";'),
('file_directory_path', 's:5:"files";'),
('file_directory_temp', 's:4:"/tmp";'),
('file_downloads', 's:1:"1";'),
('filter_html_1', 'i:1;'),
('form_token', 's:32:"0d504ff141178afd18d9a889fe684562";'),
('gsitemap_blogwt', 's:3:"0.1";'),
('gsitemap_commentwt', 's:3:"0.5";'),
('gsitemap_countcom', 'i:1;'),
('gsitemap_cron_submit', 'i:0;'),
('gsitemap_frontpage', 's:3:"1.0";'),
('gsitemap_logacc', 'i:1;'),
('gsitemap_pagewt', 's:3:"0.1";'),
('gsitemap_promotewt', 's:3:"0.3";'),
('gsitemap_showterms', 'i:0;'),
('gsitemap_storywt', 's:3:"0.1";'),
('gsitemap_submit', 'i:0;'),
('gsitemap_verify', 's:27:"google3bed9fc1cccb774e.html";'),
('menu_parent_items', 's:1:"2";'),
('menu_primary_menu', 's:1:"2";'),
('menu_secondary_menu', 's:1:"2";'),
('minimum_page_size', 's:1:"0";'),
('minimum_word_size', 's:1:"3";'),
('node_cron_comments_scale', 'd:1;'),
('node_cron_last', 's:10:"1164668882";'),
('node_cron_last_nid', 's:1:"5";'),
('node_cron_views_scale', 'd:0.0588235294117647100620160927064716815948486328125;'),
('node_options_forum', 'a:1:{i:0;s:6:"status";}'),
('node_options_page', 'a:2:{i:0;s:6:"status";i:1;s:8:"revision";}'),
('node_preview', 's:1:"1";'),
('node_rank_comments', 's:1:"5";'),
('node_rank_recent', 's:1:"5";'),
('node_rank_relevance', 's:1:"5";'),
('overlap_cjk', 'i:1;'),
('page_help', 's:0:"";'),
('search_cron_limit', 's:3:"100";'),
('site_403', 's:0:"";'),
('site_404', 's:0:"";'),
('site_footer', 's:0:"";'),
('site_frontpage', 's:4:"node";'),
('site_mail', 's:20:"phw@users.berlios.de";'),
('site_mission', 's:138:"The goal of the ArgonautSVN project is to develop a Subversion client GUI implemented as an extension to Nautilus, the Gnome file manager.";'),
('site_name', 's:11:"ArgonautSVN";'),
('site_offline', 's:1:"0";'),
('site_offline_message', 's:108:"The ArgonautSVN site is currently under maintenance. We should be back shortly. Thank you for your patience.";'),
('site_slogan', 's:31:"A Nautilus Subversion extension";'),
('statistics_count_content_views', 's:1:"1";'),
('statistics_day_timestamp', 'i:1166194551;'),
('statistics_enable_access_log', 's:1:"1";'),
('statistics_flush_accesslog_timer', 's:7:"2419200";'),
('teaser_length', 's:3:"600";'),
('theme_chameleon_settings', 'a:11:{s:11:"toggle_logo";i:0;s:11:"toggle_name";i:1;s:13:"toggle_slogan";i:1;s:14:"toggle_favicon";i:1;s:12:"default_logo";i:1;s:9:"logo_path";s:0:"";s:11:"logo_upload";N;s:15:"default_favicon";i:1;s:12:"favicon_path";s:0:"";s:14:"favicon_upload";N;s:10:"form_token";s:32:"64000d667a01323b08cc556128206273";}'),
('theme_default', 's:9:"chameleon";'),
('type', 's:4:"page";'),
('update_access_fixed', 'b:1;'),
('user_mail_admin_body', 's:713:"%username,\r\n\r\nA site administrator at %site has created an account for you. You may now log in to %login_uri using the following username and password:\r\n\r\nusername: %username\r\npassword: %password\r\n\r\nYou may also log in by clicking on this link or copying and pasting it in your browser:\r\n\r\n%login_url\r\n\r\nThis is a one-time login, so it can be used only once.\r\n\r\nAfter logging in, you will be redirected to %edit_uri so you can change your password.\r\n\r\nYour new %site membership also enables to you to login to other Drupal powered websites (e.g. http://www.drupal.org/) without registering. Just use the following Drupal ID and password:\r\n\r\nDrupal ID: %username@%uri_brief\r\npassword: %password\r\n\r\n\r\n--  %site team";'),
('user_mail_admin_subject', 's:52:"An administrator created an account for you at %site";'),
('user_mail_approval_body', 's:751:"%username,\r\n\r\nThank you for registering at %site. Your application for an account is currently pending approval. Once it has been granted, you may log in to %login_uri using the following username and password:\r\n\r\nusername: %username\r\npassword: %password\r\n\r\nYou may also log in by clicking on this link or copying and pasting it in your browser:\r\n\r\n%login_url\r\n\r\nThis is a one-time login, so it can be used only once.\r\n\r\nAfter logging in, you may wish to change your password at %edit_uri\r\n\r\nYour new %site membership also enables to you to login to other Drupal powered websites (e.g. http://www.drop.org/) without registering. Just use the following Drupal ID and password:\r\n\r\nDrupal ID: %username@%uri_brief\r\npassword: %password\r\n\r\n\r\n--  %site team";'),
('user_mail_approval_subject', 's:63:"Account details for %username at %site (pending admin approval)";'),
('user_mail_pass_body', 's:416:"%username,\r\n\r\nA request to reset the password for your account has been made at %site.\r\n\r\nYou may now log in to %uri_brief clicking on this link or copying and pasting it in your browser:\r\n\r\n%login_url\r\n\r\nThis is a one-time login, so it can be used only once. It expires after one day and nothing will happen if it''s not used.\r\n\r\nAfter logging in, you will be redirected to %edit_uri so you can change your password.";'),
('user_mail_pass_subject', 's:52:"Replacement login information for %username at %site";'),
('user_mail_welcome_body', 's:683:"%username,\r\n\r\nThank you for registering at %site. You may now log in to %login_uri using the following username and password:\r\n\r\nusername: %username\r\npassword: %password\r\n\r\nYou may also log in by clicking on this link or copying and pasting it in your browser:\r\n\r\n%login_url\r\n\r\nThis is a one-time login, so it can be used only once.\r\n\r\nAfter logging in, you will be redirected to %edit_uri so you can change your password.\r\n\r\nYour new %site membership also enables to you to login to other Drupal powered websites (e.g. http://drupal.org/) without registering. Just use the following Drupal ID and password:\r\n\r\nDrupal ID: %username@%uri_brief\r\npassword: %password\r\n\r\n\r\n--  %site team";'),
('user_mail_welcome_subject', 's:38:"Account details for %username at %site";'),
('user_pictures', 's:1:"0";'),
('user_picture_default', 's:0:"";'),
('user_picture_dimensions', 's:5:"85x85";'),
('user_picture_file_size', 's:2:"30";'),
('user_picture_guidelines', 's:0:"";'),
('user_picture_path', 's:8:"pictures";'),
('user_register', 's:1:"0";'),
('user_registration_help', 's:0:"";'),
('watchdog_clear', 's:6:"604800";'),
('wipe', 's:13:"Re-index site";');

-- --------------------------------------------------------

-- 
-- Tabellenstruktur f端r Tabelle `vocabulary`
-- 

CREATE TABLE `vocabulary` (
  `vid` int(10) unsigned NOT NULL auto_increment,
  `name` varchar(255) NOT NULL default '',
  `description` longtext,
  `help` varchar(255) NOT NULL default '',
  `relations` tinyint(3) unsigned NOT NULL default '0',
  `hierarchy` tinyint(3) unsigned NOT NULL default '0',
  `multiple` tinyint(3) unsigned NOT NULL default '0',
  `required` tinyint(3) unsigned NOT NULL default '0',
  `tags` tinyint(3) unsigned NOT NULL default '0',
  `module` varchar(255) NOT NULL default '',
  `weight` tinyint(4) NOT NULL default '0',
  PRIMARY KEY  (`vid`)
) ENGINE=InnoDB DEFAULT CHARSET=utf8 AUTO_INCREMENT=1 ;

-- 
-- Daten f端r Tabelle `vocabulary`
-- 


-- --------------------------------------------------------

-- 
-- Tabellenstruktur f端r Tabelle `vocabulary_node_types`
-- 

CREATE TABLE `vocabulary_node_types` (
  `vid` int(10) unsigned NOT NULL default '0',
  `type` varchar(32) NOT NULL default '',
  PRIMARY KEY  (`vid`,`type`)
) ENGINE=InnoDB DEFAULT CHARSET=utf8;

-- 
-- Daten f端r Tabelle `vocabulary_node_types`
-- 


-- --------------------------------------------------------

-- 
-- Tabellenstruktur f端r Tabelle `watchdog`
-- 

CREATE TABLE `watchdog` (
  `wid` int(5) NOT NULL auto_increment,
  `uid` int(10) NOT NULL default '0',
  `type` varchar(16) NOT NULL default '',
  `message` longtext NOT NULL,
  `severity` tinyint(3) unsigned NOT NULL default '0',
  `link` varchar(255) NOT NULL default '',
  `location` varchar(128) NOT NULL default '',
  `referer` varchar(128) NOT NULL default '',
  `hostname` varchar(128) NOT NULL default '',
  `timestamp` int(11) NOT NULL default '0',
  PRIMARY KEY  (`wid`)
) ENGINE=InnoDB DEFAULT CHARSET=utf8 AUTO_INCREMENT=256 ;

-- 
-- Daten f端r Tabelle `watchdog`
-- 

INSERT INTO `watchdog` (`wid`, `uid`, `type`, `message`, `severity`, `link`, `location`, `referer`, `hostname`, `timestamp`) VALUES 
(205, 0, 'cron', 'Cron run completed', 0, '', 'http://argonautsvn.berlios.de/cron.php', '', '195.37.77.140', 1165589758),
(206, 0, 'cron', 'Cron run completed', 0, '', 'http://argonautsvn.berlios.de/cron.php', '', '195.37.77.140', 1165604161),
(207, 0, 'cron', 'Cron run completed', 0, '', 'http://argonautsvn.berlios.de/cron.php', '', '195.37.77.140', 1165618588),
(208, 0, 'cron', 'Cron run completed', 0, '', 'http://argonautsvn.berlios.de/cron.php', '', '195.37.77.140', 1165632965),
(209, 0, 'cron', 'Cron run completed', 0, '', 'http://argonautsvn.berlios.de/cron.php', '', '195.37.77.140', 1165647358),
(210, 0, 'cron', 'Cron run completed', 0, '', 'http://argonautsvn.berlios.de/cron.php', '', '195.37.77.140', 1165661760),
(211, 0, 'cron', 'Cron run completed', 0, '', 'http://argonautsvn.berlios.de/cron.php', '', '195.37.77.140', 1165676157),
(212, 0, 'cron', 'Cron run completed', 0, '', 'http://argonautsvn.berlios.de/cron.php', '', '195.37.77.140', 1165690747),
(213, 0, 'cron', 'Cron run completed', 0, '', 'http://argonautsvn.berlios.de/cron.php', '', '195.37.77.140', 1165704976),
(214, 0, 'cron', 'Cron run completed', 0, '', 'http://argonautsvn.berlios.de/cron.php', '', '195.37.77.140', 1165719491),
(215, 0, 'cron', 'Cron run completed', 0, '', 'http://argonautsvn.berlios.de/cron.php', '', '195.37.77.140', 1165733762),
(216, 0, 'cron', 'Cron run completed', 0, '', 'http://argonautsvn.berlios.de/cron.php', '', '195.37.77.140', 1165762556),
(217, 0, 'cron', 'Cron run completed', 0, '', 'http://argonautsvn.berlios.de/cron.php', '', '195.37.77.140', 1165776959),
(218, 0, 'cron', 'Cron run completed', 0, '', 'http://argonautsvn.berlios.de/cron.php', '', '195.37.77.140', 1165791381),
(219, 0, 'cron', 'Cron run completed', 0, '', 'http://argonautsvn.berlios.de/cron.php', '', '195.37.77.140', 1165805759),
(220, 0, 'cron', 'Cron run completed', 0, '', 'http://argonautsvn.berlios.de/cron.php', '', '195.37.77.140', 1165820153),
(221, 0, 'cron', 'Cron run completed', 0, '', 'http://argonautsvn.berlios.de/cron.php', '', '195.37.77.140', 1165834560),
(222, 0, 'cron', 'Cron run completed', 0, '', 'http://argonautsvn.berlios.de/cron.php', '', '195.37.77.140', 1165848957),
(223, 0, 'cron', 'Cron run completed', 0, '', 'http://argonautsvn.berlios.de/cron.php', '', '195.37.77.140', 1165863355),
(224, 0, 'cron', 'Cron run completed', 0, '', 'http://argonautsvn.berlios.de/cron.php', '', '195.37.77.140', 1165877796),
(225, 0, 'cron', 'Cron run completed', 0, '', 'http://argonautsvn.berlios.de/cron.php', '', '195.37.77.140', 1165892158),
(226, 0, 'cron', 'Cron run completed', 0, '', 'http://argonautsvn.berlios.de/cron.php', '', '195.37.77.140', 1165906552),
(227, 0, 'cron', 'Cron run completed', 0, '', 'http://argonautsvn.berlios.de/cron.php', '', '195.37.77.140', 1165920957),
(228, 0, 'cron', 'Cron run completed', 0, '', 'http://argonautsvn.berlios.de/cron.php', '', '195.37.77.140', 1165935354),
(229, 0, 'cron', 'Cron run completed', 0, '', 'http://argonautsvn.berlios.de/cron.php', '', '195.37.77.140', 1165949756),
(230, 0, 'cron', 'Cron run completed', 0, '', 'http://argonautsvn.berlios.de/cron.php', '', '195.37.77.140', 1165964191),
(231, 0, 'cron', 'Cron run completed', 0, '', 'http://argonautsvn.berlios.de/cron.php', '', '195.37.77.140', 1165978558),
(232, 0, 'cron', 'Cron run completed', 0, '', 'http://argonautsvn.berlios.de/cron.php', '', '195.37.77.140', 1165992952),
(233, 0, 'cron', 'Cron run completed', 0, '', 'http://argonautsvn.berlios.de/cron.php', '', '195.37.77.140', 1166007354),
(234, 0, 'cron', 'Cron run completed', 0, '', 'http://argonautsvn.berlios.de/cron.php', '', '195.37.77.140', 1166021753),
(235, 2, 'user', 'Session closed for <em>phw</em>.', 0, '', 'http://argonautsvn.berlios.de/logout', 'http://argonautsvn.berlios.de/admin/path', '62.214.254.208', 1166029075),
(236, 1, 'user', 'Session opened for <em>admin</em>.', 0, '', 'http://argonautsvn.berlios.de/node?destination=', 'http://argonautsvn.berlios.de/', '62.214.254.208', 1166029081),
(237, 1, 'page not found', '<em>favicon.ico</em> not found.', 1, '', 'http://argonautsvn.berlios.de/favicon.ico', '', '62.214.254.208', 1166029406),
(238, 0, 'page not found', '<em>noexist_3bed9fc1cccb774e.html</em> not found.', 1, '', 'http://argonautsvn.berlios.de/noexist_3bed9fc1cccb774e.html', '', '64.233.172.18', 1166029417),
(239, 1, 'page not found', '<em>favicon.ico</em> not found.', 1, '', 'http://argonautsvn.berlios.de/favicon.ico', '', '62.214.254.208', 1166029417),
(240, 0, 'gsitemap', 'Sitemap downloaded by Google.', 0, '', 'http://argonautsvn.berlios.de/sitemap.xml', '', '66.249.72.111', 1166029466),
(241, 1, 'page not found', '<em>favicon.ico</em> not found.', 1, '', 'http://argonautsvn.berlios.de/favicon.ico', '', '62.214.254.208', 1166029507),
(242, 1, 'gsitemap', 'Sitemap downloaded by Mozilla/5.0 (Windows; U; Windows NT 5.1; de; rv:1.8.1) Gecko/20061010 Firefox/2.0 at 62.214.254.208.', 0, '', 'http://argonautsvn.berlios.de/sitemap.xml', '', '62.214.254.208', 1166029512),
(243, 1, 'user', 'Session closed for <em>admin</em>.', 0, '', 'http://argonautsvn.berlios.de/logout', 'http://argonautsvn.berlios.de/admin/logs/referrers', '62.214.254.208', 1166029652),
(244, 2, 'user', 'Session opened for <em>phw</em>.', 0, '', 'http://argonautsvn.berlios.de/node?destination=', 'http://argonautsvn.berlios.de/', '62.214.254.208', 1166029797),
(245, 2, 'page not found', '<em>stats</em> not found.', 1, '', 'http://argonautsvn.berlios.de/stats', '', '62.214.254.208', 1166030530),
(246, 0, 'cron', 'Cron run completed', 0, '', 'http://argonautsvn.berlios.de/cron.php', '', '195.37.77.140', 1166050584),
(247, 0, 'cron', 'Cron run completed', 0, '', 'http://argonautsvn.berlios.de/cron.php', '', '195.37.77.140', 1166079351),
(248, 0, 'cron', 'Cron run completed', 0, '', 'http://argonautsvn.berlios.de/cron.php', '', '195.37.77.140', 1166108167),
(249, 0, 'cron', 'Cron run completed', 0, '', 'http://argonautsvn.berlios.de/cron.php', '', '195.37.77.140', 1166137002),
(250, 0, 'cron', 'Cron run completed', 0, '', 'http://argonautsvn.berlios.de/cron.php', '', '195.37.77.140', 1166165749),
(251, 0, 'cron', 'Cron run completed', 0, '', 'http://argonautsvn.berlios.de/cron.php', '', '195.37.77.140', 1166194551),
(252, 2, 'user', 'Session closed for <em>phw</em>.', 0, '', 'http://argonautsvn.berlios.de/logout', 'http://argonautsvn.berlios.de/', '62.214.248.182', 1166202785),
(253, 1, 'user', 'Session opened for <em>admin</em>.', 0, '', 'http://argonautsvn.berlios.de/node?destination=', 'http://argonautsvn.berlios.de/', '62.214.248.182', 1166202790),
(254, 2, 'user', 'Session closed for <em>phw</em>.', 0, '', 'http://argonautsvn.berlios.de/logout', 'http://argonautsvn.berlios.de/admin/modules', '62.214.248.182', 1166204756),
(255, 2, 'user', 'Session opened for <em>phw</em>.', 0, '', 'http://argonautsvn.berlios.de/node?destination=', 'http://argonautsvn.berlios.de/', '62.214.248.182', 1166204777);
